model_tag,target,experiment,learner,cv,R2_mean,R2_std,R2_median,R2_min,R2_max,MAE_mean,MAE_std,MAE_median,MAE_min,MAE_max,RMSE_mean,RMSE_std,RMSE_median,RMSE_min,RMSE_max,MRE_mean,MRE_std,MRE_median,MRE_min,MRE_max,ΔR2_mean,ΔR2_std,ΔR2_median,ΔR2_min,ΔR2_max,ΔMAE_mean,ΔMAE_std,ΔMAE_median,ΔMAE_min,ΔMAE_max,ΔRMSE_mean,ΔRMSE_std,ΔRMSE_median,ΔRMSE_min,ΔRMSE_max,ΔMRE_mean,ΔMRE_std,ΔMRE_median,ΔMRE_min,ΔMRE_max
data_EleutherAI_gpt-neox-20b,Target_throughput_tokens_per_sec,M1_no_interaction,dcpl_gate=ridge,split80_20,0.5853448832587415,0.02225649184692667,0.5833830439819649,0.52996335268203,0.6197585932713245,133.9620116347282,1.622061606169239,133.856310383245,130.72666786698468,137.52365134506226,379.1020090826834,11.494626825229144,381.2024495986707,352.8660273389552,403.86542963816026,227.22418291300633,7.613077075620131,226.02613226561903,214.59799848240584,244.74762702663844,0.0,0.0,0.0,0.0,0.0,0.0,0.0,0.0,0.0,0.0,0.0,0.0,0.0,0.0,0.0,0.0,0.0,0.0,0.0,0.0
data_EleutherAI_gpt-neox-20b,Target_throughput_tokens_per_sec,M2a_add_AIxNonAI,dcpl_gate=ridge,split80_20,0.585333917084775,0.02225221142057559,0.583334048808899,0.5299752893577623,0.619755323493015,133.95211032932403,1.7748974292092086,133.7509305044316,129.7899787551934,137.5038749508092,379.1072163890643,11.497648041412113,381.20848300375894,352.8695223610985,403.8823316440177,225.66465630490123,7.76130780474051,225.93524630880705,209.24404413018317,238.47906381306137,-1.0966173966400931e-05,4.990002680626342e-05,-4.26405371661831e-06,-0.0001524031240586,0.0001480127354589,-0.009901305404180029,0.5757232970391533,0.027307347589740454,-2.0481132319505093,1.2378519565146746,0.00520730638091133,0.022560549809913576,0.00188536297022775,-0.0634468892505992,0.0711159596016273,-1.5595266081051098,3.8274094921963604,-0.3400571942694768,-13.90229298949285,2.0063664925217495
data_EleutherAI_gpt-neox-20b,Target_throughput_tokens_per_sec,M2b_add_AIxN_and_AIxW,dcpl_gate=ridge,split80_20,0.5856619832228719,0.021650890106902784,0.5844822883268241,0.5323495899975274,0.6194256778534182,133.9023558022595,1.757722935574146,133.9237451970577,129.90579204922332,137.3093385067965,378.9573014643159,11.036658001690236,380.8222129919877,354.05429810147433,402.9114970836745,225.64758699976704,7.81488426184059,226.1110245882208,208.95412353834777,239.04888519308685,0.00031709996413046063,0.00189735187717754,0.0005600718527814001,-0.005563733097486,0.004467893516067,-0.05965583246870664,0.6184732466473505,0.0012643920483271006,-1.9322999379205896,1.324160110661893,-0.14470761836749943,0.8772926523593376,-0.2590522843784129,-2.042103031675765,2.5943531920373744,-1.5765959132393117,3.937316658462888,-0.44454481147300834,-14.551059193620915,2.02086383585629
data_EleutherAI_gpt-neox-20b,Target_throughput_tokens_per_sec,M3_full,dcpl_gate=ridge,split80_20,0.5992034657442353,0.023165861940732703,0.5986308932937532,0.5384846909281505,0.6359267443296575,130.17843656576375,1.6598848689898005,130.43665009291408,127.44546990369544,133.35513708242993,372.6777586968501,11.432999650256944,373.5226227552939,346.6049334722369,398.41501577118447,175.50441268251456,5.700249823251261,175.78789159038251,164.21259069576772,184.0133440292377,0.013858582485493895,0.0039158898769654366,0.01432813035588,0.0039620637985269,0.0210044907456912,-3.783575068964481,0.5072088319751669,-3.720513132739015,-4.752403005619925,-2.9382174654808466,-6.424250385833318,1.9028485910584807,-6.565370207776624,-9.92185691131482,-1.8000827097774843,-51.719770230491804,7.670439442605948,-50.498356182333,-68.27996295849434,-38.77336714103171
data_Salesforce_codegen2-16B,Target_throughput_tokens_per_sec,M1_no_interaction,dcpl_gate=ridge,split80_20,0.3167529832700396,0.09571838776622052,0.33608342716538153,-0.0139977610497794,0.429071029471,125.05621706087665,8.628377212332573,123.27231177000904,113.63793000844426,150.75893154221356,328.1911809679465,38.582205902674225,325.9878655613933,272.0838210614934,406.0786884218698,656.5625320307304,106.85129286042283,636.260610253812,502.01523960302205,1005.5058832968916,0.0,0.0,0.0,0.0,0.0,0.0,0.0,0.0,0.0,0.0,0.0,0.0,0.0,0.0,0.0,0.0,0.0,0.0,0.0,0.0
data_Salesforce_codegen2-16B,Target_throughput_tokens_per_sec,M2a_add_AIxNonAI,dcpl_gate=ridge,split80_20,0.31461848853582197,0.0969000585807267,0.3315617959783182,-0.0186508050070237,0.4294362752529588,126.63458027503106,15.414952075661871,123.62262567521702,101.74369433243734,195.2303009543062,328.6861016132706,38.74895687904831,325.93917108847836,272.7233885492161,406.009512061101,678.6056453780831,238.93991745298834,645.4090168362543,224.68704887965148,1759.5791675675837,-0.0021344947342176275,0.009605392350919532,8.808824942196924e-06,-0.0520053514906997,0.0010774757048794,1.578363214154398,8.874234025198495,0.25836242891706007,-12.652083541187366,44.47136941209263,0.494920645324108,2.3584770693252213,-0.002185576481537,-0.290688130363776,12.82244059661923,22.043113347352595,181.50349094089518,6.725564349169815,-510.67576668465085,754.0732842706917
data_Salesforce_codegen2-16B,Target_throughput_tokens_per_sec,M2b_add_AIxN_and_AIxW,dcpl_gate=ridge,split80_20,0.3194798574276422,0.09772772548245486,0.34658345619093256,-0.0143347525044894,0.4410109292575469,126.0442359939061,14.928985037217283,123.19352066515772,100.04545611835216,190.2403308944895,327.5343276250347,39.07933939008754,325.8715710397687,264.6314355867517,401.9088735723545,669.2718609039299,231.2803490354318,648.01366339897,223.9882839584064,1684.8267752749014,0.0027268741576025766,0.01289815460482849,0.00163370831935935,-0.0399020397210497,0.0355152205175691,0.988018933029457,8.316055126554394,-0.04292622258423505,-14.350321755272546,39.48139935227593,-0.6568533429118057,3.129432985779179,-0.4561357553281482,-7.452385474741675,9.879355861052034,12.709328873199487,174.33206574047298,-3.3517695544017556,-511.37453160589587,679.3208919780096
data_Salesforce_codegen2-16B,Target_throughput_tokens_per_sec,M3_full,dcpl_gate=ridge,split80_20,0.3191445012641278,0.09825731719917974,0.34595010598415976,-0.0087983234884971,0.4375898665867073,125.95917960273955,14.788873385955267,123.18837733822086,99.5724487392375,189.1795478948291,327.64309778086215,39.43544008730996,326.82049351931744,263.12589294585734,402.8722657322814,665.6288083871704,229.78666061507923,637.9038572010527,204.6506700534624,1662.1260807689173,0.0023915179940881765,0.015261994342789364,0.00124062304956725,-0.0414134684091644,0.0425703111507451,0.9029625418628981,8.129023391575274,-0.12571941587788865,-14.823329134387208,38.42061635261558,-0.5480831870843588,3.6644695861949197,-0.32451229417276295,-8.957928115636037,10.248204225142215,9.066276356439941,173.31724712642384,-2.2527010260128577,-530.71214551084,656.6201974720256
data_bigcode_starcoder,Target_throughput_tokens_per_sec,M1_no_interaction,dcpl_gate=ridge,split80_20,0.6015677036568234,0.015272819092480013,0.5993898943759246,0.5787995782842843,0.6434091625727756,139.10852584062303,1.4830255229222344,139.115188773247,135.76399045711997,142.46632252514826,389.4264599358138,10.886683832003138,390.8161810391128,360.4164211665177,414.5887987323901,141.53045803062614,2.2256064119110297,141.52312263532897,135.8542245710151,146.81835695175846,0.0,0.0,0.0,0.0,0.0,0.0,0.0,0.0,0.0,0.0,0.0,0.0,0.0,0.0,0.0,0.0,0.0,0.0,0.0,0.0
data_bigcode_starcoder,Target_throughput_tokens_per_sec,M2a_add_AIxNonAI,dcpl_gate=ridge,split80_20,0.6015603647599005,0.015271166351995746,0.5994080000877121,0.5787981656569865,0.6434192301362776,139.03045976267157,1.486790104463764,138.9967953039705,135.57964611686245,142.42425357353062,389.43003684359604,10.885164782782564,390.81551492039125,360.41133334535465,414.58815505923934,141.12491130317773,2.607924383213202,141.1098254654093,136.659052806464,146.88653565782883,-7.338896922890468e-06,2.820243070206078e-05,-2.8162059865777245e-06,-0.0001108264570993,5.6353842645018304e-05,-0.07806607795145434,0.5427797139174727,-0.06906590512414815,-1.122637818578795,1.386057695179062,0.0035769077822616602,0.013546070596009398,0.0013770439269933,-0.027939021594534,0.0518611535720197,-0.40554672744841297,1.5087528392314202,-0.09761409116437389,-3.757987771339572,3.222670630858943
data_bigcode_starcoder,Target_throughput_tokens_per_sec,M2b_add_AIxN_and_AIxW,dcpl_gate=ridge,split80_20,0.6019975360409341,0.015531326375493159,0.5991489686576801,0.5815443579845416,0.6452991747967896,138.9801077073542,1.5090781218441907,139.047106042822,135.51491319890482,142.43265902966695,389.2165773410658,11.091231547068299,390.8153029460949,359.46000783871875,415.1191409451972,141.11069752940836,2.5937911024945173,141.16766698366933,136.67532646855366,147.01455507389352,0.0004298323841106087,0.0012814282355765258,0.00056263111871235,-0.0025368806026423,0.0027447797002573,-0.12841813326885282,0.5357028425609127,-0.0595799338132678,-1.3112963431152025,1.2434466440617769,-0.20988259474801224,0.6267690162701142,-0.26110349264820343,-1.34439262025694,1.2049231396028404,-0.4197605012177879,1.490930995688958,-0.11976392397950515,-3.9064966617274024,2.7457658986637057
data_bigcode_starcoder,Target_throughput_tokens_per_sec,M3_full,dcpl_gate=ridge,split80_20,0.6310861206272095,0.015453577240473252,0.6305765487205991,0.6017488077810226,0.6687403225858797,130.74203309361516,1.6051067696571748,130.72699819815762,127.20220396521964,134.54202240554164,374.7125622023471,10.999793451937219,376.4580303098027,347.3791653267031,398.4021155009973,112.38920178324231,2.2883469181872163,111.89672322600062,108.50852894245202,117.27031007967403,0.029518416970385906,0.005501323612432211,0.0303293034837418,0.0187099903059472,0.0454339448464096,-8.366492747007873,0.5901608478750876,-8.372754589216697,-9.461287860038285,-7.104174617437138,-14.713897733466643,2.7403411173405727,-14.62575795941683,-22.189494503340597,-8.74763166451612,-29.141256247383822,2.1825098353430143,-28.996696979854953,-33.34488935478866,-23.974433518074264
data_bigscience_mt0-xxl,Target_throughput_tokens_per_sec,M1_no_interaction,dcpl_gate=ridge,split80_20,0.38250079727287595,0.04617306226461419,0.3871979986675115,0.2571180324012851,0.4700928844938042,163.92039160325868,8.218390315970703,164.08312813122825,148.1550845501954,182.87964235098016,413.05914490501357,39.61678659438393,408.039324261548,344.60180559903057,511.18445982399544,279.0298459257355,17.08934637014646,280.2153748881931,240.9071334618754,324.21364008823423,0.0,0.0,0.0,0.0,0.0,0.0,0.0,0.0,0.0,0.0,0.0,0.0,0.0,0.0,0.0,0.0,0.0,0.0,0.0,0.0
data_bigscience_mt0-xxl,Target_throughput_tokens_per_sec,M2a_add_AIxNonAI,dcpl_gate=ridge,split80_20,0.3823753294276127,0.04632259785242779,0.38673902640313923,0.2565841142270312,0.470062339826057,163.79001359610888,8.229744609136215,163.00447878180864,146.4773088177856,181.73303476553036,413.09925807727717,39.6385620630824,408.0624098566236,344.5003223313653,511.392855706939,278.6307940396002,16.43494311302956,278.91714957568513,240.57509694106764,317.5846028509455,-0.0001254678452632181,0.0003600052989046567,-2.0245243005756475e-05,-0.0013267865791264,0.0007347775108014,-0.1303780071498077,1.2251135458805835,0.006602853579309449,-2.8282557336371212,3.064670140566875,0.04011317226357769,0.11667610749179083,0.00747684384842265,-0.2497026939613533,0.4139817747228562,-0.3990518861353129,7.18230932033429,-0.5652499529484771,-15.707535541188747,15.106914914386834
data_bigscience_mt0-xxl,Target_throughput_tokens_per_sec,M2b_add_AIxN_and_AIxW,dcpl_gate=ridge,split80_20,0.38133110743358645,0.046222795124151686,0.3912820349385629,0.2540072382380135,0.4647122088103822,163.7002142511355,8.195609570606965,162.86220436642662,146.20965008206375,181.60515067384796,413.4290559430175,39.36102154289536,410.0152738025091,344.4187461450604,512.5003120764611,276.72102917057896,15.875778470208749,276.4524544140432,240.1087327571882,315.3239829467792,-0.0011696898392895164,0.00627569225738747,-0.0013396945740729,-0.0174332115550269,0.0161995357388553,-0.2201773521231947,1.4359860965279772,-0.1692560023764571,-2.9142935800446708,3.152412225124749,0.36991103800393527,2.1182605728211383,0.4263523598772849,-6.302767753829812,5.2839539737558425,-2.3088167551565446,7.212945164441532,-1.9242262357095399,-17.31049110037543,11.716128658736809
data_bigscience_mt0-xxl,Target_throughput_tokens_per_sec,M3_full,dcpl_gate=ridge,split80_20,0.3897980130995908,0.049245864721134854,0.39253526008198514,0.2499829611960452,0.482037008938468,164.34077810877002,8.45902407559263,164.80328753429953,148.2118202980999,181.750968600106,410.57916368279604,39.92741662047409,406.5182808104074,345.3690005377088,505.7799565567038,264.0008423683578,16.730887059330154,266.06542952774055,230.84735970810297,301.30196531991504,0.00729721582671483,0.018359666220400177,0.01113423150199825,-0.0383022781619944,0.043703459582682,0.4203865055113691,1.9136850913403631,0.32298297707136214,-3.3523654946827435,5.76745907726081,-2.4799812222175546,6.10267561144903,-3.798621678242114,-14.211944582982142,13.499210557404922,-15.029003557377761,8.646057597458297,-14.913523049325335,-30.70221962342214,2.4546996218379036
data_google_flan-t5-xl,Target_throughput_tokens_per_sec,M1_no_interaction,dcpl_gate=ridge,split80_20,0.6398662757372597,0.015401699124380908,0.6417726522384514,0.6003941472549605,0.6709686633988398,87.76915306196138,0.9615610292451039,87.51261649726347,85.89383117051466,89.88501626171674,260.7897712035042,8.435170042708524,260.18012315262814,242.87627208891843,281.07243614467706,146.5604179489903,2.130590707639842,145.95803005639945,142.8635851657709,151.5977909865921,0.0,0.0,0.0,0.0,0.0,0.0,0.0,0.0,0.0,0.0,0.0,0.0,0.0,0.0,0.0,0.0,0.0,0.0,0.0,0.0
data_google_flan-t5-xl,Target_throughput_tokens_per_sec,M2a_add_AIxNonAI,dcpl_gate=ridge,split80_20,0.6398597711055695,0.015398686216417,0.641753973434773,0.6004276544882179,0.670968576880567,87.77233560979059,1.0165362618867364,87.4981827293121,85.89538006041255,89.96581231098496,260.79218156487406,8.435541314524432,260.1857167725738,242.87630402088337,281.0748224204774,146.72180552347356,2.2349637536410696,146.11495115620767,143.53861888990528,151.88851535684284,-6.5046316903146405e-06,2.00576608726318e-05,-1.635351006445962e-06,-6.231541472634383e-05,3.350723325734606e-05,0.003182547829207754,0.14996136684524217,0.00607869779131675,-0.4507768590042502,0.3609269409470812,0.002410361369893116,0.007151656179022973,0.0005835617260032001,-0.0109906160060404,0.0220040367810838,0.16138757448324745,1.1302516356165326,0.12050987347082295,-2.897383024763343,2.906286544609344
data_google_flan-t5-xl,Target_throughput_tokens_per_sec,M2b_add_AIxN_and_AIxW,dcpl_gate=ridge,split80_20,0.6399168979200174,0.015409779179213694,0.6412220753711333,0.6004360460191781,0.670780065742171,87.76950846552674,1.0441268676299724,87.47577532798782,85.8978181479262,89.98672836747126,260.7767086674273,8.609681543105046,260.2416451122284,242.94586931065004,281.19205585208755,146.71274732281225,2.273076084555576,146.02574404819114,143.544298667904,152.06080301967722,5.062218275769923e-05,0.0016423216248852505,-0.00013441352393685002,-0.0020060020351683,0.0064315691061913,0.0003554035653602655,0.17300857671398173,0.0087785641021298,-0.449173897138678,0.3714872864020435,-0.013062536076932007,0.5974950987941491,0.05026385911894235,-2.3700587035482386,0.752334649698355,0.15232937382189296,1.144873167850775,0.09958318602171795,-2.8817982288898634,2.9264886654640634
data_google_flan-t5-xl,Target_throughput_tokens_per_sec,M3_full,dcpl_gate=ridge,split80_20,0.6581129807606171,0.015575501394637216,0.6625378781513147,0.6180735185492041,0.6892478088168972,85.80430341846471,1.130279056471321,85.69220303682951,83.58267464689361,87.88927139294536,254.08478933520118,8.293140636204546,253.36666173714104,236.03345158916633,271.31977592467786,132.75005406442978,2.0720205191830643,132.42542100455614,129.1577980008532,136.7930088465821,0.01824670502335737,0.006643478949647082,0.01850486328930305,0.0047176359120763,0.0333544610102907,-1.964849643496658,0.3222799910719593,-1.948550963644493,-2.6833108490896365,-1.3574600167547004,-6.704981868303,2.4618612721555655,-6.882112315580741,-11.702045112750511,-1.730797715518264,-13.810363884560559,2.0095874228407937,-13.56058915458675,-18.80471307743099,-10.459787691373066
data_google_flan-t5-xxl,Target_throughput_tokens_per_sec,M1_no_interaction,dcpl_gate=ridge,split80_20,0.6358012420241691,0.022046963210516912,0.6317490697337971,0.5965098528811643,0.686428263827636,85.27564282227353,1.466459244604275,84.85326192148034,82.82786690825847,88.95805530558118,247.83475942383336,11.669572300162836,247.1871775264833,227.33968535554052,273.03818701641535,194.9024834360009,3.236022048958716,194.36943943657644,187.13667830944817,203.33117271322564,0.0,0.0,0.0,0.0,0.0,0.0,0.0,0.0,0.0,0.0,0.0,0.0,0.0,0.0,0.0,0.0,0.0,0.0,0.0,0.0
data_google_flan-t5-xxl,Target_throughput_tokens_per_sec,M2a_add_AIxNonAI,dcpl_gate=ridge,split80_20,0.6357971057421867,0.022042721197652302,0.6317484024532614,0.5965044776040154,0.686426190744692,85.33337907110293,1.4813528614091283,84.83745051658777,83.34224721634496,88.99340008623452,247.8362151822074,11.668721611802399,247.1930356097954,227.35319832084863,273.0360613402156,195.52554919513008,3.303948781402358,194.95141240171023,187.8214469734978,202.063935207782,-4.136281982403123e-06,2.0742797720560353e-05,-3.0337376538125405e-06,-7.900038993347014e-05,5.012262479975327e-05,0.05773624882941231,0.21239190391827767,0.004984163969204709,-0.2741147898967995,0.7667431808374943,0.001455758374051643,0.006957407647560482,0.0010721270011657,-0.0168279694374575,0.02616645947964,0.6230657591291588,1.878170416123177,0.26695096067031443,-1.6743848229153857,5.2297015438779795
data_google_flan-t5-xxl,Target_throughput_tokens_per_sec,M2b_add_AIxN_and_AIxW,dcpl_gate=ridge,split80_20,0.6358654995158193,0.023041434403532617,0.6324227411678766,0.5887457369873185,0.6887644378264828,85.30977915260804,1.4862103643557203,84.76972482197544,83.28769566793513,88.97016775869041,247.8000103685139,11.822963390706354,246.8357399319002,227.36957415089455,272.8487172163454,195.55432931036083,3.440792945866532,195.11455223744474,187.76594182108383,202.54684866982169,6.425749165003903e-05,0.0020435581885099594,0.0002557405612193,-0.0085991903843447,0.0031126978132551,0.034136330334515685,0.22575168841594992,0.005522941516829799,-0.2582253370878078,0.7735173461543212,-0.03474905531945183,0.6631985796870118,-0.0844799225436645,-1.040612332496096,2.7171449666109027,0.6518458743599145,1.8311297379176559,0.2755792673960116,-1.7797953814307448,5.578541942616425
data_google_flan-t5-xxl,Target_throughput_tokens_per_sec,M3_full,dcpl_gate=ridge,split80_20,0.6531645154122987,0.02235942301457341,0.652789564888818,0.6127301880432496,0.705669814946974,83.43387174299961,1.4323810417251455,82.9877000107963,81.53053923436907,86.93260234735446,241.78562766001093,10.453708816618986,240.38018364527872,221.42541014599695,263.5926296896749,168.26536781933706,4.444942141397067,166.8439397535439,161.02477685058997,178.96139238937465,0.01736327338812956,0.009054678937362233,0.0188803079359678,-0.012606465108672,0.0322668952917529,-1.8417710792739064,0.43972244817882156,-1.8966480655136169,-2.7784991926257305,-0.5166614432302907,-6.0491317638224125,3.133099523690177,-6.347320814741849,-11.88606672053018,3.961796262866585,-26.63711561666385,3.6259190240834664,-26.9055865831167,-32.2808293194571,-15.40924163750634
data_google_flan-ul2,Target_throughput_tokens_per_sec,M1_no_interaction,dcpl_gate=ridge,split80_20,0.635751900385306,0.05127591651196609,0.6424697044947232,0.4151759133736407,0.6864663819562109,79.49788800921098,1.6769199645445765,79.71728702066892,75.5742965570827,82.52817318630012,224.99322664920547,14.889654831935825,220.6260889281795,205.7548504042874,279.3850229954498,177.99729100300843,3.9002691852812794,178.21635271150456,171.68324154828156,188.43009386640847,0.0,0.0,0.0,0.0,0.0,0.0,0.0,0.0,0.0,0.0,0.0,0.0,0.0,0.0,0.0,0.0,0.0,0.0,0.0,0.0
data_google_flan-ul2,Target_throughput_tokens_per_sec,M2a_add_AIxNonAI,dcpl_gate=ridge,split80_20,0.6357403152261056,0.05129475702268012,0.642463581775566,0.415059200113088,0.6864921581830257,79.6334110324145,1.8961187090075031,79.538236693165,75.56196386537141,83.3914693135018,224.99645848814026,14.893002963311945,220.63007496293406,205.75845876984496,279.4129000194994,179.38740699633553,6.514899029382995,179.08927880772026,165.7393831581989,201.9511458690805,-1.1585159200269775e-05,3.752579647959408e-05,-7.164040627838375e-06,-0.0001167132605526,5.396736210794284e-05,0.13552302320352444,0.6196153423211325,0.00358800977109295,-0.5330183412998792,2.9307012749070793,0.0032318389347655587,0.011004354827537758,0.00210093496549745,-0.0185548826465264,0.0286842721775713,1.3901159933270795,6.347455643630151,0.13954700315669294,-5.943858390082653,30.15580224572426
data_google_flan-ul2,Target_throughput_tokens_per_sec,M2b_add_AIxN_and_AIxW,dcpl_gate=ridge,split80_20,0.6361135727150801,0.0526801989020182,0.6448222407437579,0.412246213321042,0.6859799764005489,79.60023305906071,1.9831829668424323,79.45128798891994,75.60515893858982,83.85901401942894,224.85081598208555,15.28405130039321,220.6014818741499,205.8741541900443,280.0839440895743,179.33603479511174,6.876901388067855,178.76284491859812,165.99020888207846,204.8992186914367,0.0003616723297740767,0.00318310779556594,-0.00034073715291215,-0.0059864043935558,0.0088298103369695,0.10234504984973351,0.7238763968102715,-0.00494935683286,-0.8758479653585454,3.3982459808342185,-0.14241066711991265,1.017703052631556,0.09885326247605515,-3.0561341118219616,1.9613443731130928,1.338743792103323,6.873630210849446,0.07956804518174469,-5.693032666203095,33.10387506808044
data_google_flan-ul2,Target_throughput_tokens_per_sec,M3_full,dcpl_gate=ridge,split80_20,0.6357708522711107,0.05469397620574705,0.6456631489148374,0.4104303365658044,0.689537282803075,78.85175515202839,2.00769109853366,78.6539180306917,74.5903094100244,83.00288010535645,224.9042455908341,15.735822971248654,219.62752983970947,206.00997005246077,280.51627282141015,169.33493810334468,8.930466763078623,169.19166989498655,153.8243676446244,197.1656278958682,1.8951885804689966e-05,0.0074067324928319515,0.0011692906221611,-0.0280098729710979,0.0109864795410516,-0.6461328571825983,0.8030981350890453,-0.7966463957602059,-1.8803907455729956,2.5421120667617316,-0.08898105837139478,2.249407278430716,-0.37215114112517256,-3.325980735007164,8.180948857193698,-8.662352899663764,9.356986588935369,-10.88231124979147,-22.81322597295184,25.370284272511952
data_ibm_mpt-7b-instruct2,Target_throughput_tokens_per_sec,M1_no_interaction,dcpl_gate=ridge,split80_20,0.4381929904594502,0.042146748161776576,0.4408769851399343,0.3542381275050799,0.5086378271607774,204.2375834538293,7.937855139243402,204.32476684498562,187.804044416844,220.61466545191385,572.0550042307966,37.04249396032014,577.3284688139024,503.1859011325826,637.8655372848092,477.79763875725763,28.983928248586015,478.00914190029243,433.6030418159545,564.119214330457,0.0,0.0,0.0,0.0,0.0,0.0,0.0,0.0,0.0,0.0,0.0,0.0,0.0,0.0,0.0,0.0,0.0,0.0,0.0,0.0
data_ibm_mpt-7b-instruct2,Target_throughput_tokens_per_sec,M2a_add_AIxNonAI,dcpl_gate=ridge,split80_20,0.4382348003557335,0.04214300552516101,0.4409264116136294,0.3542832933585494,0.508697640882216,204.00862974556995,8.061417115940126,204.1774531552739,188.3353507826803,220.73856858451165,572.0335955129835,37.04133392619664,577.3239155890449,503.24207763507735,637.8770392659807,477.0593554723046,36.17665330887007,474.22871635400605,407.4888540507184,572.6575486869615,4.180989628331537e-05,0.00013429026470448223,1.8910909369673767e-05,-0.000129091457656,0.0005002460681287,-0.22895370825936448,1.5900028137727578,0.025365278405445148,-4.248119970498436,2.884801561705501,-0.021408717813109955,0.06545561164525425,-0.01029807460520255,-0.2225999311483519,0.0612955171333169,-0.7382832849529639,17.152531464391913,0.37273837967245527,-36.71914492585523,34.60378575405389
data_ibm_mpt-7b-instruct2,Target_throughput_tokens_per_sec,M2b_add_AIxN_and_AIxW,dcpl_gate=ridge,split80_20,0.4375073471654345,0.0412858506174465,0.4423247690994908,0.3543175172347628,0.5076367609769326,203.91017521876293,7.820465456979649,204.15199538175358,188.25818610363237,220.29838142636092,572.4073659939854,36.65394988951545,577.0351743114734,505.6820384284948,639.1531347402903,474.0179416854718,34.83568749734995,472.9992431229948,406.0479553384813,564.4316000755767,-0.0006856432940157279,0.005895937031231835,4.766376621612963e-05,-0.0215131218286298,0.0110834434697818,-0.32740823506638794,1.8778743303030427,0.04089514977471255,-4.665930808222953,3.1259790619939167,0.35236176318870593,2.933879411764035,-0.02520020451993335,-4.809564938368567,11.512260595331329,-3.7796970717858205,17.378951611779417,-0.9727232745060801,-38.16004363809242,33.247489457846086
data_ibm_mpt-7b-instruct2,Target_throughput_tokens_per_sec,M3_full,dcpl_gate=ridge,split80_20,0.43635615292887653,0.04201333831702036,0.4448178243518575,0.3501193278642583,0.5076910540646191,204.13975758346066,7.8368722064565395,204.42788934283408,188.22090873136065,220.41760242412337,572.9831238570374,36.86395992166418,576.0436271518914,505.6541567813803,640.1340685922078,476.17013928513904,37.87108514737498,473.0657611878947,390.928535681445,565.3469290251269,-0.001836837530573693,0.00843631202586333,0.00030879306829624997,-0.0348710330382245,0.0125893118948662,-0.09782587036866065,1.9979405623664377,0.2612746251470668,-4.624703517670923,3.4091554143903977,0.9281196262408723,4.269952029105025,-0.17446196270174139,-5.466253843736581,18.542696413038016,-1.6274994721185883,24.87632160469948,-5.723144542497437,-53.279463295128664,55.16207860552271
data_llama-13b,Target_throughput_tokens_per_sec,M1_no_interaction,dcpl_gate=ridge,split80_20,0.6058722521110093,0.01698330038797562,0.6070037698058887,0.5739968343515527,0.6314339837870133,141.0261408856887,2.1956553345767955,141.10746074151277,135.81886921745684,147.41774245385758,401.44148011545883,15.577176720202822,401.9384570695807,370.4262674679055,433.2152688823441,166.77008331249763,3.0304638358539377,166.93707388058465,158.76231441972132,173.0342963099299,0.0,0.0,0.0,0.0,0.0,0.0,0.0,0.0,0.0,0.0,0.0,0.0,0.0,0.0,0.0,0.0,0.0,0.0,0.0,0.0
data_llama-13b,Target_throughput_tokens_per_sec,M2a_add_AIxNonAI,dcpl_gate=ridge,split80_20,0.6058625851084322,0.01698919940662941,0.6069989863430091,0.5739575098182985,0.6314391889330822,141.1109389522655,2.332177027137494,141.16528647420841,134.76711573357304,147.25898522247724,401.4462543156968,15.576414351144454,401.9400410631552,370.42534414776406,433.2152452659619,166.99181710834247,3.1654296899701175,167.5353387684238,160.4781469801034,172.79522524116553,-9.667002577235401e-06,3.318028384747476e-05,-1.0728506854573716e-06,-0.0001513273451786,5.086281551913707e-05,0.0847980665768091,0.4641545701061352,-0.0117624763389727,-1.0517534838838003,1.565349887099586,0.004774200237979647,0.01644053242061344,0.0005327945977171,-0.0256181862469588,0.0742171774069788,0.2217337958448515,1.3406484709411153,0.12443019379298895,-3.480365032185432,3.019789631534451
data_llama-13b,Target_throughput_tokens_per_sec,M2b_add_AIxN_and_AIxW,dcpl_gate=ridge,split80_20,0.6061210883249083,0.01691554283215421,0.6074587949762957,0.5753836256557259,0.6321640562567417,141.06729333783807,2.29988716055435,141.12023133368004,134.6481790243461,147.0457542582228,401.3098207254774,15.403312662925064,401.89314934290394,370.20886310171096,432.4876394906595,166.97157927220331,3.170079941529875,167.4045712144967,160.566608417184,172.82308378679397,0.000248836213898951,0.001025798311964225,7.032848352633847e-05,-0.0019979471703692,0.0018788015237028,0.041152452149331484,0.4596918962653368,0.01069749746753245,-1.1706901931107438,1.3315553358016246,-0.13165938998140142,0.5208975108745858,-0.03583947662312425,-1.0137288802723106,1.025172863374905,0.2014959597056844,1.3359905356595927,0.203190342411645,-3.6082057177811464,2.84970331475293
data_llama-13b,Target_throughput_tokens_per_sec,M3_full,dcpl_gate=ridge,split80_20,0.6303725724604236,0.01695027026139135,0.6307487923403914,0.598133923057184,0.6583668856368787,134.0902622101677,2.299176155712791,134.02953325764338,128.38096526217254,140.25055135332062,388.68980658034855,13.677947751300954,388.88597446129086,365.15267518835753,415.9909107680782,133.33417477449038,3.062274158009727,133.17588957998052,127.30313389042804,141.54708376243408,0.024500320349414195,0.006809884032748807,0.02516104814353915,0.0049192607591608,0.0353487220201824,-6.935878675521015,0.7118289718514778,-6.932556205179992,-8.233077637310657,-5.323701088265125,-12.751673535110319,3.7757427999762423,-13.106394913928852,-19.02379159425317,-2.4568653298136383,-33.43590853800725,3.8048392363774806,-33.07441913876721,-41.4708456701328,-25.29369144468049
data_llama-7b,Target_throughput_tokens_per_sec,M1_no_interaction,dcpl_gate=ridge,split80_20,0.617330941808523,0.012820916385792285,0.6146392152413596,0.5978992238326634,0.6434493137870051,172.1973680903924,1.6266292831137155,172.19244697753533,168.71836446766508,175.2042998716639,496.10889468187054,10.779208867257532,494.06722604883475,476.8735552013157,520.5868636015958,148.9966979208416,1.3688931990794564,148.6794397645133,145.98417066398127,152.73585545893042,0.0,0.0,0.0,0.0,0.0,0.0,0.0,0.0,0.0,0.0,0.0,0.0,0.0,0.0,0.0,0.0,0.0,0.0,0.0,0.0
data_llama-7b,Target_throughput_tokens_per_sec,M2a_add_AIxNonAI,dcpl_gate=ridge,split80_20,0.6173214417727549,0.012820465936593063,0.6146393291996468,0.5978768524507867,0.6434462833749401,172.3771970173427,1.6766984871552828,172.23690946500435,168.5973635836221,175.4773127826897,496.11502222612637,10.777150755736312,494.0792302076012,476.889546305582,520.5882555749627,149.42448233448445,2.053238934956512,148.96537953221934,145.88726158029792,153.60035826098877,-9.500035768069312e-06,1.8648528764636292e-05,-3.5665583412725077e-06,-9.138770304517596e-05,9.611117854801954e-06,0.1798289269503139,0.6250193188275609,0.0225727749834874,-0.8222169285311338,2.6808730701627894,0.006127544255809841,0.011998376924404952,0.00235042073646235,-0.0059778661231462,0.0588988559347853,0.4277844136428598,1.4234617811877153,0.0964333798228693,-2.457077085348061,5.199844378222991
data_llama-7b,Target_throughput_tokens_per_sec,M2b_add_AIxN_and_AIxW,dcpl_gate=ridge,split80_20,0.6176430530598294,0.01312104672213938,0.6150146773124487,0.5965543207308107,0.6445555160980995,172.29636548284304,1.6354080086124914,172.24241979983964,168.60669821646212,175.43171992893195,495.898726676572,10.719303944223931,494.1948158369454,475.33470057248735,519.9716212997502,149.3474093145424,2.030249521668848,148.93092037342277,145.88906558624393,153.43473423738624,0.00031211125130644,0.0010248437086056348,0.00046247345395475,-0.0021466914137683,0.002494952888742,0.09899739245063967,0.5978978562148792,-0.052658426842228254,-0.6002370978319789,2.4331564174340485,-0.21016800529855004,0.6588646155050631,-0.2951004995372841,-1.5388546288283464,1.316315664435649,0.350711393700801,1.433229989512708,-0.0418806513322351,-2.3535331882248443,4.9919928081079945
data_llama-7b,Target_throughput_tokens_per_sec,M3_full,dcpl_gate=ridge,split80_20,0.6532838942848106,0.01536185778210688,0.6527385792072712,0.6238207571771867,0.6877926799179002,161.6030308095863,1.6436537557455009,161.43751506350094,158.76705234525315,166.1790687300281,472.11961531979455,9.571220874993617,471.5377798263029,456.0566427308284,493.7576052899779,119.30424944456514,2.2702002055447084,119.18218360116279,114.73557681929982,125.4674296609983,0.035952952476287714,0.00757389891714469,0.03610256659491755,0.0137159419338308,0.047855512612563,-10.594337280806114,0.7947800057972791,-10.705345892189513,-11.545999956721689,-8.229200171756702,-23.989279362075983,5.44893798745351,-23.900303429156963,-34.375014693307094,-8.607283319620535,-29.692448476276464,2.1123099951391073,-29.72715806326491,-34.64566721656435,-24.72663552994041
