model_n_parameters,model_n_layers,model_n_heads,model_n_positions,model_vocabulary_size,model_relative_attention_max_distance,model_relative_attention_n_buckets,model_is_flash_attention,model_is_encoder_decoder,model_type_codegen,model_type_gpt_bigcode,model_type_gpt_neox,model_type_llama,model_type_mpt,model_type_mt5,model_type_t5,model_torch_dtype_bfloat16,model_torch_dtype_float16,model_torch_dtype_float32,gpu_n_cuda_cores,gpu_n_tensor_cores,gpu_n_rt_cores,gpu_n_sms,gpu_n_rops,gpu_n_tmus,gpu_tflops_cuda_fp32,gpu_tflops_cuda_fp64,gpu_tflops_cuda_mixed,gpu_tflops_tc_fp16,gpu_tflops_tc_bf16,gpu_tflops_tc_fp32,gpu_tflops_tc_tf32,gpu_tflops_tc_fp64,gpu_memory_capacity_gb,gpu_memory_capacity_gb_total,gpu_memory_bandwidth,gpu_system_interface_gen,gpu_compute_capability,gpu_is_sxm,gpu_is_nvlink,gpu_n_gpus,gpu_architecture_Ampere,gpu_architecture_Hopper,gpu_architecture_Turing,gpu_architecture_Volta,num_users,median_nttft
20.6,44,64,2048.0,50432,-1.0,-1.0,1,0,0,0,1,0,0,0,0,0,1,0,16896,528,0,132,24,528,67.0,34.0,-1.0,1979.0,1979.0,989.0,-1.0,67.0,80,80,3350,5,9.0,1,1,1,0,1,0,0,1,0.5294117647058824
20.6,44,64,2048.0,50432,-1.0,-1.0,1,0,0,0,1,0,0,0,0,0,1,0,16896,528,0,132,24,528,67.0,34.0,-1.0,1979.0,1979.0,989.0,-1.0,67.0,80,80,3350,5,9.0,1,1,1,0,1,0,0,2,0.7126436781609196
20.6,44,64,2048.0,50432,-1.0,-1.0,1,0,0,0,1,0,0,0,0,0,1,0,16896,528,0,132,24,528,67.0,34.0,-1.0,1979.0,1979.0,989.0,-1.0,67.0,80,80,3350,5,9.0,1,1,1,0,1,0,0,4,1.2261904761904765
20.6,44,64,2048.0,50432,-1.0,-1.0,1,0,0,0,1,0,0,0,0,0,1,0,16896,528,0,132,24,528,67.0,34.0,-1.0,1979.0,1979.0,989.0,-1.0,67.0,80,80,3350,5,9.0,1,1,1,0,1,0,0,8,1.8995412844036696
20.6,44,64,2048.0,50432,-1.0,-1.0,1,0,0,0,1,0,0,0,0,0,1,0,16896,528,0,132,24,528,67.0,34.0,-1.0,1979.0,1979.0,989.0,-1.0,67.0,80,80,3350,5,9.0,1,1,1,0,1,0,0,16,3.071357989836251
20.6,44,64,2048.0,50432,-1.0,-1.0,1,0,0,0,1,0,0,0,0,0,1,0,16896,528,0,132,24,528,67.0,34.0,-1.0,1979.0,1979.0,989.0,-1.0,67.0,80,80,3350,5,9.0,1,1,1,0,1,0,0,32,5.244186046511628
20.6,44,64,2048.0,50432,-1.0,-1.0,1,0,0,0,1,0,0,0,0,0,1,0,16896,528,0,132,24,528,67.0,34.0,-1.0,1979.0,1979.0,989.0,-1.0,67.0,80,80,3350,5,9.0,1,1,1,0,1,0,0,64,10.436518987341772
20.6,44,64,2048.0,50432,-1.0,-1.0,1,0,0,0,1,0,0,0,0,0,1,0,16896,528,0,132,24,528,67.0,34.0,-1.0,1979.0,1979.0,989.0,-1.0,67.0,80,80,3350,5,9.0,1,1,1,0,1,0,0,128,57.29032258064516
20.6,44,64,2048.0,50432,-1.0,-1.0,1,0,0,0,1,0,0,0,0,0,1,0,9216,288,72,72,96,288,31.2,0.97,-1.0,125.0,125.0,62.5,-1.0,-1.0,24,48,600,4,8.6,0,0,2,1,0,0,0,1,1.438577291381669
20.6,44,64,2048.0,50432,-1.0,-1.0,1,0,0,0,1,0,0,0,0,0,1,0,9216,288,72,72,96,288,31.2,0.97,-1.0,125.0,125.0,62.5,-1.0,-1.0,24,48,600,4,8.6,0,0,2,1,0,0,0,2,1.9047619047619049
20.6,44,64,2048.0,50432,-1.0,-1.0,1,0,0,0,1,0,0,0,0,0,1,0,9216,288,72,72,96,288,31.2,0.97,-1.0,125.0,125.0,62.5,-1.0,-1.0,24,48,600,4,8.6,0,0,2,1,0,0,0,4,3.275025278058645
20.6,44,64,2048.0,50432,-1.0,-1.0,1,0,0,0,1,0,0,0,0,0,1,0,9216,288,72,72,96,288,31.2,0.97,-1.0,125.0,125.0,62.5,-1.0,-1.0,24,48,600,4,8.6,0,0,2,1,0,0,0,8,7.582364341085271
20.6,44,64,2048.0,50432,-1.0,-1.0,1,0,0,0,1,0,0,0,0,0,1,0,9216,288,72,72,96,288,31.2,0.97,-1.0,125.0,125.0,62.5,-1.0,-1.0,24,48,600,4,8.6,0,0,2,1,0,0,0,16,26.273641102010423
20.6,44,64,2048.0,50432,-1.0,-1.0,1,0,0,0,1,0,0,0,0,0,1,0,9216,288,72,72,96,288,31.2,0.97,-1.0,125.0,125.0,62.5,-1.0,-1.0,24,48,600,4,8.6,0,0,2,1,0,0,0,32,89.95592048401036
20.6,44,64,2048.0,50432,-1.0,-1.0,1,0,0,0,1,0,0,0,0,0,1,0,9216,288,72,72,96,288,31.2,0.97,-1.0,125.0,125.0,62.5,-1.0,-1.0,24,48,600,4,8.6,0,0,2,1,0,0,0,64,204.32692307692307
20.6,44,64,2048.0,50432,-1.0,-1.0,1,0,0,0,1,0,0,0,0,0,1,0,9216,288,72,72,96,288,31.2,0.97,-1.0,125.0,125.0,62.5,-1.0,-1.0,24,48,600,4,8.6,0,0,2,1,0,0,0,128,288.8255813953488
20.6,44,64,2048.0,50432,-1.0,-1.0,1,0,0,0,1,0,0,0,0,0,1,0,6912,432,0,108,160,432,19.5,9.7,-1.0,312.0,312.0,-1.0,156.0,19.5,40,80,1555,4,8.0,0,0,2,1,0,0,0,1,0.7137237762237763
20.6,44,64,2048.0,50432,-1.0,-1.0,1,0,0,0,1,0,0,0,0,0,1,0,6912,432,0,108,160,432,19.5,9.7,-1.0,312.0,312.0,-1.0,156.0,19.5,40,80,1555,4,8.0,0,0,2,1,0,0,0,2,0.8111111111111111
20.6,44,64,2048.0,50432,-1.0,-1.0,1,0,0,0,1,0,0,0,0,0,1,0,6912,432,0,108,160,432,19.5,9.7,-1.0,312.0,312.0,-1.0,156.0,19.5,40,80,1555,4,8.0,0,0,2,1,0,0,0,4,1.3495934959349594
20.6,44,64,2048.0,50432,-1.0,-1.0,1,0,0,0,1,0,0,0,0,0,1,0,6912,432,0,108,160,432,19.5,9.7,-1.0,312.0,312.0,-1.0,156.0,19.5,40,80,1555,4,8.0,0,0,2,1,0,0,0,8,2.3294117647058825
20.6,44,64,2048.0,50432,-1.0,-1.0,1,0,0,0,1,0,0,0,0,0,1,0,6912,432,0,108,160,432,19.5,9.7,-1.0,312.0,312.0,-1.0,156.0,19.5,40,80,1555,4,8.0,0,0,2,1,0,0,0,16,3.655172413793104
20.6,44,64,2048.0,50432,-1.0,-1.0,1,0,0,0,1,0,0,0,0,0,1,0,6912,432,0,108,160,432,19.5,9.7,-1.0,312.0,312.0,-1.0,156.0,19.5,40,80,1555,4,8.0,0,0,2,1,0,0,0,32,6.415851775604735
20.6,44,64,2048.0,50432,-1.0,-1.0,1,0,0,0,1,0,0,0,0,0,1,0,6912,432,0,108,160,432,19.5,9.7,-1.0,312.0,312.0,-1.0,156.0,19.5,40,80,1555,4,8.0,0,0,2,1,0,0,0,64,11.98
20.6,44,64,2048.0,50432,-1.0,-1.0,1,0,0,0,1,0,0,0,0,0,1,0,6912,432,0,108,160,432,19.5,9.7,-1.0,312.0,312.0,-1.0,156.0,19.5,40,80,1555,4,8.0,0,0,2,1,0,0,0,128,116.47368421052632
20.6,44,64,2048.0,50432,-1.0,-1.0,1,0,0,0,1,0,0,0,0,0,1,0,16896,528,0,132,24,528,67.0,34.0,-1.0,1979.0,1979.0,989.0,-1.0,67.0,80,160,3350,5,9.0,1,1,2,0,1,0,0,1,0.4352941176470588
20.6,44,64,2048.0,50432,-1.0,-1.0,1,0,0,0,1,0,0,0,0,0,1,0,16896,528,0,132,24,528,67.0,34.0,-1.0,1979.0,1979.0,989.0,-1.0,67.0,80,160,3350,5,9.0,1,1,2,0,1,0,0,2,0.5833333333333334
20.6,44,64,2048.0,50432,-1.0,-1.0,1,0,0,0,1,0,0,0,0,0,1,0,16896,528,0,132,24,528,67.0,34.0,-1.0,1979.0,1979.0,989.0,-1.0,67.0,80,160,3350,5,9.0,1,1,2,0,1,0,0,4,0.9659090909090908
20.6,44,64,2048.0,50432,-1.0,-1.0,1,0,0,0,1,0,0,0,0,0,1,0,16896,528,0,132,24,528,67.0,34.0,-1.0,1979.0,1979.0,989.0,-1.0,67.0,80,160,3350,5,9.0,1,1,2,0,1,0,0,8,1.35
20.6,44,64,2048.0,50432,-1.0,-1.0,1,0,0,0,1,0,0,0,0,0,1,0,16896,528,0,132,24,528,67.0,34.0,-1.0,1979.0,1979.0,989.0,-1.0,67.0,80,160,3350,5,9.0,1,1,2,0,1,0,0,16,2.0791592128801435
20.6,44,64,2048.0,50432,-1.0,-1.0,1,0,0,0,1,0,0,0,0,0,1,0,16896,528,0,132,24,528,67.0,34.0,-1.0,1979.0,1979.0,989.0,-1.0,67.0,80,160,3350,5,9.0,1,1,2,0,1,0,0,32,3.280449438202247
20.6,44,64,2048.0,50432,-1.0,-1.0,1,0,0,0,1,0,0,0,0,0,1,0,16896,528,0,132,24,528,67.0,34.0,-1.0,1979.0,1979.0,989.0,-1.0,67.0,80,160,3350,5,9.0,1,1,2,0,1,0,0,64,5.806818181818182
20.6,44,64,2048.0,50432,-1.0,-1.0,1,0,0,0,1,0,0,0,0,0,1,0,16896,528,0,132,24,528,67.0,34.0,-1.0,1979.0,1979.0,989.0,-1.0,67.0,80,160,3350,5,9.0,1,1,2,0,1,0,0,128,12.0561797752809
20.6,44,64,2048.0,50432,-1.0,-1.0,1,0,0,0,1,0,0,0,0,0,1,0,6912,432,0,108,160,432,19.5,9.7,-1.0,312.0,312.0,-1.0,156.0,19.5,40,160,1555,4,8.0,0,0,4,1,0,0,0,1,0.7388833992094861
20.6,44,64,2048.0,50432,-1.0,-1.0,1,0,0,0,1,0,0,0,0,0,1,0,6912,432,0,108,160,432,19.5,9.7,-1.0,312.0,312.0,-1.0,156.0,19.5,40,160,1555,4,8.0,0,0,4,1,0,0,0,2,0.7666666666666667
20.6,44,64,2048.0,50432,-1.0,-1.0,1,0,0,0,1,0,0,0,0,0,1,0,6912,432,0,108,160,432,19.5,9.7,-1.0,312.0,312.0,-1.0,156.0,19.5,40,160,1555,4,8.0,0,0,4,1,0,0,0,4,1.236068895643364
20.6,44,64,2048.0,50432,-1.0,-1.0,1,0,0,0,1,0,0,0,0,0,1,0,6912,432,0,108,160,432,19.5,9.7,-1.0,312.0,312.0,-1.0,156.0,19.5,40,160,1555,4,8.0,0,0,4,1,0,0,0,8,2.0
20.6,44,64,2048.0,50432,-1.0,-1.0,1,0,0,0,1,0,0,0,0,0,1,0,6912,432,0,108,160,432,19.5,9.7,-1.0,312.0,312.0,-1.0,156.0,19.5,40,160,1555,4,8.0,0,0,4,1,0,0,0,16,3.0
20.6,44,64,2048.0,50432,-1.0,-1.0,1,0,0,0,1,0,0,0,0,0,1,0,6912,432,0,108,160,432,19.5,9.7,-1.0,312.0,312.0,-1.0,156.0,19.5,40,160,1555,4,8.0,0,0,4,1,0,0,0,32,5.141304347826087
20.6,44,64,2048.0,50432,-1.0,-1.0,1,0,0,0,1,0,0,0,0,0,1,0,6912,432,0,108,160,432,19.5,9.7,-1.0,312.0,312.0,-1.0,156.0,19.5,40,160,1555,4,8.0,0,0,4,1,0,0,0,64,9.269015047879616
20.6,44,64,2048.0,50432,-1.0,-1.0,1,0,0,0,1,0,0,0,0,0,1,0,6912,432,0,108,160,432,19.5,9.7,-1.0,312.0,312.0,-1.0,156.0,19.5,40,160,1555,4,8.0,0,0,4,1,0,0,0,128,22.35820895522388
20.6,44,64,2048.0,50432,-1.0,-1.0,1,0,0,0,1,0,0,0,0,0,1,0,16896,528,0,132,24,528,67.0,34.0,-1.0,1979.0,1979.0,989.0,-1.0,67.0,80,320,3350,5,9.0,1,1,4,0,1,0,0,1,0.4166666666666667
20.6,44,64,2048.0,50432,-1.0,-1.0,1,0,0,0,1,0,0,0,0,0,1,0,16896,528,0,132,24,528,67.0,34.0,-1.0,1979.0,1979.0,989.0,-1.0,67.0,80,320,3350,5,9.0,1,1,4,0,1,0,0,2,0.5737577639751552
20.6,44,64,2048.0,50432,-1.0,-1.0,1,0,0,0,1,0,0,0,0,0,1,0,16896,528,0,132,24,528,67.0,34.0,-1.0,1979.0,1979.0,989.0,-1.0,67.0,80,320,3350,5,9.0,1,1,4,0,1,0,0,4,0.9090909090909092
20.6,44,64,2048.0,50432,-1.0,-1.0,1,0,0,0,1,0,0,0,0,0,1,0,16896,528,0,132,24,528,67.0,34.0,-1.0,1979.0,1979.0,989.0,-1.0,67.0,80,320,3350,5,9.0,1,1,4,0,1,0,0,8,1.2222298221614227
20.6,44,64,2048.0,50432,-1.0,-1.0,1,0,0,0,1,0,0,0,0,0,1,0,16896,528,0,132,24,528,67.0,34.0,-1.0,1979.0,1979.0,989.0,-1.0,67.0,80,320,3350,5,9.0,1,1,4,0,1,0,0,16,1.7613871635610767
20.6,44,64,2048.0,50432,-1.0,-1.0,1,0,0,0,1,0,0,0,0,0,1,0,16896,528,0,132,24,528,67.0,34.0,-1.0,1979.0,1979.0,989.0,-1.0,67.0,80,320,3350,5,9.0,1,1,4,0,1,0,0,32,2.467391304347826
20.6,44,64,2048.0,50432,-1.0,-1.0,1,0,0,0,1,0,0,0,0,0,1,0,16896,528,0,132,24,528,67.0,34.0,-1.0,1979.0,1979.0,989.0,-1.0,67.0,80,320,3350,5,9.0,1,1,4,0,1,0,0,64,4.27906976744186
20.6,44,64,2048.0,50432,-1.0,-1.0,1,0,0,0,1,0,0,0,0,0,1,0,16896,528,0,132,24,528,67.0,34.0,-1.0,1979.0,1979.0,989.0,-1.0,67.0,80,320,3350,5,9.0,1,1,4,0,1,0,0,128,8.046244319700616
20.6,44,64,2048.0,50432,-1.0,-1.0,1,0,0,0,1,0,0,0,0,0,1,0,2560,320,40,40,64,160,8.1,0.25,65.0,-1.0,-1.0,-1.0,-1.0,-1.0,16,64,300,3,7.5,0,0,4,0,0,1,0,1,1.710843373493976
20.6,44,64,2048.0,50432,-1.0,-1.0,1,0,0,0,1,0,0,0,0,0,1,0,2560,320,40,40,64,160,8.1,0.25,65.0,-1.0,-1.0,-1.0,-1.0,-1.0,16,64,300,3,7.5,0,0,4,0,0,1,0,2,2.1965909090909093
20.6,44,64,2048.0,50432,-1.0,-1.0,1,0,0,0,1,0,0,0,0,0,1,0,2560,320,40,40,64,160,8.1,0.25,65.0,-1.0,-1.0,-1.0,-1.0,-1.0,16,64,300,3,7.5,0,0,4,0,0,1,0,4,3.674649859943978
20.6,44,64,2048.0,50432,-1.0,-1.0,1,0,0,0,1,0,0,0,0,0,1,0,2560,320,40,40,64,160,8.1,0.25,65.0,-1.0,-1.0,-1.0,-1.0,-1.0,16,64,300,3,7.5,0,0,4,0,0,1,0,8,6.468354430379747
20.6,44,64,2048.0,50432,-1.0,-1.0,1,0,0,0,1,0,0,0,0,0,1,0,2560,320,40,40,64,160,8.1,0.25,65.0,-1.0,-1.0,-1.0,-1.0,-1.0,16,64,300,3,7.5,0,0,4,0,0,1,0,16,11.24705882352941
20.6,44,64,2048.0,50432,-1.0,-1.0,1,0,0,0,1,0,0,0,0,0,1,0,2560,320,40,40,64,160,8.1,0.25,65.0,-1.0,-1.0,-1.0,-1.0,-1.0,16,64,300,3,7.5,0,0,4,0,0,1,0,32,34.24444444444445
20.6,44,64,2048.0,50432,-1.0,-1.0,1,0,0,0,1,0,0,0,0,0,1,0,2560,320,40,40,64,160,8.1,0.25,65.0,-1.0,-1.0,-1.0,-1.0,-1.0,16,64,300,3,7.5,0,0,4,0,0,1,0,64,104.98424467099166
20.6,44,64,2048.0,50432,-1.0,-1.0,1,0,0,0,1,0,0,0,0,0,1,0,2560,320,40,40,64,160,8.1,0.25,65.0,-1.0,-1.0,-1.0,-1.0,-1.0,16,64,300,3,7.5,0,0,4,0,0,1,0,128,229.9957687894435
16.0,34,24,2048.0,51200,-1.0,-1.0,0,0,1,0,0,0,0,0,0,0,0,1,16896,528,0,132,24,528,67.0,34.0,-1.0,1979.0,1979.0,989.0,-1.0,67.0,80,80,3350,5,9.0,1,1,1,0,1,0,0,1,0.6547619047619048
16.0,34,24,2048.0,51200,-1.0,-1.0,0,0,1,0,0,0,0,0,0,0,0,1,16896,528,0,132,24,528,67.0,34.0,-1.0,1979.0,1979.0,989.0,-1.0,67.0,80,80,3350,5,9.0,1,1,1,0,1,0,0,2,0.9397590361445785
16.0,34,24,2048.0,51200,-1.0,-1.0,0,0,1,0,0,0,0,0,0,0,0,1,16896,528,0,132,24,528,67.0,34.0,-1.0,1979.0,1979.0,989.0,-1.0,67.0,80,80,3350,5,9.0,1,1,1,0,1,0,0,4,1.7741935483870968
16.0,34,24,2048.0,51200,-1.0,-1.0,0,0,1,0,0,0,0,0,0,0,0,1,16896,528,0,132,24,528,67.0,34.0,-1.0,1979.0,1979.0,989.0,-1.0,67.0,80,80,3350,5,9.0,1,1,1,0,1,0,0,8,3.761663286004057
16.0,34,24,2048.0,51200,-1.0,-1.0,0,0,1,0,0,0,0,0,0,0,0,1,16896,528,0,132,24,528,67.0,34.0,-1.0,1979.0,1979.0,989.0,-1.0,67.0,80,80,3350,5,9.0,1,1,1,0,1,0,0,16,12.69065757818765
16.0,34,24,2048.0,51200,-1.0,-1.0,0,0,1,0,0,0,0,0,0,0,0,1,16896,528,0,132,24,528,67.0,34.0,-1.0,1979.0,1979.0,989.0,-1.0,67.0,80,80,3350,5,9.0,1,1,1,0,1,0,0,32,42.706896551724135
16.0,34,24,2048.0,51200,-1.0,-1.0,0,0,1,0,0,0,0,0,0,0,0,1,16896,528,0,132,24,528,67.0,34.0,-1.0,1979.0,1979.0,989.0,-1.0,67.0,80,80,3350,5,9.0,1,1,1,0,1,0,0,64,99.07228915662652
16.0,34,24,2048.0,51200,-1.0,-1.0,0,0,1,0,0,0,0,0,0,0,0,1,16896,528,0,132,24,528,67.0,34.0,-1.0,1979.0,1979.0,989.0,-1.0,67.0,80,80,3350,5,9.0,1,1,1,0,1,0,0,128,184.45168539325843
15.5,40,48,8192.0,49152,-1.0,-1.0,1,0,0,1,0,0,0,0,0,0,0,1,6912,432,0,108,160,432,19.5,9.7,-1.0,312.0,312.0,-1.0,156.0,19.5,40,40,1555,4,8.0,0,0,1,1,0,0,0,1,0.8372093023255814
15.5,40,48,8192.0,49152,-1.0,-1.0,1,0,0,1,0,0,0,0,0,0,0,1,6912,432,0,108,160,432,19.5,9.7,-1.0,312.0,312.0,-1.0,156.0,19.5,40,40,1555,4,8.0,0,0,1,1,0,0,0,2,0.9529411764705882
15.5,40,48,8192.0,49152,-1.0,-1.0,1,0,0,1,0,0,0,0,0,0,0,1,6912,432,0,108,160,432,19.5,9.7,-1.0,312.0,312.0,-1.0,156.0,19.5,40,40,1555,4,8.0,0,0,1,1,0,0,0,4,1.7604166666666667
15.5,40,48,8192.0,49152,-1.0,-1.0,1,0,0,1,0,0,0,0,0,0,0,1,6912,432,0,108,160,432,19.5,9.7,-1.0,312.0,312.0,-1.0,156.0,19.5,40,40,1555,4,8.0,0,0,1,1,0,0,0,8,2.723958333333333
15.5,40,48,8192.0,49152,-1.0,-1.0,1,0,0,1,0,0,0,0,0,0,0,1,6912,432,0,108,160,432,19.5,9.7,-1.0,312.0,312.0,-1.0,156.0,19.5,40,40,1555,4,8.0,0,0,1,1,0,0,0,16,4.255816368923972
15.5,40,48,8192.0,49152,-1.0,-1.0,1,0,0,1,0,0,0,0,0,0,0,1,6912,432,0,108,160,432,19.5,9.7,-1.0,312.0,312.0,-1.0,156.0,19.5,40,40,1555,4,8.0,0,0,1,1,0,0,0,32,7.162878787878788
15.5,40,48,8192.0,49152,-1.0,-1.0,1,0,0,1,0,0,0,0,0,0,0,1,6912,432,0,108,160,432,19.5,9.7,-1.0,312.0,312.0,-1.0,156.0,19.5,40,40,1555,4,8.0,0,0,1,1,0,0,0,64,14.565934065934066
15.5,40,48,8192.0,49152,-1.0,-1.0,1,0,0,1,0,0,0,0,0,0,0,1,6912,432,0,108,160,432,19.5,9.7,-1.0,312.0,312.0,-1.0,156.0,19.5,40,40,1555,4,8.0,0,0,1,1,0,0,0,128,36.54430379746835
15.5,40,48,8192.0,49152,-1.0,-1.0,1,0,0,1,0,0,0,0,0,0,0,1,16896,528,0,132,24,528,67.0,34.0,-1.0,1979.0,1979.0,989.0,-1.0,67.0,80,80,3350,5,9.0,1,1,1,0,1,0,0,1,0.4166666666666667
15.5,40,48,8192.0,49152,-1.0,-1.0,1,0,0,1,0,0,0,0,0,0,0,1,16896,528,0,132,24,528,67.0,34.0,-1.0,1979.0,1979.0,989.0,-1.0,67.0,80,80,3350,5,9.0,1,1,1,0,1,0,0,2,0.5476190476190477
15.5,40,48,8192.0,49152,-1.0,-1.0,1,0,0,1,0,0,0,0,0,0,0,1,16896,528,0,132,24,528,67.0,34.0,-1.0,1979.0,1979.0,989.0,-1.0,67.0,80,80,3350,5,9.0,1,1,1,0,1,0,0,4,0.9106117353308364
15.5,40,48,8192.0,49152,-1.0,-1.0,1,0,0,1,0,0,0,0,0,0,0,1,16896,528,0,132,24,528,67.0,34.0,-1.0,1979.0,1979.0,989.0,-1.0,67.0,80,80,3350,5,9.0,1,1,1,0,1,0,0,8,1.3422300263388938
15.5,40,48,8192.0,49152,-1.0,-1.0,1,0,0,1,0,0,0,0,0,0,0,1,16896,528,0,132,24,528,67.0,34.0,-1.0,1979.0,1979.0,989.0,-1.0,67.0,80,80,3350,5,9.0,1,1,1,0,1,0,0,16,2.08
15.5,40,48,8192.0,49152,-1.0,-1.0,1,0,0,1,0,0,0,0,0,0,0,1,16896,528,0,132,24,528,67.0,34.0,-1.0,1979.0,1979.0,989.0,-1.0,67.0,80,80,3350,5,9.0,1,1,1,0,1,0,0,32,3.1748686096512184
15.5,40,48,8192.0,49152,-1.0,-1.0,1,0,0,1,0,0,0,0,0,0,0,1,16896,528,0,132,24,528,67.0,34.0,-1.0,1979.0,1979.0,989.0,-1.0,67.0,80,80,3350,5,9.0,1,1,1,0,1,0,0,64,5.309523809523809
15.5,40,48,8192.0,49152,-1.0,-1.0,1,0,0,1,0,0,0,0,0,0,0,1,16896,528,0,132,24,528,67.0,34.0,-1.0,1979.0,1979.0,989.0,-1.0,67.0,80,80,3350,5,9.0,1,1,1,0,1,0,0,128,9.699583477959042
15.5,40,48,8192.0,49152,-1.0,-1.0,1,0,0,1,0,0,0,0,0,0,0,1,9216,288,72,72,96,288,31.2,0.97,-1.0,125.0,125.0,62.5,-1.0,-1.0,24,48,600,4,8.6,0,0,2,1,0,0,0,1,1.2087912087912087
15.5,40,48,8192.0,49152,-1.0,-1.0,1,0,0,1,0,0,0,0,0,0,0,1,9216,288,72,72,96,288,31.2,0.97,-1.0,125.0,125.0,62.5,-1.0,-1.0,24,48,600,4,8.6,0,0,2,1,0,0,0,2,1.5349025974025974
15.5,40,48,8192.0,49152,-1.0,-1.0,1,0,0,1,0,0,0,0,0,0,0,1,9216,288,72,72,96,288,31.2,0.97,-1.0,125.0,125.0,62.5,-1.0,-1.0,24,48,600,4,8.6,0,0,2,1,0,0,0,4,2.619923637625824
15.5,40,48,8192.0,49152,-1.0,-1.0,1,0,0,1,0,0,0,0,0,0,0,1,9216,288,72,72,96,288,31.2,0.97,-1.0,125.0,125.0,62.5,-1.0,-1.0,24,48,600,4,8.6,0,0,2,1,0,0,0,8,4.0897583429229
15.5,40,48,8192.0,49152,-1.0,-1.0,1,0,0,1,0,0,0,0,0,0,0,1,9216,288,72,72,96,288,31.2,0.97,-1.0,125.0,125.0,62.5,-1.0,-1.0,24,48,600,4,8.6,0,0,2,1,0,0,0,16,6.181818181818182
15.5,40,48,8192.0,49152,-1.0,-1.0,1,0,0,1,0,0,0,0,0,0,0,1,9216,288,72,72,96,288,31.2,0.97,-1.0,125.0,125.0,62.5,-1.0,-1.0,24,48,600,4,8.6,0,0,2,1,0,0,0,32,9.903225806451612
15.5,40,48,8192.0,49152,-1.0,-1.0,1,0,0,1,0,0,0,0,0,0,0,1,9216,288,72,72,96,288,31.2,0.97,-1.0,125.0,125.0,62.5,-1.0,-1.0,24,48,600,4,8.6,0,0,2,1,0,0,0,64,17.53409090909091
15.5,40,48,8192.0,49152,-1.0,-1.0,1,0,0,1,0,0,0,0,0,0,0,1,9216,288,72,72,96,288,31.2,0.97,-1.0,125.0,125.0,62.5,-1.0,-1.0,24,48,600,4,8.6,0,0,2,1,0,0,0,128,36.58620689655172
15.5,40,48,8192.0,49152,-1.0,-1.0,1,0,0,1,0,0,0,0,0,0,0,1,6912,432,0,108,160,432,19.5,9.7,-1.0,312.0,312.0,-1.0,156.0,19.5,40,80,1555,4,8.0,0,0,2,1,0,0,0,1,0.6736171132238549
15.5,40,48,8192.0,49152,-1.0,-1.0,1,0,0,1,0,0,0,0,0,0,0,1,6912,432,0,108,160,432,19.5,9.7,-1.0,312.0,312.0,-1.0,156.0,19.5,40,80,1555,4,8.0,0,0,2,1,0,0,0,2,0.7459667991582886
15.5,40,48,8192.0,49152,-1.0,-1.0,1,0,0,1,0,0,0,0,0,0,0,1,6912,432,0,108,160,432,19.5,9.7,-1.0,312.0,312.0,-1.0,156.0,19.5,40,80,1555,4,8.0,0,0,2,1,0,0,0,4,1.1085714285714283
15.5,40,48,8192.0,49152,-1.0,-1.0,1,0,0,1,0,0,0,0,0,0,0,1,6912,432,0,108,160,432,19.5,9.7,-1.0,312.0,312.0,-1.0,156.0,19.5,40,80,1555,4,8.0,0,0,2,1,0,0,0,8,1.8666666666666667
15.5,40,48,8192.0,49152,-1.0,-1.0,1,0,0,1,0,0,0,0,0,0,0,1,6912,432,0,108,160,432,19.5,9.7,-1.0,312.0,312.0,-1.0,156.0,19.5,40,80,1555,4,8.0,0,0,2,1,0,0,0,16,2.7621552127162223
15.5,40,48,8192.0,49152,-1.0,-1.0,1,0,0,1,0,0,0,0,0,0,0,1,6912,432,0,108,160,432,19.5,9.7,-1.0,312.0,312.0,-1.0,156.0,19.5,40,80,1555,4,8.0,0,0,2,1,0,0,0,32,4.389519945909399
15.5,40,48,8192.0,49152,-1.0,-1.0,1,0,0,1,0,0,0,0,0,0,0,1,6912,432,0,108,160,432,19.5,9.7,-1.0,312.0,312.0,-1.0,156.0,19.5,40,80,1555,4,8.0,0,0,2,1,0,0,0,64,7.563218390804598
15.5,40,48,8192.0,49152,-1.0,-1.0,1,0,0,1,0,0,0,0,0,0,0,1,6912,432,0,108,160,432,19.5,9.7,-1.0,312.0,312.0,-1.0,156.0,19.5,40,80,1555,4,8.0,0,0,2,1,0,0,0,128,14.072526236881558
15.5,40,48,8192.0,49152,-1.0,-1.0,1,0,0,1,0,0,0,0,0,0,0,1,16896,528,0,132,24,528,67.0,34.0,-1.0,1979.0,1979.0,989.0,-1.0,67.0,80,160,3350,5,9.0,1,1,2,0,1,0,0,1,0.388235294117647
15.5,40,48,8192.0,49152,-1.0,-1.0,1,0,0,1,0,0,0,0,0,0,0,1,16896,528,0,132,24,528,67.0,34.0,-1.0,1979.0,1979.0,989.0,-1.0,67.0,80,160,3350,5,9.0,1,1,2,0,1,0,0,2,0.5172413793103449
15.5,40,48,8192.0,49152,-1.0,-1.0,1,0,0,1,0,0,0,0,0,0,0,1,16896,528,0,132,24,528,67.0,34.0,-1.0,1979.0,1979.0,989.0,-1.0,67.0,80,160,3350,5,9.0,1,1,2,0,1,0,0,4,0.8505549682875264
15.5,40,48,8192.0,49152,-1.0,-1.0,1,0,0,1,0,0,0,0,0,0,0,1,16896,528,0,132,24,528,67.0,34.0,-1.0,1979.0,1979.0,989.0,-1.0,67.0,80,160,3350,5,9.0,1,1,2,0,1,0,0,8,1.137931034482759
15.5,40,48,8192.0,49152,-1.0,-1.0,1,0,0,1,0,0,0,0,0,0,0,1,16896,528,0,132,24,528,67.0,34.0,-1.0,1979.0,1979.0,989.0,-1.0,67.0,80,160,3350,5,9.0,1,1,2,0,1,0,0,16,1.6514240919780507
15.5,40,48,8192.0,49152,-1.0,-1.0,1,0,0,1,0,0,0,0,0,0,0,1,16896,528,0,132,24,528,67.0,34.0,-1.0,1979.0,1979.0,989.0,-1.0,67.0,80,160,3350,5,9.0,1,1,2,0,1,0,0,32,2.417124542124542
15.5,40,48,8192.0,49152,-1.0,-1.0,1,0,0,1,0,0,0,0,0,0,0,1,16896,528,0,132,24,528,67.0,34.0,-1.0,1979.0,1979.0,989.0,-1.0,67.0,80,160,3350,5,9.0,1,1,2,0,1,0,0,64,3.886363636363636
15.5,40,48,8192.0,49152,-1.0,-1.0,1,0,0,1,0,0,0,0,0,0,0,1,16896,528,0,132,24,528,67.0,34.0,-1.0,1979.0,1979.0,989.0,-1.0,67.0,80,160,3350,5,9.0,1,1,2,0,1,0,0,128,7.0
15.5,40,48,8192.0,49152,-1.0,-1.0,1,0,0,1,0,0,0,0,0,0,0,1,6912,432,0,108,160,432,19.5,9.7,-1.0,312.0,312.0,-1.0,156.0,19.5,40,160,1555,4,8.0,0,0,4,1,0,0,0,1,0.701063829787234
15.5,40,48,8192.0,49152,-1.0,-1.0,1,0,0,1,0,0,0,0,0,0,0,1,6912,432,0,108,160,432,19.5,9.7,-1.0,312.0,312.0,-1.0,156.0,19.5,40,160,1555,4,8.0,0,0,4,1,0,0,0,2,0.7981651376146789
15.5,40,48,8192.0,49152,-1.0,-1.0,1,0,0,1,0,0,0,0,0,0,0,1,6912,432,0,108,160,432,19.5,9.7,-1.0,312.0,312.0,-1.0,156.0,19.5,40,160,1555,4,8.0,0,0,4,1,0,0,0,4,1.218070652173913
15.5,40,48,8192.0,49152,-1.0,-1.0,1,0,0,1,0,0,0,0,0,0,0,1,6912,432,0,108,160,432,19.5,9.7,-1.0,312.0,312.0,-1.0,156.0,19.5,40,160,1555,4,8.0,0,0,4,1,0,0,0,8,1.929802955665025
15.5,40,48,8192.0,49152,-1.0,-1.0,1,0,0,1,0,0,0,0,0,0,0,1,6912,432,0,108,160,432,19.5,9.7,-1.0,312.0,312.0,-1.0,156.0,19.5,40,160,1555,4,8.0,0,0,4,1,0,0,0,16,2.847058823529412
15.5,40,48,8192.0,49152,-1.0,-1.0,1,0,0,1,0,0,0,0,0,0,0,1,6912,432,0,108,160,432,19.5,9.7,-1.0,312.0,312.0,-1.0,156.0,19.5,40,160,1555,4,8.0,0,0,4,1,0,0,0,32,4.789444444444444
15.5,40,48,8192.0,49152,-1.0,-1.0,1,0,0,1,0,0,0,0,0,0,0,1,6912,432,0,108,160,432,19.5,9.7,-1.0,312.0,312.0,-1.0,156.0,19.5,40,160,1555,4,8.0,0,0,4,1,0,0,0,64,8.63312324929972
15.5,40,48,8192.0,49152,-1.0,-1.0,1,0,0,1,0,0,0,0,0,0,0,1,6912,432,0,108,160,432,19.5,9.7,-1.0,312.0,312.0,-1.0,156.0,19.5,40,160,1555,4,8.0,0,0,4,1,0,0,0,128,16.87455277280859
15.5,40,48,8192.0,49152,-1.0,-1.0,1,0,0,1,0,0,0,0,0,0,0,1,16896,528,0,132,24,528,67.0,34.0,-1.0,1979.0,1979.0,989.0,-1.0,67.0,80,320,3350,5,9.0,1,1,4,0,1,0,0,1,0.3964695993275427
15.5,40,48,8192.0,49152,-1.0,-1.0,1,0,0,1,0,0,0,0,0,0,0,1,16896,528,0,132,24,528,67.0,34.0,-1.0,1979.0,1979.0,989.0,-1.0,67.0,80,320,3350,5,9.0,1,1,4,0,1,0,0,2,0.5448402172540103
15.5,40,48,8192.0,49152,-1.0,-1.0,1,0,0,1,0,0,0,0,0,0,0,1,16896,528,0,132,24,528,67.0,34.0,-1.0,1979.0,1979.0,989.0,-1.0,67.0,80,320,3350,5,9.0,1,1,4,0,1,0,0,4,0.8604651162790697
15.5,40,48,8192.0,49152,-1.0,-1.0,1,0,0,1,0,0,0,0,0,0,0,1,16896,528,0,132,24,528,67.0,34.0,-1.0,1979.0,1979.0,989.0,-1.0,67.0,80,320,3350,5,9.0,1,1,4,0,1,0,0,8,1.1064169570267133
15.5,40,48,8192.0,49152,-1.0,-1.0,1,0,0,1,0,0,0,0,0,0,0,1,16896,528,0,132,24,528,67.0,34.0,-1.0,1979.0,1979.0,989.0,-1.0,67.0,80,320,3350,5,9.0,1,1,4,0,1,0,0,16,1.5141941391941391
15.5,40,48,8192.0,49152,-1.0,-1.0,1,0,0,1,0,0,0,0,0,0,0,1,16896,528,0,132,24,528,67.0,34.0,-1.0,1979.0,1979.0,989.0,-1.0,67.0,80,320,3350,5,9.0,1,1,4,0,1,0,0,32,2.17948717948718
15.5,40,48,8192.0,49152,-1.0,-1.0,1,0,0,1,0,0,0,0,0,0,0,1,16896,528,0,132,24,528,67.0,34.0,-1.0,1979.0,1979.0,989.0,-1.0,67.0,80,320,3350,5,9.0,1,1,4,0,1,0,0,64,3.419354838709677
15.5,40,48,8192.0,49152,-1.0,-1.0,1,0,0,1,0,0,0,0,0,0,0,1,16896,528,0,132,24,528,67.0,34.0,-1.0,1979.0,1979.0,989.0,-1.0,67.0,80,320,3350,5,9.0,1,1,4,0,1,0,0,128,6.102272727272728
15.5,40,48,8192.0,49152,-1.0,-1.0,1,0,0,1,0,0,0,0,0,0,0,1,2560,320,40,40,64,160,8.1,0.25,65.0,-1.0,-1.0,-1.0,-1.0,-1.0,16,64,300,3,7.5,0,0,4,0,0,1,0,1,1.441860465116279
15.5,40,48,8192.0,49152,-1.0,-1.0,1,0,0,1,0,0,0,0,0,0,0,1,2560,320,40,40,64,160,8.1,0.25,65.0,-1.0,-1.0,-1.0,-1.0,-1.0,16,64,300,3,7.5,0,0,4,0,0,1,0,2,1.728342245989305
15.5,40,48,8192.0,49152,-1.0,-1.0,1,0,0,1,0,0,0,0,0,0,0,1,2560,320,40,40,64,160,8.1,0.25,65.0,-1.0,-1.0,-1.0,-1.0,-1.0,16,64,300,3,7.5,0,0,4,0,0,1,0,4,2.87
15.5,40,48,8192.0,49152,-1.0,-1.0,1,0,0,1,0,0,0,0,0,0,0,1,2560,320,40,40,64,160,8.1,0.25,65.0,-1.0,-1.0,-1.0,-1.0,-1.0,16,64,300,3,7.5,0,0,4,0,0,1,0,8,4.8
15.5,40,48,8192.0,49152,-1.0,-1.0,1,0,0,1,0,0,0,0,0,0,0,1,2560,320,40,40,64,160,8.1,0.25,65.0,-1.0,-1.0,-1.0,-1.0,-1.0,16,64,300,3,7.5,0,0,4,0,0,1,0,16,7.657502443792767
15.5,40,48,8192.0,49152,-1.0,-1.0,1,0,0,1,0,0,0,0,0,0,0,1,2560,320,40,40,64,160,8.1,0.25,65.0,-1.0,-1.0,-1.0,-1.0,-1.0,16,64,300,3,7.5,0,0,4,0,0,1,0,32,13.83529411764706
15.5,40,48,8192.0,49152,-1.0,-1.0,1,0,0,1,0,0,0,0,0,0,0,1,2560,320,40,40,64,160,8.1,0.25,65.0,-1.0,-1.0,-1.0,-1.0,-1.0,16,64,300,3,7.5,0,0,4,0,0,1,0,64,26.29634888438133
15.5,40,48,8192.0,49152,-1.0,-1.0,1,0,0,1,0,0,0,0,0,0,0,1,2560,320,40,40,64,160,8.1,0.25,65.0,-1.0,-1.0,-1.0,-1.0,-1.0,16,64,300,3,7.5,0,0,4,0,0,1,0,128,53.328886976477335
13.0,24,64,-1.0,250112,128.0,32.0,0,1,0,0,0,0,0,1,0,0,0,1,6912,432,0,108,160,432,19.5,9.7,-1.0,312.0,312.0,-1.0,156.0,19.5,40,40,1555,4,8.0,0,0,1,1,0,0,0,1,0.5633523103402622
13.0,24,64,-1.0,250112,128.0,32.0,0,1,0,0,0,0,0,1,0,0,0,1,6912,432,0,108,160,432,19.5,9.7,-1.0,312.0,312.0,-1.0,156.0,19.5,40,40,1555,4,8.0,0,0,1,1,0,0,0,2,0.6144578313253012
13.0,24,64,-1.0,250112,128.0,32.0,0,1,0,0,0,0,0,1,0,0,0,1,6912,432,0,108,160,432,19.5,9.7,-1.0,312.0,312.0,-1.0,156.0,19.5,40,40,1555,4,8.0,0,0,1,1,0,0,0,4,1.2294117647058824
13.0,24,64,-1.0,250112,128.0,32.0,0,1,0,0,0,0,0,1,0,0,0,1,6912,432,0,108,160,432,19.5,9.7,-1.0,312.0,312.0,-1.0,156.0,19.5,40,40,1555,4,8.0,0,0,1,1,0,0,0,8,2.509283819628647
13.0,24,64,-1.0,250112,128.0,32.0,0,1,0,0,0,0,0,1,0,0,0,1,6912,432,0,108,160,432,19.5,9.7,-1.0,312.0,312.0,-1.0,156.0,19.5,40,40,1555,4,8.0,0,0,1,1,0,0,0,16,11.107142857142858
13.0,24,64,-1.0,250112,128.0,32.0,0,1,0,0,0,0,0,1,0,0,0,1,6912,432,0,108,160,432,19.5,9.7,-1.0,312.0,312.0,-1.0,156.0,19.5,40,40,1555,4,8.0,0,0,1,1,0,0,0,32,37.66203703703704
13.0,24,64,-1.0,250112,128.0,32.0,0,1,0,0,0,0,0,1,0,0,0,1,6912,432,0,108,160,432,19.5,9.7,-1.0,312.0,312.0,-1.0,156.0,19.5,40,40,1555,4,8.0,0,0,1,1,0,0,0,64,91.57798165137616
13.0,24,64,-1.0,250112,128.0,32.0,0,1,0,0,0,0,0,1,0,0,0,1,6912,432,0,108,160,432,19.5,9.7,-1.0,312.0,312.0,-1.0,156.0,19.5,40,40,1555,4,8.0,0,0,1,1,0,0,0,128,174.41146788990827
13.0,24,64,-1.0,250112,128.0,32.0,0,1,0,0,0,0,0,1,0,0,0,1,16896,528,0,132,24,528,67.0,34.0,-1.0,1979.0,1979.0,989.0,-1.0,67.0,80,80,3350,5,9.0,1,1,1,0,1,0,0,1,0.4545454545454545
13.0,24,64,-1.0,250112,128.0,32.0,0,1,0,0,0,0,0,1,0,0,0,1,16896,528,0,132,24,528,67.0,34.0,-1.0,1979.0,1979.0,989.0,-1.0,67.0,80,80,3350,5,9.0,1,1,1,0,1,0,0,2,0.5460191981931113
13.0,24,64,-1.0,250112,128.0,32.0,0,1,0,0,0,0,0,1,0,0,0,1,16896,528,0,132,24,528,67.0,34.0,-1.0,1979.0,1979.0,989.0,-1.0,67.0,80,80,3350,5,9.0,1,1,1,0,1,0,0,4,0.7727272727272727
13.0,24,64,-1.0,250112,128.0,32.0,0,1,0,0,0,0,0,1,0,0,0,1,16896,528,0,132,24,528,67.0,34.0,-1.0,1979.0,1979.0,989.0,-1.0,67.0,80,80,3350,5,9.0,1,1,1,0,1,0,0,8,1.1423351990049753
13.0,24,64,-1.0,250112,128.0,32.0,0,1,0,0,0,0,0,1,0,0,0,1,16896,528,0,132,24,528,67.0,34.0,-1.0,1979.0,1979.0,989.0,-1.0,67.0,80,80,3350,5,9.0,1,1,1,0,1,0,0,16,2.3404255319148937
13.0,24,64,-1.0,250112,128.0,32.0,0,1,0,0,0,0,0,1,0,0,0,1,16896,528,0,132,24,528,67.0,34.0,-1.0,1979.0,1979.0,989.0,-1.0,67.0,80,80,3350,5,9.0,1,1,1,0,1,0,0,32,5.08
13.0,24,64,-1.0,250112,128.0,32.0,0,1,0,0,0,0,0,1,0,0,0,1,16896,528,0,132,24,528,67.0,34.0,-1.0,1979.0,1979.0,989.0,-1.0,67.0,80,80,3350,5,9.0,1,1,1,0,1,0,0,64,13.863636363636363
13.0,24,64,-1.0,250112,128.0,32.0,0,1,0,0,0,0,0,1,0,0,0,1,16896,528,0,132,24,528,67.0,34.0,-1.0,1979.0,1979.0,989.0,-1.0,67.0,80,80,3350,5,9.0,1,1,1,0,1,0,0,128,54.26436781609196
3.0,24,32,512.0,32128,128.0,32.0,0,1,0,0,0,0,0,0,1,0,0,1,9216,288,72,72,96,288,31.2,0.97,-1.0,125.0,125.0,62.5,-1.0,-1.0,24,24,600,4,8.6,0,0,1,1,0,0,0,1,0.6
3.0,24,32,512.0,32128,128.0,32.0,0,1,0,0,0,0,0,0,1,0,0,1,9216,288,72,72,96,288,31.2,0.97,-1.0,125.0,125.0,62.5,-1.0,-1.0,24,24,600,4,8.6,0,0,1,1,0,0,0,2,0.6781609195402298
3.0,24,32,512.0,32128,128.0,32.0,0,1,0,0,0,0,0,0,1,0,0,1,9216,288,72,72,96,288,31.2,0.97,-1.0,125.0,125.0,62.5,-1.0,-1.0,24,24,600,4,8.6,0,0,1,1,0,0,0,4,1.1139240506329111
3.0,24,32,512.0,32128,128.0,32.0,0,1,0,0,0,0,0,0,1,0,0,1,9216,288,72,72,96,288,31.2,0.97,-1.0,125.0,125.0,62.5,-1.0,-1.0,24,24,600,4,8.6,0,0,1,1,0,0,0,8,2.044323580895224
3.0,24,32,512.0,32128,128.0,32.0,0,1,0,0,0,0,0,0,1,0,0,1,9216,288,72,72,96,288,31.2,0.97,-1.0,125.0,125.0,62.5,-1.0,-1.0,24,24,600,4,8.6,0,0,1,1,0,0,0,16,4.641025641025641
3.0,24,32,512.0,32128,128.0,32.0,0,1,0,0,0,0,0,0,1,0,0,1,9216,288,72,72,96,288,31.2,0.97,-1.0,125.0,125.0,62.5,-1.0,-1.0,24,24,600,4,8.6,0,0,1,1,0,0,0,32,20.257530120481928
3.0,24,32,512.0,32128,128.0,32.0,0,1,0,0,0,0,0,0,1,0,0,1,9216,288,72,72,96,288,31.2,0.97,-1.0,125.0,125.0,62.5,-1.0,-1.0,24,24,600,4,8.6,0,0,1,1,0,0,0,64,55.060344827586206
3.0,24,32,512.0,32128,128.0,32.0,0,1,0,0,0,0,0,0,1,0,0,1,9216,288,72,72,96,288,31.2,0.97,-1.0,125.0,125.0,62.5,-1.0,-1.0,24,24,600,4,8.6,0,0,1,1,0,0,0,128,123.39067828723002
3.0,24,32,512.0,32128,128.0,32.0,0,1,0,0,0,0,0,0,1,0,0,1,6912,432,0,108,160,432,19.5,9.7,-1.0,312.0,312.0,-1.0,156.0,19.5,40,40,1555,4,8.0,0,0,1,1,0,0,0,1,0.5847701149425287
3.0,24,32,512.0,32128,128.0,32.0,0,1,0,0,0,0,0,0,1,0,0,1,6912,432,0,108,160,432,19.5,9.7,-1.0,312.0,312.0,-1.0,156.0,19.5,40,40,1555,4,8.0,0,0,1,1,0,0,0,2,0.6666666666666666
3.0,24,32,512.0,32128,128.0,32.0,0,1,0,0,0,0,0,0,1,0,0,1,6912,432,0,108,160,432,19.5,9.7,-1.0,312.0,312.0,-1.0,156.0,19.5,40,40,1555,4,8.0,0,0,1,1,0,0,0,4,1.1914893617021276
3.0,24,32,512.0,32128,128.0,32.0,0,1,0,0,0,0,0,0,1,0,0,1,6912,432,0,108,160,432,19.5,9.7,-1.0,312.0,312.0,-1.0,156.0,19.5,40,40,1555,4,8.0,0,0,1,1,0,0,0,8,2.737931823381377
3.0,24,32,512.0,32128,128.0,32.0,0,1,0,0,0,0,0,0,1,0,0,1,6912,432,0,108,160,432,19.5,9.7,-1.0,312.0,312.0,-1.0,156.0,19.5,40,40,1555,4,8.0,0,0,1,1,0,0,0,16,8.714285714285714
3.0,24,32,512.0,32128,128.0,32.0,0,1,0,0,0,0,0,0,1,0,0,1,6912,432,0,108,160,432,19.5,9.7,-1.0,312.0,312.0,-1.0,156.0,19.5,40,40,1555,4,8.0,0,0,1,1,0,0,0,32,25.41860465116279
3.0,24,32,512.0,32128,128.0,32.0,0,1,0,0,0,0,0,0,1,0,0,1,6912,432,0,108,160,432,19.5,9.7,-1.0,312.0,312.0,-1.0,156.0,19.5,40,40,1555,4,8.0,0,0,1,1,0,0,0,64,62.70605581127733
3.0,24,32,512.0,32128,128.0,32.0,0,1,0,0,0,0,0,0,1,0,0,1,6912,432,0,108,160,432,19.5,9.7,-1.0,312.0,312.0,-1.0,156.0,19.5,40,40,1555,4,8.0,0,0,1,1,0,0,0,128,137.7230459770115
3.0,24,32,512.0,32128,128.0,32.0,0,1,0,0,0,0,0,0,1,0,0,1,16896,528,0,132,24,528,67.0,34.0,-1.0,1979.0,1979.0,989.0,-1.0,67.0,80,80,3350,5,9.0,1,1,1,0,1,0,0,1,0.4386288998357964
3.0,24,32,512.0,32128,128.0,32.0,0,1,0,0,0,0,0,0,1,0,0,1,16896,528,0,132,24,528,67.0,34.0,-1.0,1979.0,1979.0,989.0,-1.0,67.0,80,80,3350,5,9.0,1,1,1,0,1,0,0,2,0.5357142857142857
3.0,24,32,512.0,32128,128.0,32.0,0,1,0,0,0,0,0,0,1,0,0,1,16896,528,0,132,24,528,67.0,34.0,-1.0,1979.0,1979.0,989.0,-1.0,67.0,80,80,3350,5,9.0,1,1,1,0,1,0,0,4,0.96875
3.0,24,32,512.0,32128,128.0,32.0,0,1,0,0,0,0,0,0,1,0,0,1,16896,528,0,132,24,528,67.0,34.0,-1.0,1979.0,1979.0,989.0,-1.0,67.0,80,80,3350,5,9.0,1,1,1,0,1,0,0,8,1.3333333333333333
3.0,24,32,512.0,32128,128.0,32.0,0,1,0,0,0,0,0,0,1,0,0,1,16896,528,0,132,24,528,67.0,34.0,-1.0,1979.0,1979.0,989.0,-1.0,67.0,80,80,3350,5,9.0,1,1,1,0,1,0,0,16,2.0773504273504275
3.0,24,32,512.0,32128,128.0,32.0,0,1,0,0,0,0,0,0,1,0,0,1,16896,528,0,132,24,528,67.0,34.0,-1.0,1979.0,1979.0,989.0,-1.0,67.0,80,80,3350,5,9.0,1,1,1,0,1,0,0,32,3.945271779597915
3.0,24,32,512.0,32128,128.0,32.0,0,1,0,0,0,0,0,0,1,0,0,1,16896,528,0,132,24,528,67.0,34.0,-1.0,1979.0,1979.0,989.0,-1.0,67.0,80,80,3350,5,9.0,1,1,1,0,1,0,0,64,8.579569892473117
3.0,24,32,512.0,32128,128.0,32.0,0,1,0,0,0,0,0,0,1,0,0,1,16896,528,0,132,24,528,67.0,34.0,-1.0,1979.0,1979.0,989.0,-1.0,67.0,80,80,3350,5,9.0,1,1,1,0,1,0,0,128,20.0
3.0,24,32,512.0,32128,128.0,32.0,0,1,0,0,0,0,0,0,1,0,0,1,2560,320,40,40,64,160,8.1,0.25,65.0,-1.0,-1.0,-1.0,-1.0,-1.0,16,16,300,3,7.5,0,0,1,0,0,1,0,1,0.7857142857142857
3.0,24,32,512.0,32128,128.0,32.0,0,1,0,0,0,0,0,0,1,0,0,1,2560,320,40,40,64,160,8.1,0.25,65.0,-1.0,-1.0,-1.0,-1.0,-1.0,16,16,300,3,7.5,0,0,1,0,0,1,0,2,0.8571055381400209
3.0,24,32,512.0,32128,128.0,32.0,0,1,0,0,0,0,0,0,1,0,0,1,2560,320,40,40,64,160,8.1,0.25,65.0,-1.0,-1.0,-1.0,-1.0,-1.0,16,16,300,3,7.5,0,0,1,0,0,1,0,4,1.924886394012296
3.0,24,32,512.0,32128,128.0,32.0,0,1,0,0,0,0,0,0,1,0,0,1,2560,320,40,40,64,160,8.1,0.25,65.0,-1.0,-1.0,-1.0,-1.0,-1.0,16,16,300,3,7.5,0,0,1,0,0,1,0,8,6.483870967741935
3.0,24,32,512.0,32128,128.0,32.0,0,1,0,0,0,0,0,0,1,0,0,1,2560,320,40,40,64,160,8.1,0.25,65.0,-1.0,-1.0,-1.0,-1.0,-1.0,16,16,300,3,7.5,0,0,1,0,0,1,0,16,26.141176470588235
3.0,24,32,512.0,32128,128.0,32.0,0,1,0,0,0,0,0,0,1,0,0,1,2560,320,40,40,64,160,8.1,0.25,65.0,-1.0,-1.0,-1.0,-1.0,-1.0,16,16,300,3,7.5,0,0,1,0,0,1,0,32,72.81162790697674
3.0,24,32,512.0,32128,128.0,32.0,0,1,0,0,0,0,0,0,1,0,0,1,2560,320,40,40,64,160,8.1,0.25,65.0,-1.0,-1.0,-1.0,-1.0,-1.0,16,16,300,3,7.5,0,0,1,0,0,1,0,64,157.94908424908425
3.0,24,32,512.0,32128,128.0,32.0,0,1,0,0,0,0,0,0,1,0,0,1,2560,320,40,40,64,160,8.1,0.25,65.0,-1.0,-1.0,-1.0,-1.0,-1.0,16,16,300,3,7.5,0,0,1,0,0,1,0,128,305.30997404523544
3.0,24,32,512.0,32128,128.0,32.0,0,1,0,0,0,0,0,0,1,0,0,1,5120,640,0,80,128,320,14.0,7.0,120.0,112.0,-1.0,-1.0,-1.0,-1.0,16,16,900,3,7.0,0,0,1,0,0,0,1,1,0.6369241672572643
3.0,24,32,512.0,32128,128.0,32.0,0,1,0,0,0,0,0,0,1,0,0,1,5120,640,0,80,128,320,14.0,7.0,120.0,112.0,-1.0,-1.0,-1.0,-1.0,16,16,900,3,7.0,0,0,1,0,0,0,1,2,0.6704545454545454
3.0,24,32,512.0,32128,128.0,32.0,0,1,0,0,0,0,0,0,1,0,0,1,5120,640,0,80,128,320,14.0,7.0,120.0,112.0,-1.0,-1.0,-1.0,-1.0,16,16,900,3,7.0,0,0,1,0,0,0,1,4,1.411437908496732
3.0,24,32,512.0,32128,128.0,32.0,0,1,0,0,0,0,0,0,1,0,0,1,5120,640,0,80,128,320,14.0,7.0,120.0,112.0,-1.0,-1.0,-1.0,-1.0,16,16,900,3,7.0,0,0,1,0,0,0,1,8,3.170289855072464
3.0,24,32,512.0,32128,128.0,32.0,0,1,0,0,0,0,0,0,1,0,0,1,5120,640,0,80,128,320,14.0,7.0,120.0,112.0,-1.0,-1.0,-1.0,-1.0,16,16,900,3,7.0,0,0,1,0,0,0,1,16,11.980813953488372
3.0,24,32,512.0,32128,128.0,32.0,0,1,0,0,0,0,0,0,1,0,0,1,5120,640,0,80,128,320,14.0,7.0,120.0,112.0,-1.0,-1.0,-1.0,-1.0,16,16,900,3,7.0,0,0,1,0,0,0,1,32,39.76086956521739
3.0,24,32,512.0,32128,128.0,32.0,0,1,0,0,0,0,0,0,1,0,0,1,5120,640,0,80,128,320,14.0,7.0,120.0,112.0,-1.0,-1.0,-1.0,-1.0,16,16,900,3,7.0,0,0,1,0,0,0,1,64,86.25373134328358
3.0,24,32,512.0,32128,128.0,32.0,0,1,0,0,0,0,0,0,1,0,0,1,5120,640,0,80,128,320,14.0,7.0,120.0,112.0,-1.0,-1.0,-1.0,-1.0,16,16,900,3,7.0,0,0,1,0,0,0,1,128,167.64285714285717
3.0,24,32,512.0,32128,128.0,32.0,0,1,0,0,0,0,0,0,1,0,0,1,9216,288,72,72,96,288,31.2,0.97,-1.0,125.0,125.0,62.5,-1.0,-1.0,24,48,600,4,8.6,0,0,2,1,0,0,0,1,0.7159090909090909
3.0,24,32,512.0,32128,128.0,32.0,0,1,0,0,0,0,0,0,1,0,0,1,9216,288,72,72,96,288,31.2,0.97,-1.0,125.0,125.0,62.5,-1.0,-1.0,24,48,600,4,8.6,0,0,2,1,0,0,0,2,0.8103448275862069
3.0,24,32,512.0,32128,128.0,32.0,0,1,0,0,0,0,0,0,1,0,0,1,9216,288,72,72,96,288,31.2,0.97,-1.0,125.0,125.0,62.5,-1.0,-1.0,24,48,600,4,8.6,0,0,2,1,0,0,0,4,1.618266117162202
3.0,24,32,512.0,32128,128.0,32.0,0,1,0,0,0,0,0,0,1,0,0,1,9216,288,72,72,96,288,31.2,0.97,-1.0,125.0,125.0,62.5,-1.0,-1.0,24,48,600,4,8.6,0,0,2,1,0,0,0,8,2.395833333333333
3.0,24,32,512.0,32128,128.0,32.0,0,1,0,0,0,0,0,0,1,0,0,1,9216,288,72,72,96,288,31.2,0.97,-1.0,125.0,125.0,62.5,-1.0,-1.0,24,48,600,4,8.6,0,0,2,1,0,0,0,16,3.700746268656717
3.0,24,32,512.0,32128,128.0,32.0,0,1,0,0,0,0,0,0,1,0,0,1,9216,288,72,72,96,288,31.2,0.97,-1.0,125.0,125.0,62.5,-1.0,-1.0,24,48,600,4,8.6,0,0,2,1,0,0,0,32,8.227149321266968
3.0,24,32,512.0,32128,128.0,32.0,0,1,0,0,0,0,0,0,1,0,0,1,9216,288,72,72,96,288,31.2,0.97,-1.0,125.0,125.0,62.5,-1.0,-1.0,24,48,600,4,8.6,0,0,2,1,0,0,0,64,25.19148936170213
3.0,24,32,512.0,32128,128.0,32.0,0,1,0,0,0,0,0,0,1,0,0,1,9216,288,72,72,96,288,31.2,0.97,-1.0,125.0,125.0,62.5,-1.0,-1.0,24,48,600,4,8.6,0,0,2,1,0,0,0,128,71.957827143353
3.0,24,32,512.0,32128,128.0,32.0,0,1,0,0,0,0,0,0,1,0,0,1,6912,432,0,108,160,432,19.5,9.7,-1.0,312.0,312.0,-1.0,156.0,19.5,40,80,1555,4,8.0,0,0,2,1,0,0,0,1,0.7272727272727273
3.0,24,32,512.0,32128,128.0,32.0,0,1,0,0,0,0,0,0,1,0,0,1,6912,432,0,108,160,432,19.5,9.7,-1.0,312.0,312.0,-1.0,156.0,19.5,40,80,1555,4,8.0,0,0,2,1,0,0,0,2,0.8114550679205852
3.0,24,32,512.0,32128,128.0,32.0,0,1,0,0,0,0,0,0,1,0,0,1,6912,432,0,108,160,432,19.5,9.7,-1.0,312.0,312.0,-1.0,156.0,19.5,40,80,1555,4,8.0,0,0,2,1,0,0,0,4,1.6777777777777778
3.0,24,32,512.0,32128,128.0,32.0,0,1,0,0,0,0,0,0,1,0,0,1,6912,432,0,108,160,432,19.5,9.7,-1.0,312.0,312.0,-1.0,156.0,19.5,40,80,1555,4,8.0,0,0,2,1,0,0,0,8,2.238336713995943
3.0,24,32,512.0,32128,128.0,32.0,0,1,0,0,0,0,0,0,1,0,0,1,6912,432,0,108,160,432,19.5,9.7,-1.0,312.0,312.0,-1.0,156.0,19.5,40,80,1555,4,8.0,0,0,2,1,0,0,0,16,3.0889034512887728
3.0,24,32,512.0,32128,128.0,32.0,0,1,0,0,0,0,0,0,1,0,0,1,6912,432,0,108,160,432,19.5,9.7,-1.0,312.0,312.0,-1.0,156.0,19.5,40,80,1555,4,8.0,0,0,2,1,0,0,0,32,4.654509283819628
3.0,24,32,512.0,32128,128.0,32.0,0,1,0,0,0,0,0,0,1,0,0,1,6912,432,0,108,160,432,19.5,9.7,-1.0,312.0,312.0,-1.0,156.0,19.5,40,80,1555,4,8.0,0,0,2,1,0,0,0,64,9.080920697716238
3.0,24,32,512.0,32128,128.0,32.0,0,1,0,0,0,0,0,0,1,0,0,1,6912,432,0,108,160,432,19.5,9.7,-1.0,312.0,312.0,-1.0,156.0,19.5,40,80,1555,4,8.0,0,0,2,1,0,0,0,128,26.38743980738363
3.0,24,32,512.0,32128,128.0,32.0,0,1,0,0,0,0,0,0,1,0,0,1,16896,528,0,132,24,528,67.0,34.0,-1.0,1979.0,1979.0,989.0,-1.0,67.0,80,160,3350,5,9.0,1,1,2,0,1,0,0,1,0.5058823529411764
3.0,24,32,512.0,32128,128.0,32.0,0,1,0,0,0,0,0,0,1,0,0,1,16896,528,0,132,24,528,67.0,34.0,-1.0,1979.0,1979.0,989.0,-1.0,67.0,80,160,3350,5,9.0,1,1,2,0,1,0,0,2,0.6369241672572643
3.0,24,32,512.0,32128,128.0,32.0,0,1,0,0,0,0,0,0,1,0,0,1,16896,528,0,132,24,528,67.0,34.0,-1.0,1979.0,1979.0,989.0,-1.0,67.0,80,160,3350,5,9.0,1,1,2,0,1,0,0,4,1.1764705882352942
3.0,24,32,512.0,32128,128.0,32.0,0,1,0,0,0,0,0,0,1,0,0,1,16896,528,0,132,24,528,67.0,34.0,-1.0,1979.0,1979.0,989.0,-1.0,67.0,80,160,3350,5,9.0,1,1,2,0,1,0,0,8,1.5824175824175823
3.0,24,32,512.0,32128,128.0,32.0,0,1,0,0,0,0,0,0,1,0,0,1,16896,528,0,132,24,528,67.0,34.0,-1.0,1979.0,1979.0,989.0,-1.0,67.0,80,160,3350,5,9.0,1,1,2,0,1,0,0,16,2.174442190669371
3.0,24,32,512.0,32128,128.0,32.0,0,1,0,0,0,0,0,0,1,0,0,1,16896,528,0,132,24,528,67.0,34.0,-1.0,1979.0,1979.0,989.0,-1.0,67.0,80,160,3350,5,9.0,1,1,2,0,1,0,0,32,3.0689655172413794
3.0,24,32,512.0,32128,128.0,32.0,0,1,0,0,0,0,0,0,1,0,0,1,16896,528,0,132,24,528,67.0,34.0,-1.0,1979.0,1979.0,989.0,-1.0,67.0,80,160,3350,5,9.0,1,1,2,0,1,0,0,64,5.430243636858581
3.0,24,32,512.0,32128,128.0,32.0,0,1,0,0,0,0,0,0,1,0,0,1,16896,528,0,132,24,528,67.0,34.0,-1.0,1979.0,1979.0,989.0,-1.0,67.0,80,160,3350,5,9.0,1,1,2,0,1,0,0,128,11.4
3.0,24,32,512.0,32128,128.0,32.0,0,1,0,0,0,0,0,0,1,0,0,1,2560,320,40,40,64,160,8.1,0.25,65.0,-1.0,-1.0,-1.0,-1.0,-1.0,16,32,300,3,7.5,0,0,2,0,0,1,0,1,0.7295388450353137
3.0,24,32,512.0,32128,128.0,32.0,0,1,0,0,0,0,0,0,1,0,0,1,2560,320,40,40,64,160,8.1,0.25,65.0,-1.0,-1.0,-1.0,-1.0,-1.0,16,32,300,3,7.5,0,0,2,0,0,1,0,2,0.8440972222222223
3.0,24,32,512.0,32128,128.0,32.0,0,1,0,0,0,0,0,0,1,0,0,1,2560,320,40,40,64,160,8.1,0.25,65.0,-1.0,-1.0,-1.0,-1.0,-1.0,16,32,300,3,7.5,0,0,2,0,0,1,0,4,1.715043695380774
3.0,24,32,512.0,32128,128.0,32.0,0,1,0,0,0,0,0,0,1,0,0,1,2560,320,40,40,64,160,8.1,0.25,65.0,-1.0,-1.0,-1.0,-1.0,-1.0,16,32,300,3,7.5,0,0,2,0,0,1,0,8,2.988235294117647
3.0,24,32,512.0,32128,128.0,32.0,0,1,0,0,0,0,0,0,1,0,0,1,2560,320,40,40,64,160,8.1,0.25,65.0,-1.0,-1.0,-1.0,-1.0,-1.0,16,32,300,3,7.5,0,0,2,0,0,1,0,16,6.345304680600529
3.0,24,32,512.0,32128,128.0,32.0,0,1,0,0,0,0,0,0,1,0,0,1,2560,320,40,40,64,160,8.1,0.25,65.0,-1.0,-1.0,-1.0,-1.0,-1.0,16,32,300,3,7.5,0,0,2,0,0,1,0,32,20.223837209302324
3.0,24,32,512.0,32128,128.0,32.0,0,1,0,0,0,0,0,0,1,0,0,1,2560,320,40,40,64,160,8.1,0.25,65.0,-1.0,-1.0,-1.0,-1.0,-1.0,16,32,300,3,7.5,0,0,2,0,0,1,0,64,69.77680779863233
3.0,24,32,512.0,32128,128.0,32.0,0,1,0,0,0,0,0,0,1,0,0,1,2560,320,40,40,64,160,8.1,0.25,65.0,-1.0,-1.0,-1.0,-1.0,-1.0,16,32,300,3,7.5,0,0,2,0,0,1,0,128,167.75862068965515
3.0,24,32,512.0,32128,128.0,32.0,0,1,0,0,0,0,0,0,1,0,0,1,5120,640,0,80,128,320,14.0,7.0,120.0,112.0,-1.0,-1.0,-1.0,-1.0,16,32,900,3,7.0,0,0,2,0,0,0,1,1,0.7790697674418605
3.0,24,32,512.0,32128,128.0,32.0,0,1,0,0,0,0,0,0,1,0,0,1,5120,640,0,80,128,320,14.0,7.0,120.0,112.0,-1.0,-1.0,-1.0,-1.0,16,32,900,3,7.0,0,0,2,0,0,0,1,2,0.9318181818181818
3.0,24,32,512.0,32128,128.0,32.0,0,1,0,0,0,0,0,0,1,0,0,1,5120,640,0,80,128,320,14.0,7.0,120.0,112.0,-1.0,-1.0,-1.0,-1.0,16,32,900,3,7.0,0,0,2,0,0,0,1,4,1.7714285714285714
3.0,24,32,512.0,32128,128.0,32.0,0,1,0,0,0,0,0,0,1,0,0,1,5120,640,0,80,128,320,14.0,7.0,120.0,112.0,-1.0,-1.0,-1.0,-1.0,16,32,900,3,7.0,0,0,2,0,0,0,1,8,2.671641791044776
3.0,24,32,512.0,32128,128.0,32.0,0,1,0,0,0,0,0,0,1,0,0,1,5120,640,0,80,128,320,14.0,7.0,120.0,112.0,-1.0,-1.0,-1.0,-1.0,16,32,900,3,7.0,0,0,2,0,0,0,1,16,4.25
3.0,24,32,512.0,32128,128.0,32.0,0,1,0,0,0,0,0,0,1,0,0,1,5120,640,0,80,128,320,14.0,7.0,120.0,112.0,-1.0,-1.0,-1.0,-1.0,16,32,900,3,7.0,0,0,2,0,0,0,1,32,10.574468085106384
3.0,24,32,512.0,32128,128.0,32.0,0,1,0,0,0,0,0,0,1,0,0,1,5120,640,0,80,128,320,14.0,7.0,120.0,112.0,-1.0,-1.0,-1.0,-1.0,16,32,900,3,7.0,0,0,2,0,0,0,1,64,34.2093023255814
3.0,24,32,512.0,32128,128.0,32.0,0,1,0,0,0,0,0,0,1,0,0,1,5120,640,0,80,128,320,14.0,7.0,120.0,112.0,-1.0,-1.0,-1.0,-1.0,16,32,900,3,7.0,0,0,2,0,0,0,1,128,95.006430215243
3.0,24,32,512.0,32128,128.0,32.0,0,1,0,0,0,0,0,0,1,0,0,1,6912,432,0,108,160,432,19.5,9.7,-1.0,312.0,312.0,-1.0,156.0,19.5,40,160,1555,4,8.0,0,0,4,1,0,0,0,1,0.797752808988764
3.0,24,32,512.0,32128,128.0,32.0,0,1,0,0,0,0,0,0,1,0,0,1,6912,432,0,108,160,432,19.5,9.7,-1.0,312.0,312.0,-1.0,156.0,19.5,40,160,1555,4,8.0,0,0,4,1,0,0,0,2,0.8850574712643678
3.0,24,32,512.0,32128,128.0,32.0,0,1,0,0,0,0,0,0,1,0,0,1,6912,432,0,108,160,432,19.5,9.7,-1.0,312.0,312.0,-1.0,156.0,19.5,40,160,1555,4,8.0,0,0,4,1,0,0,0,4,1.6455696202531649
3.0,24,32,512.0,32128,128.0,32.0,0,1,0,0,0,0,0,0,1,0,0,1,6912,432,0,108,160,432,19.5,9.7,-1.0,312.0,312.0,-1.0,156.0,19.5,40,160,1555,4,8.0,0,0,4,1,0,0,0,8,2.4233031674208143
3.0,24,32,512.0,32128,128.0,32.0,0,1,0,0,0,0,0,0,1,0,0,1,6912,432,0,108,160,432,19.5,9.7,-1.0,312.0,312.0,-1.0,156.0,19.5,40,160,1555,4,8.0,0,0,4,1,0,0,0,16,3.392857142857143
3.0,24,32,512.0,32128,128.0,32.0,0,1,0,0,0,0,0,0,1,0,0,1,6912,432,0,108,160,432,19.5,9.7,-1.0,312.0,312.0,-1.0,156.0,19.5,40,160,1555,4,8.0,0,0,4,1,0,0,0,32,6.0120481927710845
3.0,24,32,512.0,32128,128.0,32.0,0,1,0,0,0,0,0,0,1,0,0,1,6912,432,0,108,160,432,19.5,9.7,-1.0,312.0,312.0,-1.0,156.0,19.5,40,160,1555,4,8.0,0,0,4,1,0,0,0,64,12.2225768321513
3.0,24,32,512.0,32128,128.0,32.0,0,1,0,0,0,0,0,0,1,0,0,1,6912,432,0,108,160,432,19.5,9.7,-1.0,312.0,312.0,-1.0,156.0,19.5,40,160,1555,4,8.0,0,0,4,1,0,0,0,128,28.058529411764702
3.0,24,32,512.0,32128,128.0,32.0,0,1,0,0,0,0,0,0,1,0,0,1,16896,528,0,132,24,528,67.0,34.0,-1.0,1979.0,1979.0,989.0,-1.0,67.0,80,320,3350,5,9.0,1,1,4,0,1,0,0,1,0.5301204819277109
3.0,24,32,512.0,32128,128.0,32.0,0,1,0,0,0,0,0,0,1,0,0,1,16896,528,0,132,24,528,67.0,34.0,-1.0,1979.0,1979.0,989.0,-1.0,67.0,80,320,3350,5,9.0,1,1,4,0,1,0,0,2,0.6703296703296703
3.0,24,32,512.0,32128,128.0,32.0,0,1,0,0,0,0,0,0,1,0,0,1,16896,528,0,132,24,528,67.0,34.0,-1.0,1979.0,1979.0,989.0,-1.0,67.0,80,320,3350,5,9.0,1,1,4,0,1,0,0,4,1.231604609929078
3.0,24,32,512.0,32128,128.0,32.0,0,1,0,0,0,0,0,0,1,0,0,1,16896,528,0,132,24,528,67.0,34.0,-1.0,1979.0,1979.0,989.0,-1.0,67.0,80,320,3350,5,9.0,1,1,4,0,1,0,0,8,1.623529411764706
3.0,24,32,512.0,32128,128.0,32.0,0,1,0,0,0,0,0,0,1,0,0,1,16896,528,0,132,24,528,67.0,34.0,-1.0,1979.0,1979.0,989.0,-1.0,67.0,80,320,3350,5,9.0,1,1,4,0,1,0,0,16,2.225806451612903
3.0,24,32,512.0,32128,128.0,32.0,0,1,0,0,0,0,0,0,1,0,0,1,16896,528,0,132,24,528,67.0,34.0,-1.0,1979.0,1979.0,989.0,-1.0,67.0,80,320,3350,5,9.0,1,1,4,0,1,0,0,32,2.875
3.0,24,32,512.0,32128,128.0,32.0,0,1,0,0,0,0,0,0,1,0,0,1,16896,528,0,132,24,528,67.0,34.0,-1.0,1979.0,1979.0,989.0,-1.0,67.0,80,320,3350,5,9.0,1,1,4,0,1,0,0,64,4.664728682170543
3.0,24,32,512.0,32128,128.0,32.0,0,1,0,0,0,0,0,0,1,0,0,1,16896,528,0,132,24,528,67.0,34.0,-1.0,1979.0,1979.0,989.0,-1.0,67.0,80,320,3350,5,9.0,1,1,4,0,1,0,0,128,8.858823529411765
3.0,24,32,512.0,32128,128.0,32.0,0,1,0,0,0,0,0,0,1,0,0,1,2560,320,40,40,64,160,8.1,0.25,65.0,-1.0,-1.0,-1.0,-1.0,-1.0,16,64,300,3,7.5,0,0,4,0,0,1,0,1,0.7777701778385773
3.0,24,32,512.0,32128,128.0,32.0,0,1,0,0,0,0,0,0,1,0,0,1,2560,320,40,40,64,160,8.1,0.25,65.0,-1.0,-1.0,-1.0,-1.0,-1.0,16,64,300,3,7.5,0,0,4,0,0,1,0,2,0.8674698795180723
3.0,24,32,512.0,32128,128.0,32.0,0,1,0,0,0,0,0,0,1,0,0,1,2560,320,40,40,64,160,8.1,0.25,65.0,-1.0,-1.0,-1.0,-1.0,-1.0,16,64,300,3,7.5,0,0,4,0,0,1,0,4,1.630952380952381
3.0,24,32,512.0,32128,128.0,32.0,0,1,0,0,0,0,0,0,1,0,0,1,2560,320,40,40,64,160,8.1,0.25,65.0,-1.0,-1.0,-1.0,-1.0,-1.0,16,64,300,3,7.5,0,0,4,0,0,1,0,8,2.706422018348624
3.0,24,32,512.0,32128,128.0,32.0,0,1,0,0,0,0,0,0,1,0,0,1,2560,320,40,40,64,160,8.1,0.25,65.0,-1.0,-1.0,-1.0,-1.0,-1.0,16,64,300,3,7.5,0,0,4,0,0,1,0,16,4.582417582417582
3.0,24,32,512.0,32128,128.0,32.0,0,1,0,0,0,0,0,0,1,0,0,1,2560,320,40,40,64,160,8.1,0.25,65.0,-1.0,-1.0,-1.0,-1.0,-1.0,16,64,300,3,7.5,0,0,4,0,0,1,0,32,12.68
3.0,24,32,512.0,32128,128.0,32.0,0,1,0,0,0,0,0,0,1,0,0,1,2560,320,40,40,64,160,8.1,0.25,65.0,-1.0,-1.0,-1.0,-1.0,-1.0,16,64,300,3,7.5,0,0,4,0,0,1,0,64,35.17391304347826
3.0,24,32,512.0,32128,128.0,32.0,0,1,0,0,0,0,0,0,1,0,0,1,2560,320,40,40,64,160,8.1,0.25,65.0,-1.0,-1.0,-1.0,-1.0,-1.0,16,64,300,3,7.5,0,0,4,0,0,1,0,128,85.32876332917878
3.0,24,32,512.0,32128,128.0,32.0,0,1,0,0,0,0,0,0,1,0,0,1,5120,640,0,80,128,320,14.0,7.0,120.0,112.0,-1.0,-1.0,-1.0,-1.0,16,64,900,3,7.0,0,0,4,0,0,0,1,1,0.8095238095238095
3.0,24,32,512.0,32128,128.0,32.0,0,1,0,0,0,0,0,0,1,0,0,1,5120,640,0,80,128,320,14.0,7.0,120.0,112.0,-1.0,-1.0,-1.0,-1.0,16,64,900,3,7.0,0,0,4,0,0,0,1,2,0.9673295454545454
3.0,24,32,512.0,32128,128.0,32.0,0,1,0,0,0,0,0,0,1,0,0,1,5120,640,0,80,128,320,14.0,7.0,120.0,112.0,-1.0,-1.0,-1.0,-1.0,16,64,900,3,7.0,0,0,4,0,0,0,1,4,1.8020833333333333
3.0,24,32,512.0,32128,128.0,32.0,0,1,0,0,0,0,0,0,1,0,0,1,5120,640,0,80,128,320,14.0,7.0,120.0,112.0,-1.0,-1.0,-1.0,-1.0,16,64,900,3,7.0,0,0,4,0,0,0,1,8,2.6954281183932345
3.0,24,32,512.0,32128,128.0,32.0,0,1,0,0,0,0,0,0,1,0,0,1,5120,640,0,80,128,320,14.0,7.0,120.0,112.0,-1.0,-1.0,-1.0,-1.0,16,64,900,3,7.0,0,0,4,0,0,0,1,16,4.213483146067416
3.0,24,32,512.0,32128,128.0,32.0,0,1,0,0,0,0,0,0,1,0,0,1,5120,640,0,80,128,320,14.0,7.0,120.0,112.0,-1.0,-1.0,-1.0,-1.0,16,64,900,3,7.0,0,0,4,0,0,0,1,32,8.522388059701493
3.0,24,32,512.0,32128,128.0,32.0,0,1,0,0,0,0,0,0,1,0,0,1,5120,640,0,80,128,320,14.0,7.0,120.0,112.0,-1.0,-1.0,-1.0,-1.0,16,64,900,3,7.0,0,0,4,0,0,0,1,64,19.22938082715754
3.0,24,32,512.0,32128,128.0,32.0,0,1,0,0,0,0,0,0,1,0,0,1,5120,640,0,80,128,320,14.0,7.0,120.0,112.0,-1.0,-1.0,-1.0,-1.0,16,64,900,3,7.0,0,0,4,0,0,0,1,128,54.63095238095238
11.0,24,64,-1.0,32128,128.0,32.0,0,1,0,0,0,0,0,0,1,0,0,1,6912,432,0,108,160,432,19.5,9.7,-1.0,312.0,312.0,-1.0,156.0,19.5,40,40,1555,4,8.0,0,0,1,1,0,0,0,1,0.5872210953346856
11.0,24,64,-1.0,32128,128.0,32.0,0,1,0,0,0,0,0,0,1,0,0,1,6912,432,0,108,160,432,19.5,9.7,-1.0,312.0,312.0,-1.0,156.0,19.5,40,40,1555,4,8.0,0,0,1,1,0,0,0,2,0.6705882352941176
11.0,24,64,-1.0,32128,128.0,32.0,0,1,0,0,0,0,0,0,1,0,0,1,6912,432,0,108,160,432,19.5,9.7,-1.0,312.0,312.0,-1.0,156.0,19.5,40,40,1555,4,8.0,0,0,1,1,0,0,0,4,1.3076923076923077
11.0,24,64,-1.0,32128,128.0,32.0,0,1,0,0,0,0,0,0,1,0,0,1,6912,432,0,108,160,432,19.5,9.7,-1.0,312.0,312.0,-1.0,156.0,19.5,40,40,1555,4,8.0,0,0,1,1,0,0,0,8,3.6080801551389774
11.0,24,64,-1.0,32128,128.0,32.0,0,1,0,0,0,0,0,0,1,0,0,1,6912,432,0,108,160,432,19.5,9.7,-1.0,312.0,312.0,-1.0,156.0,19.5,40,40,1555,4,8.0,0,0,1,1,0,0,0,16,14.10005238344683
11.0,24,64,-1.0,32128,128.0,32.0,0,1,0,0,0,0,0,0,1,0,0,1,6912,432,0,108,160,432,19.5,9.7,-1.0,312.0,312.0,-1.0,156.0,19.5,40,40,1555,4,8.0,0,0,1,1,0,0,0,32,44.01724137931034
11.0,24,64,-1.0,32128,128.0,32.0,0,1,0,0,0,0,0,0,1,0,0,1,6912,432,0,108,160,432,19.5,9.7,-1.0,312.0,312.0,-1.0,156.0,19.5,40,40,1555,4,8.0,0,0,1,1,0,0,0,64,93.32142857142856
11.0,24,64,-1.0,32128,128.0,32.0,0,1,0,0,0,0,0,0,1,0,0,1,6912,432,0,108,160,432,19.5,9.7,-1.0,312.0,312.0,-1.0,156.0,19.5,40,40,1555,4,8.0,0,0,1,1,0,0,0,128,192.09800323799243
11.0,24,64,-1.0,32128,128.0,32.0,0,1,0,0,0,0,0,0,1,0,0,1,16896,528,0,132,24,528,67.0,34.0,-1.0,1979.0,1979.0,989.0,-1.0,67.0,80,80,3350,5,9.0,1,1,1,0,1,0,0,1,0.4367816091954023
11.0,24,64,-1.0,32128,128.0,32.0,0,1,0,0,0,0,0,0,1,0,0,1,16896,528,0,132,24,528,67.0,34.0,-1.0,1979.0,1979.0,989.0,-1.0,67.0,80,80,3350,5,9.0,1,1,1,0,1,0,0,2,0.5357142857142857
11.0,24,64,-1.0,32128,128.0,32.0,0,1,0,0,0,0,0,0,1,0,0,1,16896,528,0,132,24,528,67.0,34.0,-1.0,1979.0,1979.0,989.0,-1.0,67.0,80,80,3350,5,9.0,1,1,1,0,1,0,0,4,1.0165206508135167
11.0,24,64,-1.0,32128,128.0,32.0,0,1,0,0,0,0,0,0,1,0,0,1,16896,528,0,132,24,528,67.0,34.0,-1.0,1979.0,1979.0,989.0,-1.0,67.0,80,80,3350,5,9.0,1,1,1,0,1,0,0,8,1.5443037974683544
11.0,24,64,-1.0,32128,128.0,32.0,0,1,0,0,0,0,0,0,1,0,0,1,16896,528,0,132,24,528,67.0,34.0,-1.0,1979.0,1979.0,989.0,-1.0,67.0,80,80,3350,5,9.0,1,1,1,0,1,0,0,16,2.8068312284730195
11.0,24,64,-1.0,32128,128.0,32.0,0,1,0,0,0,0,0,0,1,0,0,1,16896,528,0,132,24,528,67.0,34.0,-1.0,1979.0,1979.0,989.0,-1.0,67.0,80,80,3350,5,9.0,1,1,1,0,1,0,0,32,7.224972191323693
11.0,24,64,-1.0,32128,128.0,32.0,0,1,0,0,0,0,0,0,1,0,0,1,16896,528,0,132,24,528,67.0,34.0,-1.0,1979.0,1979.0,989.0,-1.0,67.0,80,80,3350,5,9.0,1,1,1,0,1,0,0,64,19.488636363636363
11.0,24,64,-1.0,32128,128.0,32.0,0,1,0,0,0,0,0,0,1,0,0,1,16896,528,0,132,24,528,67.0,34.0,-1.0,1979.0,1979.0,989.0,-1.0,67.0,80,80,3350,5,9.0,1,1,1,0,1,0,0,128,58.28409090909091
11.0,24,64,-1.0,32128,128.0,32.0,0,1,0,0,0,0,0,0,1,0,0,1,9216,288,72,72,96,288,31.2,0.97,-1.0,125.0,125.0,62.5,-1.0,-1.0,24,48,600,4,8.6,0,0,2,1,0,0,0,1,0.7845185728250244
11.0,24,64,-1.0,32128,128.0,32.0,0,1,0,0,0,0,0,0,1,0,0,1,9216,288,72,72,96,288,31.2,0.97,-1.0,125.0,125.0,62.5,-1.0,-1.0,24,48,600,4,8.6,0,0,2,1,0,0,0,2,0.9285714285714286
11.0,24,64,-1.0,32128,128.0,32.0,0,1,0,0,0,0,0,0,1,0,0,1,9216,288,72,72,96,288,31.2,0.97,-1.0,125.0,125.0,62.5,-1.0,-1.0,24,48,600,4,8.6,0,0,2,1,0,0,0,4,1.7674418604651163
11.0,24,64,-1.0,32128,128.0,32.0,0,1,0,0,0,0,0,0,1,0,0,1,9216,288,72,72,96,288,31.2,0.97,-1.0,125.0,125.0,62.5,-1.0,-1.0,24,48,600,4,8.6,0,0,2,1,0,0,0,8,3.568143459915612
11.0,24,64,-1.0,32128,128.0,32.0,0,1,0,0,0,0,0,0,1,0,0,1,9216,288,72,72,96,288,31.2,0.97,-1.0,125.0,125.0,62.5,-1.0,-1.0,24,48,600,4,8.6,0,0,2,1,0,0,0,16,12.294117647058824
11.0,24,64,-1.0,32128,128.0,32.0,0,1,0,0,0,0,0,0,1,0,0,1,9216,288,72,72,96,288,31.2,0.97,-1.0,125.0,125.0,62.5,-1.0,-1.0,24,48,600,4,8.6,0,0,2,1,0,0,0,32,43.85227272727273
11.0,24,64,-1.0,32128,128.0,32.0,0,1,0,0,0,0,0,0,1,0,0,1,9216,288,72,72,96,288,31.2,0.97,-1.0,125.0,125.0,62.5,-1.0,-1.0,24,48,600,4,8.6,0,0,2,1,0,0,0,64,101.98507462686568
11.0,24,64,-1.0,32128,128.0,32.0,0,1,0,0,0,0,0,0,1,0,0,1,9216,288,72,72,96,288,31.2,0.97,-1.0,125.0,125.0,62.5,-1.0,-1.0,24,48,600,4,8.6,0,0,2,1,0,0,0,128,200.11494252873564
11.0,24,64,-1.0,32128,128.0,32.0,0,1,0,0,0,0,0,0,1,0,0,1,6912,432,0,108,160,432,19.5,9.7,-1.0,312.0,312.0,-1.0,156.0,19.5,40,80,1555,4,8.0,0,0,2,1,0,0,0,1,0.71669341894061
11.0,24,64,-1.0,32128,128.0,32.0,0,1,0,0,0,0,0,0,1,0,0,1,6912,432,0,108,160,432,19.5,9.7,-1.0,312.0,312.0,-1.0,156.0,19.5,40,80,1555,4,8.0,0,0,2,1,0,0,0,2,0.7705996399390667
11.0,24,64,-1.0,32128,128.0,32.0,0,1,0,0,0,0,0,0,1,0,0,1,6912,432,0,108,160,432,19.5,9.7,-1.0,312.0,312.0,-1.0,156.0,19.5,40,80,1555,4,8.0,0,0,2,1,0,0,0,4,1.6129032258064515
11.0,24,64,-1.0,32128,128.0,32.0,0,1,0,0,0,0,0,0,1,0,0,1,6912,432,0,108,160,432,19.5,9.7,-1.0,312.0,312.0,-1.0,156.0,19.5,40,80,1555,4,8.0,0,0,2,1,0,0,0,8,2.3505747126436782
11.0,24,64,-1.0,32128,128.0,32.0,0,1,0,0,0,0,0,0,1,0,0,1,6912,432,0,108,160,432,19.5,9.7,-1.0,312.0,312.0,-1.0,156.0,19.5,40,80,1555,4,8.0,0,0,2,1,0,0,0,16,3.7204301075268815
11.0,24,64,-1.0,32128,128.0,32.0,0,1,0,0,0,0,0,0,1,0,0,1,6912,432,0,108,160,432,19.5,9.7,-1.0,312.0,312.0,-1.0,156.0,19.5,40,80,1555,4,8.0,0,0,2,1,0,0,0,32,7.308943089430894
11.0,24,64,-1.0,32128,128.0,32.0,0,1,0,0,0,0,0,0,1,0,0,1,6912,432,0,108,160,432,19.5,9.7,-1.0,312.0,312.0,-1.0,156.0,19.5,40,80,1555,4,8.0,0,0,2,1,0,0,0,64,25.86206896551724
11.0,24,64,-1.0,32128,128.0,32.0,0,1,0,0,0,0,0,0,1,0,0,1,6912,432,0,108,160,432,19.5,9.7,-1.0,312.0,312.0,-1.0,156.0,19.5,40,80,1555,4,8.0,0,0,2,1,0,0,0,128,83.04477611940298
11.0,24,64,-1.0,32128,128.0,32.0,0,1,0,0,0,0,0,0,1,0,0,1,16896,528,0,132,24,528,67.0,34.0,-1.0,1979.0,1979.0,989.0,-1.0,67.0,80,160,3350,5,9.0,1,1,2,0,1,0,0,1,0.5411764705882353
11.0,24,64,-1.0,32128,128.0,32.0,0,1,0,0,0,0,0,0,1,0,0,1,16896,528,0,132,24,528,67.0,34.0,-1.0,1979.0,1979.0,989.0,-1.0,67.0,80,160,3350,5,9.0,1,1,2,0,1,0,0,2,0.6785714285714286
11.0,24,64,-1.0,32128,128.0,32.0,0,1,0,0,0,0,0,0,1,0,0,1,16896,528,0,132,24,528,67.0,34.0,-1.0,1979.0,1979.0,989.0,-1.0,67.0,80,160,3350,5,9.0,1,1,2,0,1,0,0,4,1.297872340425532
11.0,24,64,-1.0,32128,128.0,32.0,0,1,0,0,0,0,0,0,1,0,0,1,16896,528,0,132,24,528,67.0,34.0,-1.0,1979.0,1979.0,989.0,-1.0,67.0,80,160,3350,5,9.0,1,1,2,0,1,0,0,8,1.804026741293532
11.0,24,64,-1.0,32128,128.0,32.0,0,1,0,0,0,0,0,0,1,0,0,1,16896,528,0,132,24,528,67.0,34.0,-1.0,1979.0,1979.0,989.0,-1.0,67.0,80,160,3350,5,9.0,1,1,2,0,1,0,0,16,2.557478858350952
11.0,24,64,-1.0,32128,128.0,32.0,0,1,0,0,0,0,0,0,1,0,0,1,16896,528,0,132,24,528,67.0,34.0,-1.0,1979.0,1979.0,989.0,-1.0,67.0,80,160,3350,5,9.0,1,1,2,0,1,0,0,32,4.331501831501831
11.0,24,64,-1.0,32128,128.0,32.0,0,1,0,0,0,0,0,0,1,0,0,1,16896,528,0,132,24,528,67.0,34.0,-1.0,1979.0,1979.0,989.0,-1.0,67.0,80,160,3350,5,9.0,1,1,2,0,1,0,0,64,9.372093023255816
11.0,24,64,-1.0,32128,128.0,32.0,0,1,0,0,0,0,0,0,1,0,0,1,16896,528,0,132,24,528,67.0,34.0,-1.0,1979.0,1979.0,989.0,-1.0,67.0,80,160,3350,5,9.0,1,1,2,0,1,0,0,128,30.666666666666668
11.0,24,64,-1.0,32128,128.0,32.0,0,1,0,0,0,0,0,0,1,0,0,1,6912,432,0,108,160,432,19.5,9.7,-1.0,312.0,312.0,-1.0,156.0,19.5,40,160,1555,4,8.0,0,0,4,1,0,0,0,1,0.75
11.0,24,64,-1.0,32128,128.0,32.0,0,1,0,0,0,0,0,0,1,0,0,1,6912,432,0,108,160,432,19.5,9.7,-1.0,312.0,312.0,-1.0,156.0,19.5,40,160,1555,4,8.0,0,0,4,1,0,0,0,2,0.8313253012048193
11.0,24,64,-1.0,32128,128.0,32.0,0,1,0,0,0,0,0,0,1,0,0,1,6912,432,0,108,160,432,19.5,9.7,-1.0,312.0,312.0,-1.0,156.0,19.5,40,160,1555,4,8.0,0,0,4,1,0,0,0,4,1.705397431447414
11.0,24,64,-1.0,32128,128.0,32.0,0,1,0,0,0,0,0,0,1,0,0,1,6912,432,0,108,160,432,19.5,9.7,-1.0,312.0,312.0,-1.0,156.0,19.5,40,160,1555,4,8.0,0,0,4,1,0,0,0,8,2.5304228619635136
11.0,24,64,-1.0,32128,128.0,32.0,0,1,0,0,0,0,0,0,1,0,0,1,6912,432,0,108,160,432,19.5,9.7,-1.0,312.0,312.0,-1.0,156.0,19.5,40,160,1555,4,8.0,0,0,4,1,0,0,0,16,3.970149253731343
11.0,24,64,-1.0,32128,128.0,32.0,0,1,0,0,0,0,0,0,1,0,0,1,6912,432,0,108,160,432,19.5,9.7,-1.0,312.0,312.0,-1.0,156.0,19.5,40,160,1555,4,8.0,0,0,4,1,0,0,0,32,8.819875776397515
11.0,24,64,-1.0,32128,128.0,32.0,0,1,0,0,0,0,0,0,1,0,0,1,6912,432,0,108,160,432,19.5,9.7,-1.0,312.0,312.0,-1.0,156.0,19.5,40,160,1555,4,8.0,0,0,4,1,0,0,0,64,21.310344827586206
11.0,24,64,-1.0,32128,128.0,32.0,0,1,0,0,0,0,0,0,1,0,0,1,6912,432,0,108,160,432,19.5,9.7,-1.0,312.0,312.0,-1.0,156.0,19.5,40,160,1555,4,8.0,0,0,4,1,0,0,0,128,61.99364924279433
11.0,24,64,-1.0,32128,128.0,32.0,0,1,0,0,0,0,0,0,1,0,0,1,16896,528,0,132,24,528,67.0,34.0,-1.0,1979.0,1979.0,989.0,-1.0,67.0,80,320,3350,5,9.0,1,1,4,0,1,0,0,1,0.5357142857142857
11.0,24,64,-1.0,32128,128.0,32.0,0,1,0,0,0,0,0,0,1,0,0,1,16896,528,0,132,24,528,67.0,34.0,-1.0,1979.0,1979.0,989.0,-1.0,67.0,80,320,3350,5,9.0,1,1,4,0,1,0,0,2,0.6941176470588235
11.0,24,64,-1.0,32128,128.0,32.0,0,1,0,0,0,0,0,0,1,0,0,1,16896,528,0,132,24,528,67.0,34.0,-1.0,1979.0,1979.0,989.0,-1.0,67.0,80,320,3350,5,9.0,1,1,4,0,1,0,0,4,1.2664835164835164
11.0,24,64,-1.0,32128,128.0,32.0,0,1,0,0,0,0,0,0,1,0,0,1,16896,528,0,132,24,528,67.0,34.0,-1.0,1979.0,1979.0,989.0,-1.0,67.0,80,320,3350,5,9.0,1,1,4,0,1,0,0,8,1.7616632860040569
11.0,24,64,-1.0,32128,128.0,32.0,0,1,0,0,0,0,0,0,1,0,0,1,16896,528,0,132,24,528,67.0,34.0,-1.0,1979.0,1979.0,989.0,-1.0,67.0,80,320,3350,5,9.0,1,1,4,0,1,0,0,16,2.285058977719528
11.0,24,64,-1.0,32128,128.0,32.0,0,1,0,0,0,0,0,0,1,0,0,1,16896,528,0,132,24,528,67.0,34.0,-1.0,1979.0,1979.0,989.0,-1.0,67.0,80,320,3350,5,9.0,1,1,4,0,1,0,0,32,3.476467331118494
11.0,24,64,-1.0,32128,128.0,32.0,0,1,0,0,0,0,0,0,1,0,0,1,16896,528,0,132,24,528,67.0,34.0,-1.0,1979.0,1979.0,989.0,-1.0,67.0,80,320,3350,5,9.0,1,1,4,0,1,0,0,64,6.538461538461538
11.0,24,64,-1.0,32128,128.0,32.0,0,1,0,0,0,0,0,0,1,0,0,1,16896,528,0,132,24,528,67.0,34.0,-1.0,1979.0,1979.0,989.0,-1.0,67.0,80,320,3350,5,9.0,1,1,4,0,1,0,0,128,14.08372877122877
11.0,24,64,-1.0,32128,128.0,32.0,0,1,0,0,0,0,0,0,1,0,0,1,2560,320,40,40,64,160,8.1,0.25,65.0,-1.0,-1.0,-1.0,-1.0,-1.0,16,64,300,3,7.5,0,0,4,0,0,1,0,1,0.9534820824881676
11.0,24,64,-1.0,32128,128.0,32.0,0,1,0,0,0,0,0,0,1,0,0,1,2560,320,40,40,64,160,8.1,0.25,65.0,-1.0,-1.0,-1.0,-1.0,-1.0,16,64,300,3,7.5,0,0,4,0,0,1,0,2,1.0804597701149423
11.0,24,64,-1.0,32128,128.0,32.0,0,1,0,0,0,0,0,0,1,0,0,1,2560,320,40,40,64,160,8.1,0.25,65.0,-1.0,-1.0,-1.0,-1.0,-1.0,16,64,300,3,7.5,0,0,4,0,0,1,0,4,2.073808601317319
11.0,24,64,-1.0,32128,128.0,32.0,0,1,0,0,0,0,0,0,1,0,0,1,2560,320,40,40,64,160,8.1,0.25,65.0,-1.0,-1.0,-1.0,-1.0,-1.0,16,64,300,3,7.5,0,0,4,0,0,1,0,8,3.933333333333333
11.0,24,64,-1.0,32128,128.0,32.0,0,1,0,0,0,0,0,0,1,0,0,1,2560,320,40,40,64,160,8.1,0.25,65.0,-1.0,-1.0,-1.0,-1.0,-1.0,16,64,300,3,7.5,0,0,4,0,0,1,0,16,14.055555555555555
11.0,24,64,-1.0,32128,128.0,32.0,0,1,0,0,0,0,0,0,1,0,0,1,2560,320,40,40,64,160,8.1,0.25,65.0,-1.0,-1.0,-1.0,-1.0,-1.0,16,64,300,3,7.5,0,0,4,0,0,1,0,32,51.190644932671866
11.0,24,64,-1.0,32128,128.0,32.0,0,1,0,0,0,0,0,0,1,0,0,1,2560,320,40,40,64,160,8.1,0.25,65.0,-1.0,-1.0,-1.0,-1.0,-1.0,16,64,300,3,7.5,0,0,4,0,0,1,0,64,126.28735632183908
11.0,24,64,-1.0,32128,128.0,32.0,0,1,0,0,0,0,0,0,1,0,0,1,2560,320,40,40,64,160,8.1,0.25,65.0,-1.0,-1.0,-1.0,-1.0,-1.0,16,64,300,3,7.5,0,0,4,0,0,1,0,128,255.6010695187166
11.0,24,64,-1.0,32128,128.0,32.0,0,1,0,0,0,0,0,0,1,0,0,1,5120,640,0,80,128,320,14.0,7.0,120.0,112.0,-1.0,-1.0,-1.0,-1.0,16,64,900,3,7.0,0,0,4,0,0,0,1,1,0.8224292518912861
11.0,24,64,-1.0,32128,128.0,32.0,0,1,0,0,0,0,0,0,1,0,0,1,5120,640,0,80,128,320,14.0,7.0,120.0,112.0,-1.0,-1.0,-1.0,-1.0,16,64,900,3,7.0,0,0,4,0,0,0,1,2,0.9763305322128852
11.0,24,64,-1.0,32128,128.0,32.0,0,1,0,0,0,0,0,0,1,0,0,1,5120,640,0,80,128,320,14.0,7.0,120.0,112.0,-1.0,-1.0,-1.0,-1.0,16,64,900,3,7.0,0,0,4,0,0,0,1,4,1.89010989010989
11.0,24,64,-1.0,32128,128.0,32.0,0,1,0,0,0,0,0,0,1,0,0,1,5120,640,0,80,128,320,14.0,7.0,120.0,112.0,-1.0,-1.0,-1.0,-1.0,16,64,900,3,7.0,0,0,4,0,0,0,1,8,3.1989927861712264
11.0,24,64,-1.0,32128,128.0,32.0,0,1,0,0,0,0,0,0,1,0,0,1,5120,640,0,80,128,320,14.0,7.0,120.0,112.0,-1.0,-1.0,-1.0,-1.0,16,64,900,3,7.0,0,0,4,0,0,0,1,16,8.0
11.0,24,64,-1.0,32128,128.0,32.0,0,1,0,0,0,0,0,0,1,0,0,1,5120,640,0,80,128,320,14.0,7.0,120.0,112.0,-1.0,-1.0,-1.0,-1.0,16,64,900,3,7.0,0,0,4,0,0,0,1,32,27.611940298507463
11.0,24,64,-1.0,32128,128.0,32.0,0,1,0,0,0,0,0,0,1,0,0,1,5120,640,0,80,128,320,14.0,7.0,120.0,112.0,-1.0,-1.0,-1.0,-1.0,16,64,900,3,7.0,0,0,4,0,0,0,1,64,75.36975407645014
11.0,24,64,-1.0,32128,128.0,32.0,0,1,0,0,0,0,0,0,1,0,0,1,5120,640,0,80,128,320,14.0,7.0,120.0,112.0,-1.0,-1.0,-1.0,-1.0,16,64,900,3,7.0,0,0,4,0,0,0,1,128,154.60919540229884
20.0,32,16,512.0,32128,128.0,32.0,0,1,0,0,0,0,0,0,1,1,0,0,16896,528,0,132,24,528,67.0,34.0,-1.0,1979.0,1979.0,989.0,-1.0,67.0,80,80,3350,5,9.0,1,1,1,0,1,0,0,1,0.4819277108433735
20.0,32,16,512.0,32128,128.0,32.0,0,1,0,0,0,0,0,0,1,1,0,0,16896,528,0,132,24,528,67.0,34.0,-1.0,1979.0,1979.0,989.0,-1.0,67.0,80,80,3350,5,9.0,1,1,1,0,1,0,0,2,0.6785714285714286
20.0,32,16,512.0,32128,128.0,32.0,0,1,0,0,0,0,0,0,1,1,0,0,16896,528,0,132,24,528,67.0,34.0,-1.0,1979.0,1979.0,989.0,-1.0,67.0,80,80,3350,5,9.0,1,1,1,0,1,0,0,4,1.2558647026732133
20.0,32,16,512.0,32128,128.0,32.0,0,1,0,0,0,0,0,0,1,1,0,0,16896,528,0,132,24,528,67.0,34.0,-1.0,1979.0,1979.0,989.0,-1.0,67.0,80,80,3350,5,9.0,1,1,1,0,1,0,0,8,1.9294117647058824
20.0,32,16,512.0,32128,128.0,32.0,0,1,0,0,0,0,0,0,1,1,0,0,16896,528,0,132,24,528,67.0,34.0,-1.0,1979.0,1979.0,989.0,-1.0,67.0,80,80,3350,5,9.0,1,1,1,0,1,0,0,16,4.25
20.0,32,16,512.0,32128,128.0,32.0,0,1,0,0,0,0,0,0,1,1,0,0,16896,528,0,132,24,528,67.0,34.0,-1.0,1979.0,1979.0,989.0,-1.0,67.0,80,80,3350,5,9.0,1,1,1,0,1,0,0,32,17.333333333333332
20.0,32,16,512.0,32128,128.0,32.0,0,1,0,0,0,0,0,0,1,1,0,0,16896,528,0,132,24,528,67.0,34.0,-1.0,1979.0,1979.0,989.0,-1.0,67.0,80,80,3350,5,9.0,1,1,1,0,1,0,0,64,48.392405063291136
20.0,32,16,512.0,32128,128.0,32.0,0,1,0,0,0,0,0,0,1,1,0,0,16896,528,0,132,24,528,67.0,34.0,-1.0,1979.0,1979.0,989.0,-1.0,67.0,80,80,3350,5,9.0,1,1,1,0,1,0,0,128,104.76136363636364
20.0,32,16,512.0,32128,128.0,32.0,0,1,0,0,0,0,0,0,1,1,0,0,6912,432,0,108,160,432,19.5,9.7,-1.0,312.0,312.0,-1.0,156.0,19.5,40,80,1555,4,8.0,0,0,2,1,0,0,0,1,0.9166666666666666
20.0,32,16,512.0,32128,128.0,32.0,0,1,0,0,0,0,0,0,1,1,0,0,6912,432,0,108,160,432,19.5,9.7,-1.0,312.0,312.0,-1.0,156.0,19.5,40,80,1555,4,8.0,0,0,2,1,0,0,0,2,1.0804597701149423
20.0,32,16,512.0,32128,128.0,32.0,0,1,0,0,0,0,0,0,1,1,0,0,6912,432,0,108,160,432,19.5,9.7,-1.0,312.0,312.0,-1.0,156.0,19.5,40,80,1555,4,8.0,0,0,2,1,0,0,0,4,2.212072548649159
20.0,32,16,512.0,32128,128.0,32.0,0,1,0,0,0,0,0,0,1,1,0,0,6912,432,0,108,160,432,19.5,9.7,-1.0,312.0,312.0,-1.0,156.0,19.5,40,80,1555,4,8.0,0,0,2,1,0,0,0,8,3.397727272727273
20.0,32,16,512.0,32128,128.0,32.0,0,1,0,0,0,0,0,0,1,1,0,0,6912,432,0,108,160,432,19.5,9.7,-1.0,312.0,312.0,-1.0,156.0,19.5,40,80,1555,4,8.0,0,0,2,1,0,0,0,16,8.604949874686717
20.0,32,16,512.0,32128,128.0,32.0,0,1,0,0,0,0,0,0,1,1,0,0,6912,432,0,108,160,432,19.5,9.7,-1.0,312.0,312.0,-1.0,156.0,19.5,40,80,1555,4,8.0,0,0,2,1,0,0,0,32,30.82758620689655
20.0,32,16,512.0,32128,128.0,32.0,0,1,0,0,0,0,0,0,1,1,0,0,6912,432,0,108,160,432,19.5,9.7,-1.0,312.0,312.0,-1.0,156.0,19.5,40,80,1555,4,8.0,0,0,2,1,0,0,0,64,79.83132530120481
20.0,32,16,512.0,32128,128.0,32.0,0,1,0,0,0,0,0,0,1,1,0,0,6912,432,0,108,160,432,19.5,9.7,-1.0,312.0,312.0,-1.0,156.0,19.5,40,80,1555,4,8.0,0,0,2,1,0,0,0,128,168.4864341085271
20.0,32,16,512.0,32128,128.0,32.0,0,1,0,0,0,0,0,0,1,1,0,0,16896,528,0,132,24,528,67.0,34.0,-1.0,1979.0,1979.0,989.0,-1.0,67.0,80,160,3350,5,9.0,1,1,2,0,1,0,0,1,0.6358288770053475
20.0,32,16,512.0,32128,128.0,32.0,0,1,0,0,0,0,0,0,1,1,0,0,16896,528,0,132,24,528,67.0,34.0,-1.0,1979.0,1979.0,989.0,-1.0,67.0,80,160,3350,5,9.0,1,1,2,0,1,0,0,2,0.8809523809523809
20.0,32,16,512.0,32128,128.0,32.0,0,1,0,0,0,0,0,0,1,1,0,0,16896,528,0,132,24,528,67.0,34.0,-1.0,1979.0,1979.0,989.0,-1.0,67.0,80,160,3350,5,9.0,1,1,2,0,1,0,0,4,1.671641791044776
20.0,32,16,512.0,32128,128.0,32.0,0,1,0,0,0,0,0,0,1,1,0,0,16896,528,0,132,24,528,67.0,34.0,-1.0,1979.0,1979.0,989.0,-1.0,67.0,80,160,3350,5,9.0,1,1,2,0,1,0,0,8,2.2366946778711485
20.0,32,16,512.0,32128,128.0,32.0,0,1,0,0,0,0,0,0,1,1,0,0,16896,528,0,132,24,528,67.0,34.0,-1.0,1979.0,1979.0,989.0,-1.0,67.0,80,160,3350,5,9.0,1,1,2,0,1,0,0,16,3.1250161436135864
20.0,32,16,512.0,32128,128.0,32.0,0,1,0,0,0,0,0,0,1,1,0,0,16896,528,0,132,24,528,67.0,34.0,-1.0,1979.0,1979.0,989.0,-1.0,67.0,80,160,3350,5,9.0,1,1,2,0,1,0,0,32,5.193789118921521
20.0,32,16,512.0,32128,128.0,32.0,0,1,0,0,0,0,0,0,1,1,0,0,16896,528,0,132,24,528,67.0,34.0,-1.0,1979.0,1979.0,989.0,-1.0,67.0,80,160,3350,5,9.0,1,1,2,0,1,0,0,64,10.327423329682366
20.0,32,16,512.0,32128,128.0,32.0,0,1,0,0,0,0,0,0,1,1,0,0,16896,528,0,132,24,528,67.0,34.0,-1.0,1979.0,1979.0,989.0,-1.0,67.0,80,160,3350,5,9.0,1,1,2,0,1,0,0,128,23.257183908045977
20.0,32,16,512.0,32128,128.0,32.0,0,1,0,0,0,0,0,0,1,1,0,0,6912,432,0,108,160,432,19.5,9.7,-1.0,312.0,312.0,-1.0,156.0,19.5,40,160,1555,4,8.0,0,0,4,1,0,0,0,1,1.058139534883721
20.0,32,16,512.0,32128,128.0,32.0,0,1,0,0,0,0,0,0,1,1,0,0,6912,432,0,108,160,432,19.5,9.7,-1.0,312.0,312.0,-1.0,156.0,19.5,40,160,1555,4,8.0,0,0,4,1,0,0,0,2,1.206896551724138
20.0,32,16,512.0,32128,128.0,32.0,0,1,0,0,0,0,0,0,1,1,0,0,6912,432,0,108,160,432,19.5,9.7,-1.0,312.0,312.0,-1.0,156.0,19.5,40,160,1555,4,8.0,0,0,4,1,0,0,0,4,2.230769230769231
20.0,32,16,512.0,32128,128.0,32.0,0,1,0,0,0,0,0,0,1,1,0,0,6912,432,0,108,160,432,19.5,9.7,-1.0,312.0,312.0,-1.0,156.0,19.5,40,160,1555,4,8.0,0,0,4,1,0,0,0,8,3.511904761904762
20.0,32,16,512.0,32128,128.0,32.0,0,1,0,0,0,0,0,0,1,1,0,0,6912,432,0,108,160,432,19.5,9.7,-1.0,312.0,312.0,-1.0,156.0,19.5,40,160,1555,4,8.0,0,0,4,1,0,0,0,16,5.489583333333333
20.0,32,16,512.0,32128,128.0,32.0,0,1,0,0,0,0,0,0,1,1,0,0,6912,432,0,108,160,432,19.5,9.7,-1.0,312.0,312.0,-1.0,156.0,19.5,40,160,1555,4,8.0,0,0,4,1,0,0,0,32,12.102564102564102
20.0,32,16,512.0,32128,128.0,32.0,0,1,0,0,0,0,0,0,1,1,0,0,6912,432,0,108,160,432,19.5,9.7,-1.0,312.0,312.0,-1.0,156.0,19.5,40,160,1555,4,8.0,0,0,4,1,0,0,0,64,29.25
20.0,32,16,512.0,32128,128.0,32.0,0,1,0,0,0,0,0,0,1,1,0,0,6912,432,0,108,160,432,19.5,9.7,-1.0,312.0,312.0,-1.0,156.0,19.5,40,160,1555,4,8.0,0,0,4,1,0,0,0,128,104.0111111111111
20.0,32,16,512.0,32128,128.0,32.0,0,1,0,0,0,0,0,0,1,1,0,0,16896,528,0,132,24,528,67.0,34.0,-1.0,1979.0,1979.0,989.0,-1.0,67.0,80,320,3350,5,9.0,1,1,4,0,1,0,0,1,0.6162176797075944
20.0,32,16,512.0,32128,128.0,32.0,0,1,0,0,0,0,0,0,1,1,0,0,16896,528,0,132,24,528,67.0,34.0,-1.0,1979.0,1979.0,989.0,-1.0,67.0,80,320,3350,5,9.0,1,1,4,0,1,0,0,2,0.8678571428571429
20.0,32,16,512.0,32128,128.0,32.0,0,1,0,0,0,0,0,0,1,1,0,0,16896,528,0,132,24,528,67.0,34.0,-1.0,1979.0,1979.0,989.0,-1.0,67.0,80,320,3350,5,9.0,1,1,4,0,1,0,0,4,1.6382978723404256
20.0,32,16,512.0,32128,128.0,32.0,0,1,0,0,0,0,0,0,1,1,0,0,16896,528,0,132,24,528,67.0,34.0,-1.0,1979.0,1979.0,989.0,-1.0,67.0,80,320,3350,5,9.0,1,1,4,0,1,0,0,8,2.206896551724138
20.0,32,16,512.0,32128,128.0,32.0,0,1,0,0,0,0,0,0,1,1,0,0,16896,528,0,132,24,528,67.0,34.0,-1.0,1979.0,1979.0,989.0,-1.0,67.0,80,320,3350,5,9.0,1,1,4,0,1,0,0,16,2.871559633027523
20.0,32,16,512.0,32128,128.0,32.0,0,1,0,0,0,0,0,0,1,1,0,0,16896,528,0,132,24,528,67.0,34.0,-1.0,1979.0,1979.0,989.0,-1.0,67.0,80,320,3350,5,9.0,1,1,4,0,1,0,0,32,4.269816154309825
20.0,32,16,512.0,32128,128.0,32.0,0,1,0,0,0,0,0,0,1,1,0,0,16896,528,0,132,24,528,67.0,34.0,-1.0,1979.0,1979.0,989.0,-1.0,67.0,80,320,3350,5,9.0,1,1,4,0,1,0,0,64,7.2913673040787
20.0,32,16,512.0,32128,128.0,32.0,0,1,0,0,0,0,0,0,1,1,0,0,16896,528,0,132,24,528,67.0,34.0,-1.0,1979.0,1979.0,989.0,-1.0,67.0,80,320,3350,5,9.0,1,1,4,0,1,0,0,128,15.359337035751476
6.7,32,32,-1.0,50432,-1.0,-1.0,0,0,0,0,0,0,1,0,0,1,0,0,6912,432,0,108,160,432,19.5,9.7,-1.0,312.0,312.0,-1.0,156.0,19.5,40,40,1555,4,8.0,0,0,1,1,0,0,0,1,0.3652233115468409
6.7,32,32,-1.0,50432,-1.0,-1.0,0,0,0,0,0,0,1,0,0,1,0,0,6912,432,0,108,160,432,19.5,9.7,-1.0,312.0,312.0,-1.0,156.0,19.5,40,40,1555,4,8.0,0,0,1,1,0,0,0,2,0.4337349397590361
6.7,32,32,-1.0,50432,-1.0,-1.0,0,0,0,0,0,0,1,0,0,1,0,0,6912,432,0,108,160,432,19.5,9.7,-1.0,312.0,312.0,-1.0,156.0,19.5,40,40,1555,4,8.0,0,0,1,1,0,0,0,4,0.8770911360799001
6.7,32,32,-1.0,50432,-1.0,-1.0,0,0,0,0,0,0,1,0,0,1,0,0,6912,432,0,108,160,432,19.5,9.7,-1.0,312.0,312.0,-1.0,156.0,19.5,40,40,1555,4,8.0,0,0,1,1,0,0,0,8,2.5384615384615383
6.7,32,32,-1.0,50432,-1.0,-1.0,0,0,0,0,0,0,1,0,0,1,0,0,6912,432,0,108,160,432,19.5,9.7,-1.0,312.0,312.0,-1.0,156.0,19.5,40,40,1555,4,8.0,0,0,1,1,0,0,0,16,11.068181818181818
6.7,32,32,-1.0,50432,-1.0,-1.0,0,0,0,0,0,0,1,0,0,1,0,0,6912,432,0,108,160,432,19.5,9.7,-1.0,312.0,312.0,-1.0,156.0,19.5,40,40,1555,4,8.0,0,0,1,1,0,0,0,32,29.940096618357487
6.7,32,32,-1.0,50432,-1.0,-1.0,0,0,0,0,0,0,1,0,0,1,0,0,6912,432,0,108,160,432,19.5,9.7,-1.0,312.0,312.0,-1.0,156.0,19.5,40,40,1555,4,8.0,0,0,1,1,0,0,0,64,75.1256555634302
6.7,32,32,-1.0,50432,-1.0,-1.0,0,0,0,0,0,0,1,0,0,1,0,0,6912,432,0,108,160,432,19.5,9.7,-1.0,312.0,312.0,-1.0,156.0,19.5,40,40,1555,4,8.0,0,0,1,1,0,0,0,128,153.4512735326689
6.7,32,32,-1.0,50432,-1.0,-1.0,0,0,0,0,0,0,1,0,0,1,0,0,16896,528,0,132,24,528,67.0,34.0,-1.0,1979.0,1979.0,989.0,-1.0,67.0,80,80,3350,5,9.0,1,1,1,0,1,0,0,1,0.1954022988505747
6.7,32,32,-1.0,50432,-1.0,-1.0,0,0,0,0,0,0,1,0,0,1,0,0,16896,528,0,132,24,528,67.0,34.0,-1.0,1979.0,1979.0,989.0,-1.0,67.0,80,80,3350,5,9.0,1,1,1,0,1,0,0,2,0.2650602409638554
6.7,32,32,-1.0,50432,-1.0,-1.0,0,0,0,0,0,0,1,0,0,1,0,0,16896,528,0,132,24,528,67.0,34.0,-1.0,1979.0,1979.0,989.0,-1.0,67.0,80,80,3350,5,9.0,1,1,1,0,1,0,0,4,0.6067415730337079
6.7,32,32,-1.0,50432,-1.0,-1.0,0,0,0,0,0,0,1,0,0,1,0,0,16896,528,0,132,24,528,67.0,34.0,-1.0,1979.0,1979.0,989.0,-1.0,67.0,80,80,3350,5,9.0,1,1,1,0,1,0,0,8,1.2941176470588236
6.7,32,32,-1.0,50432,-1.0,-1.0,0,0,0,0,0,0,1,0,0,1,0,0,16896,528,0,132,24,528,67.0,34.0,-1.0,1979.0,1979.0,989.0,-1.0,67.0,80,80,3350,5,9.0,1,1,1,0,1,0,0,16,2.880434782608696
6.7,32,32,-1.0,50432,-1.0,-1.0,0,0,0,0,0,0,1,0,0,1,0,0,16896,528,0,132,24,528,67.0,34.0,-1.0,1979.0,1979.0,989.0,-1.0,67.0,80,80,3350,5,9.0,1,1,1,0,1,0,0,32,7.977011494252873
6.7,32,32,-1.0,50432,-1.0,-1.0,0,0,0,0,0,0,1,0,0,1,0,0,16896,528,0,132,24,528,67.0,34.0,-1.0,1979.0,1979.0,989.0,-1.0,67.0,80,80,3350,5,9.0,1,1,1,0,1,0,0,64,29.63529411764706
6.7,32,32,-1.0,50432,-1.0,-1.0,0,0,0,0,0,0,1,0,0,1,0,0,16896,528,0,132,24,528,67.0,34.0,-1.0,1979.0,1979.0,989.0,-1.0,67.0,80,80,3350,5,9.0,1,1,1,0,1,0,0,128,83.95294117647059
13.0,40,40,2048.0,32000,-1.0,-1.0,1,0,0,0,0,1,0,0,0,0,1,0,6912,432,0,108,160,432,19.5,9.7,-1.0,312.0,312.0,-1.0,156.0,19.5,40,40,1555,4,8.0,0,0,1,1,0,0,0,1,0.5228219368274905
13.0,40,40,2048.0,32000,-1.0,-1.0,1,0,0,0,0,1,0,0,0,0,1,0,6912,432,0,108,160,432,19.5,9.7,-1.0,312.0,312.0,-1.0,156.0,19.5,40,40,1555,4,8.0,0,0,1,1,0,0,0,2,0.5833333333333334
13.0,40,40,2048.0,32000,-1.0,-1.0,1,0,0,0,0,1,0,0,0,0,1,0,6912,432,0,108,160,432,19.5,9.7,-1.0,312.0,312.0,-1.0,156.0,19.5,40,40,1555,4,8.0,0,0,1,1,0,0,0,4,1.2367609974782852
13.0,40,40,2048.0,32000,-1.0,-1.0,1,0,0,0,0,1,0,0,0,0,1,0,6912,432,0,108,160,432,19.5,9.7,-1.0,312.0,312.0,-1.0,156.0,19.5,40,40,1555,4,8.0,0,0,1,1,0,0,0,8,2.225806451612903
13.0,40,40,2048.0,32000,-1.0,-1.0,1,0,0,0,0,1,0,0,0,0,1,0,6912,432,0,108,160,432,19.5,9.7,-1.0,312.0,312.0,-1.0,156.0,19.5,40,40,1555,4,8.0,0,0,1,1,0,0,0,16,3.852272727272727
13.0,40,40,2048.0,32000,-1.0,-1.0,1,0,0,0,0,1,0,0,0,0,1,0,6912,432,0,108,160,432,19.5,9.7,-1.0,312.0,312.0,-1.0,156.0,19.5,40,40,1555,4,8.0,0,0,1,1,0,0,0,32,21.42307692307692
13.0,40,40,2048.0,32000,-1.0,-1.0,1,0,0,0,0,1,0,0,0,0,1,0,6912,432,0,108,160,432,19.5,9.7,-1.0,312.0,312.0,-1.0,156.0,19.5,40,40,1555,4,8.0,0,0,1,1,0,0,0,64,78.94444444444444
13.0,40,40,2048.0,32000,-1.0,-1.0,1,0,0,0,0,1,0,0,0,0,1,0,6912,432,0,108,160,432,19.5,9.7,-1.0,312.0,312.0,-1.0,156.0,19.5,40,40,1555,4,8.0,0,0,1,1,0,0,0,128,106.3622273249139
13.0,40,40,2048.0,32000,-1.0,-1.0,1,0,0,0,0,1,0,0,0,0,1,0,16896,528,0,132,24,528,67.0,34.0,-1.0,1979.0,1979.0,989.0,-1.0,67.0,80,80,3350,5,9.0,1,1,1,0,1,0,0,1,0.2736453201970443
13.0,40,40,2048.0,32000,-1.0,-1.0,1,0,0,0,0,1,0,0,0,0,1,0,16896,528,0,132,24,528,67.0,34.0,-1.0,1979.0,1979.0,989.0,-1.0,67.0,80,80,3350,5,9.0,1,1,1,0,1,0,0,2,0.3944954128440367
13.0,40,40,2048.0,32000,-1.0,-1.0,1,0,0,0,0,1,0,0,0,0,1,0,16896,528,0,132,24,528,67.0,34.0,-1.0,1979.0,1979.0,989.0,-1.0,67.0,80,80,3350,5,9.0,1,1,1,0,1,0,0,4,0.7176470588235294
13.0,40,40,2048.0,32000,-1.0,-1.0,1,0,0,0,0,1,0,0,0,0,1,0,16896,528,0,132,24,528,67.0,34.0,-1.0,1979.0,1979.0,989.0,-1.0,67.0,80,80,3350,5,9.0,1,1,1,0,1,0,0,8,1.2043010752688172
13.0,40,40,2048.0,32000,-1.0,-1.0,1,0,0,0,0,1,0,0,0,0,1,0,16896,528,0,132,24,528,67.0,34.0,-1.0,1979.0,1979.0,989.0,-1.0,67.0,80,80,3350,5,9.0,1,1,1,0,1,0,0,16,2.096774193548387
13.0,40,40,2048.0,32000,-1.0,-1.0,1,0,0,0,0,1,0,0,0,0,1,0,16896,528,0,132,24,528,67.0,34.0,-1.0,1979.0,1979.0,989.0,-1.0,67.0,80,80,3350,5,9.0,1,1,1,0,1,0,0,32,3.7093023255813953
13.0,40,40,2048.0,32000,-1.0,-1.0,1,0,0,0,0,1,0,0,0,0,1,0,16896,528,0,132,24,528,67.0,34.0,-1.0,1979.0,1979.0,989.0,-1.0,67.0,80,80,3350,5,9.0,1,1,1,0,1,0,0,64,7.256410256410256
13.0,40,40,2048.0,32000,-1.0,-1.0,1,0,0,0,0,1,0,0,0,0,1,0,16896,528,0,132,24,528,67.0,34.0,-1.0,1979.0,1979.0,989.0,-1.0,67.0,80,80,3350,5,9.0,1,1,1,0,1,0,0,128,18.981426202321725
13.0,40,40,2048.0,32000,-1.0,-1.0,1,0,0,0,0,1,0,0,0,0,1,0,9216,288,72,72,96,288,31.2,0.97,-1.0,125.0,125.0,62.5,-1.0,-1.0,24,48,600,4,8.6,0,0,2,1,0,0,0,1,0.7045454545454546
13.0,40,40,2048.0,32000,-1.0,-1.0,1,0,0,0,0,1,0,0,0,0,1,0,9216,288,72,72,96,288,31.2,0.97,-1.0,125.0,125.0,62.5,-1.0,-1.0,24,48,600,4,8.6,0,0,2,1,0,0,0,2,0.9620253164556962
13.0,40,40,2048.0,32000,-1.0,-1.0,1,0,0,0,0,1,0,0,0,0,1,0,9216,288,72,72,96,288,31.2,0.97,-1.0,125.0,125.0,62.5,-1.0,-1.0,24,48,600,4,8.6,0,0,2,1,0,0,0,4,1.788888888888889
13.0,40,40,2048.0,32000,-1.0,-1.0,1,0,0,0,0,1,0,0,0,0,1,0,9216,288,72,72,96,288,31.2,0.97,-1.0,125.0,125.0,62.5,-1.0,-1.0,24,48,600,4,8.6,0,0,2,1,0,0,0,8,3.237021276595745
13.0,40,40,2048.0,32000,-1.0,-1.0,1,0,0,0,0,1,0,0,0,0,1,0,9216,288,72,72,96,288,31.2,0.97,-1.0,125.0,125.0,62.5,-1.0,-1.0,24,48,600,4,8.6,0,0,2,1,0,0,0,16,5.3977272727272725
13.0,40,40,2048.0,32000,-1.0,-1.0,1,0,0,0,0,1,0,0,0,0,1,0,9216,288,72,72,96,288,31.2,0.97,-1.0,125.0,125.0,62.5,-1.0,-1.0,24,48,600,4,8.6,0,0,2,1,0,0,0,32,9.792857142857144
13.0,40,40,2048.0,32000,-1.0,-1.0,1,0,0,0,0,1,0,0,0,0,1,0,9216,288,72,72,96,288,31.2,0.97,-1.0,125.0,125.0,62.5,-1.0,-1.0,24,48,600,4,8.6,0,0,2,1,0,0,0,64,37.34177215189873
13.0,40,40,2048.0,32000,-1.0,-1.0,1,0,0,0,0,1,0,0,0,0,1,0,9216,288,72,72,96,288,31.2,0.97,-1.0,125.0,125.0,62.5,-1.0,-1.0,24,48,600,4,8.6,0,0,2,1,0,0,0,128,104.01106233538192
13.0,40,40,2048.0,32000,-1.0,-1.0,1,0,0,0,0,1,0,0,0,0,1,0,6912,432,0,108,160,432,19.5,9.7,-1.0,312.0,312.0,-1.0,156.0,19.5,40,80,1555,4,8.0,0,0,2,1,0,0,0,1,0.4470588235294118
13.0,40,40,2048.0,32000,-1.0,-1.0,1,0,0,0,0,1,0,0,0,0,1,0,6912,432,0,108,160,432,19.5,9.7,-1.0,312.0,312.0,-1.0,156.0,19.5,40,80,1555,4,8.0,0,0,2,1,0,0,0,2,0.5542168674698795
13.0,40,40,2048.0,32000,-1.0,-1.0,1,0,0,0,0,1,0,0,0,0,1,0,6912,432,0,108,160,432,19.5,9.7,-1.0,312.0,312.0,-1.0,156.0,19.5,40,80,1555,4,8.0,0,0,2,1,0,0,0,4,0.9285714285714286
13.0,40,40,2048.0,32000,-1.0,-1.0,1,0,0,0,0,1,0,0,0,0,1,0,6912,432,0,108,160,432,19.5,9.7,-1.0,312.0,312.0,-1.0,156.0,19.5,40,80,1555,4,8.0,0,0,2,1,0,0,0,8,1.6889136077122728
13.0,40,40,2048.0,32000,-1.0,-1.0,1,0,0,0,0,1,0,0,0,0,1,0,6912,432,0,108,160,432,19.5,9.7,-1.0,312.0,312.0,-1.0,156.0,19.5,40,80,1555,4,8.0,0,0,2,1,0,0,0,16,2.4578313253012047
13.0,40,40,2048.0,32000,-1.0,-1.0,1,0,0,0,0,1,0,0,0,0,1,0,6912,432,0,108,160,432,19.5,9.7,-1.0,312.0,312.0,-1.0,156.0,19.5,40,80,1555,4,8.0,0,0,2,1,0,0,0,32,4.227272727272728
13.0,40,40,2048.0,32000,-1.0,-1.0,1,0,0,0,0,1,0,0,0,0,1,0,6912,432,0,108,160,432,19.5,9.7,-1.0,312.0,312.0,-1.0,156.0,19.5,40,80,1555,4,8.0,0,0,2,1,0,0,0,64,7.613574660633484
13.0,40,40,2048.0,32000,-1.0,-1.0,1,0,0,0,0,1,0,0,0,0,1,0,6912,432,0,108,160,432,19.5,9.7,-1.0,312.0,312.0,-1.0,156.0,19.5,40,80,1555,4,8.0,0,0,2,1,0,0,0,128,16.73076923076923
13.0,40,40,2048.0,32000,-1.0,-1.0,1,0,0,0,0,1,0,0,0,0,1,0,16896,528,0,132,24,528,67.0,34.0,-1.0,1979.0,1979.0,989.0,-1.0,67.0,80,160,3350,5,9.0,1,1,2,0,1,0,0,1,0.2634825014343087
13.0,40,40,2048.0,32000,-1.0,-1.0,1,0,0,0,0,1,0,0,0,0,1,0,16896,528,0,132,24,528,67.0,34.0,-1.0,1979.0,1979.0,989.0,-1.0,67.0,80,160,3350,5,9.0,1,1,2,0,1,0,0,2,0.3761467889908257
13.0,40,40,2048.0,32000,-1.0,-1.0,1,0,0,0,0,1,0,0,0,0,1,0,16896,528,0,132,24,528,67.0,34.0,-1.0,1979.0,1979.0,989.0,-1.0,67.0,80,160,3350,5,9.0,1,1,2,0,1,0,0,4,0.6705882352941176
13.0,40,40,2048.0,32000,-1.0,-1.0,1,0,0,0,0,1,0,0,0,0,1,0,16896,528,0,132,24,528,67.0,34.0,-1.0,1979.0,1979.0,989.0,-1.0,67.0,80,160,3350,5,9.0,1,1,2,0,1,0,0,8,0.9862081995087852
13.0,40,40,2048.0,32000,-1.0,-1.0,1,0,0,0,0,1,0,0,0,0,1,0,16896,528,0,132,24,528,67.0,34.0,-1.0,1979.0,1979.0,989.0,-1.0,67.0,80,160,3350,5,9.0,1,1,2,0,1,0,0,16,1.5319148936170213
13.0,40,40,2048.0,32000,-1.0,-1.0,1,0,0,0,0,1,0,0,0,0,1,0,16896,528,0,132,24,528,67.0,34.0,-1.0,1979.0,1979.0,989.0,-1.0,67.0,80,160,3350,5,9.0,1,1,2,0,1,0,0,32,2.491553169198533
13.0,40,40,2048.0,32000,-1.0,-1.0,1,0,0,0,0,1,0,0,0,0,1,0,16896,528,0,132,24,528,67.0,34.0,-1.0,1979.0,1979.0,989.0,-1.0,67.0,80,160,3350,5,9.0,1,1,2,0,1,0,0,64,4.341061377646744
13.0,40,40,2048.0,32000,-1.0,-1.0,1,0,0,0,0,1,0,0,0,0,1,0,16896,528,0,132,24,528,67.0,34.0,-1.0,1979.0,1979.0,989.0,-1.0,67.0,80,160,3350,5,9.0,1,1,2,0,1,0,0,128,8.944954128440367
13.0,40,40,2048.0,32000,-1.0,-1.0,1,0,0,0,0,1,0,0,0,0,1,0,6912,432,0,108,160,432,19.5,9.7,-1.0,312.0,312.0,-1.0,156.0,19.5,40,160,1555,4,8.0,0,0,4,1,0,0,0,1,0.4776948590381426
13.0,40,40,2048.0,32000,-1.0,-1.0,1,0,0,0,0,1,0,0,0,0,1,0,6912,432,0,108,160,432,19.5,9.7,-1.0,312.0,312.0,-1.0,156.0,19.5,40,160,1555,4,8.0,0,0,4,1,0,0,0,2,0.5773919206236711
13.0,40,40,2048.0,32000,-1.0,-1.0,1,0,0,0,0,1,0,0,0,0,1,0,6912,432,0,108,160,432,19.5,9.7,-1.0,312.0,312.0,-1.0,156.0,19.5,40,160,1555,4,8.0,0,0,4,1,0,0,0,4,1.0
13.0,40,40,2048.0,32000,-1.0,-1.0,1,0,0,0,0,1,0,0,0,0,1,0,6912,432,0,108,160,432,19.5,9.7,-1.0,312.0,312.0,-1.0,156.0,19.5,40,160,1555,4,8.0,0,0,4,1,0,0,0,8,1.7383658008658007
13.0,40,40,2048.0,32000,-1.0,-1.0,1,0,0,0,0,1,0,0,0,0,1,0,6912,432,0,108,160,432,19.5,9.7,-1.0,312.0,312.0,-1.0,156.0,19.5,40,160,1555,4,8.0,0,0,4,1,0,0,0,16,2.623529411764706
13.0,40,40,2048.0,32000,-1.0,-1.0,1,0,0,0,0,1,0,0,0,0,1,0,6912,432,0,108,160,432,19.5,9.7,-1.0,312.0,312.0,-1.0,156.0,19.5,40,160,1555,4,8.0,0,0,4,1,0,0,0,32,4.431818181818182
13.0,40,40,2048.0,32000,-1.0,-1.0,1,0,0,0,0,1,0,0,0,0,1,0,6912,432,0,108,160,432,19.5,9.7,-1.0,312.0,312.0,-1.0,156.0,19.5,40,160,1555,4,8.0,0,0,4,1,0,0,0,64,8.131151457238413
13.0,40,40,2048.0,32000,-1.0,-1.0,1,0,0,0,0,1,0,0,0,0,1,0,6912,432,0,108,160,432,19.5,9.7,-1.0,312.0,312.0,-1.0,156.0,19.5,40,160,1555,4,8.0,0,0,4,1,0,0,0,128,16.931782945736437
13.0,40,40,2048.0,32000,-1.0,-1.0,1,0,0,0,0,1,0,0,0,0,1,0,16896,528,0,132,24,528,67.0,34.0,-1.0,1979.0,1979.0,989.0,-1.0,67.0,80,320,3350,5,9.0,1,1,4,0,1,0,0,1,0.2650602409638554
13.0,40,40,2048.0,32000,-1.0,-1.0,1,0,0,0,0,1,0,0,0,0,1,0,16896,528,0,132,24,528,67.0,34.0,-1.0,1979.0,1979.0,989.0,-1.0,67.0,80,320,3350,5,9.0,1,1,4,0,1,0,0,2,0.3880597014925373
13.0,40,40,2048.0,32000,-1.0,-1.0,1,0,0,0,0,1,0,0,0,0,1,0,16896,528,0,132,24,528,67.0,34.0,-1.0,1979.0,1979.0,989.0,-1.0,67.0,80,320,3350,5,9.0,1,1,4,0,1,0,0,4,0.6607370659107017
13.0,40,40,2048.0,32000,-1.0,-1.0,1,0,0,0,0,1,0,0,0,0,1,0,16896,528,0,132,24,528,67.0,34.0,-1.0,1979.0,1979.0,989.0,-1.0,67.0,80,320,3350,5,9.0,1,1,4,0,1,0,0,8,0.9402985074626866
13.0,40,40,2048.0,32000,-1.0,-1.0,1,0,0,0,0,1,0,0,0,0,1,0,16896,528,0,132,24,528,67.0,34.0,-1.0,1979.0,1979.0,989.0,-1.0,67.0,80,320,3350,5,9.0,1,1,4,0,1,0,0,16,1.358974358974359
13.0,40,40,2048.0,32000,-1.0,-1.0,1,0,0,0,0,1,0,0,0,0,1,0,16896,528,0,132,24,528,67.0,34.0,-1.0,1979.0,1979.0,989.0,-1.0,67.0,80,320,3350,5,9.0,1,1,4,0,1,0,0,32,2.0384615384615383
13.0,40,40,2048.0,32000,-1.0,-1.0,1,0,0,0,0,1,0,0,0,0,1,0,16896,528,0,132,24,528,67.0,34.0,-1.0,1979.0,1979.0,989.0,-1.0,67.0,80,320,3350,5,9.0,1,1,4,0,1,0,0,64,3.3467763509898343
13.0,40,40,2048.0,32000,-1.0,-1.0,1,0,0,0,0,1,0,0,0,0,1,0,16896,528,0,132,24,528,67.0,34.0,-1.0,1979.0,1979.0,989.0,-1.0,67.0,80,320,3350,5,9.0,1,1,4,0,1,0,0,128,6.264367816091954
13.0,40,40,2048.0,32000,-1.0,-1.0,1,0,0,0,0,1,0,0,0,0,1,0,2560,320,40,40,64,160,8.1,0.25,65.0,-1.0,-1.0,-1.0,-1.0,-1.0,16,64,300,3,7.5,0,0,4,0,0,1,0,1,0.8371872887085869
13.0,40,40,2048.0,32000,-1.0,-1.0,1,0,0,0,0,1,0,0,0,0,1,0,2560,320,40,40,64,160,8.1,0.25,65.0,-1.0,-1.0,-1.0,-1.0,-1.0,16,64,300,3,7.5,0,0,4,0,0,1,0,2,1.0559196155526431
13.0,40,40,2048.0,32000,-1.0,-1.0,1,0,0,0,0,1,0,0,0,0,1,0,2560,320,40,40,64,160,8.1,0.25,65.0,-1.0,-1.0,-1.0,-1.0,-1.0,16,64,300,3,7.5,0,0,4,0,0,1,0,4,2.036144578313253
13.0,40,40,2048.0,32000,-1.0,-1.0,1,0,0,0,0,1,0,0,0,0,1,0,2560,320,40,40,64,160,8.1,0.25,65.0,-1.0,-1.0,-1.0,-1.0,-1.0,16,64,300,3,7.5,0,0,4,0,0,1,0,8,3.630434782608696
13.0,40,40,2048.0,32000,-1.0,-1.0,1,0,0,0,0,1,0,0,0,0,1,0,2560,320,40,40,64,160,8.1,0.25,65.0,-1.0,-1.0,-1.0,-1.0,-1.0,16,64,300,3,7.5,0,0,4,0,0,1,0,16,6.850574712643678
13.0,40,40,2048.0,32000,-1.0,-1.0,1,0,0,0,0,1,0,0,0,0,1,0,2560,320,40,40,64,160,8.1,0.25,65.0,-1.0,-1.0,-1.0,-1.0,-1.0,16,64,300,3,7.5,0,0,4,0,0,1,0,32,12.759823576583802
13.0,40,40,2048.0,32000,-1.0,-1.0,1,0,0,0,0,1,0,0,0,0,1,0,2560,320,40,40,64,160,8.1,0.25,65.0,-1.0,-1.0,-1.0,-1.0,-1.0,16,64,300,3,7.5,0,0,4,0,0,1,0,64,34.12222222222222
13.0,40,40,2048.0,32000,-1.0,-1.0,1,0,0,0,0,1,0,0,0,0,1,0,2560,320,40,40,64,160,8.1,0.25,65.0,-1.0,-1.0,-1.0,-1.0,-1.0,16,64,300,3,7.5,0,0,4,0,0,1,0,128,96.3181818181818
7.0,32,32,2048.0,32000,-1.0,-1.0,1,0,0,0,0,1,0,0,0,0,1,0,9216,288,72,72,96,288,31.2,0.97,-1.0,125.0,125.0,62.5,-1.0,-1.0,24,24,600,4,8.6,0,0,1,1,0,0,0,1,0.5862068965517241
7.0,32,32,2048.0,32000,-1.0,-1.0,1,0,0,0,0,1,0,0,0,0,1,0,9216,288,72,72,96,288,31.2,0.97,-1.0,125.0,125.0,62.5,-1.0,-1.0,24,24,600,4,8.6,0,0,1,1,0,0,0,2,0.7745989304812835
7.0,32,32,2048.0,32000,-1.0,-1.0,1,0,0,0,0,1,0,0,0,0,1,0,9216,288,72,72,96,288,31.2,0.97,-1.0,125.0,125.0,62.5,-1.0,-1.0,24,24,600,4,8.6,0,0,1,1,0,0,0,4,1.6627450980392158
7.0,32,32,2048.0,32000,-1.0,-1.0,1,0,0,0,0,1,0,0,0,0,1,0,9216,288,72,72,96,288,31.2,0.97,-1.0,125.0,125.0,62.5,-1.0,-1.0,24,24,600,4,8.6,0,0,1,1,0,0,0,8,2.989010989010989
7.0,32,32,2048.0,32000,-1.0,-1.0,1,0,0,0,0,1,0,0,0,0,1,0,9216,288,72,72,96,288,31.2,0.97,-1.0,125.0,125.0,62.5,-1.0,-1.0,24,24,600,4,8.6,0,0,1,1,0,0,0,16,5.188172043010752
7.0,32,32,2048.0,32000,-1.0,-1.0,1,0,0,0,0,1,0,0,0,0,1,0,9216,288,72,72,96,288,31.2,0.97,-1.0,125.0,125.0,62.5,-1.0,-1.0,24,24,600,4,8.6,0,0,1,1,0,0,0,32,26.66053511705686
7.0,32,32,2048.0,32000,-1.0,-1.0,1,0,0,0,0,1,0,0,0,0,1,0,9216,288,72,72,96,288,31.2,0.97,-1.0,125.0,125.0,62.5,-1.0,-1.0,24,24,600,4,8.6,0,0,1,1,0,0,0,64,115.16521739130437
7.0,32,32,2048.0,32000,-1.0,-1.0,1,0,0,0,0,1,0,0,0,0,1,0,9216,288,72,72,96,288,31.2,0.97,-1.0,125.0,125.0,62.5,-1.0,-1.0,24,24,600,4,8.6,0,0,1,1,0,0,0,128,186.61347517730496
7.0,32,32,2048.0,32000,-1.0,-1.0,1,0,0,0,0,1,0,0,0,0,1,0,6912,432,0,108,160,432,19.5,9.7,-1.0,312.0,312.0,-1.0,156.0,19.5,40,40,1555,4,8.0,0,0,1,1,0,0,0,1,0.3647058823529411
7.0,32,32,2048.0,32000,-1.0,-1.0,1,0,0,0,0,1,0,0,0,0,1,0,6912,432,0,108,160,432,19.5,9.7,-1.0,312.0,312.0,-1.0,156.0,19.5,40,40,1555,4,8.0,0,0,1,1,0,0,0,2,0.4096385542168674
7.0,32,32,2048.0,32000,-1.0,-1.0,1,0,0,0,0,1,0,0,0,0,1,0,6912,432,0,108,160,432,19.5,9.7,-1.0,312.0,312.0,-1.0,156.0,19.5,40,40,1555,4,8.0,0,0,1,1,0,0,0,4,0.7640449438202247
7.0,32,32,2048.0,32000,-1.0,-1.0,1,0,0,0,0,1,0,0,0,0,1,0,6912,432,0,108,160,432,19.5,9.7,-1.0,312.0,312.0,-1.0,156.0,19.5,40,40,1555,4,8.0,0,0,1,1,0,0,0,8,1.3829787234042554
7.0,32,32,2048.0,32000,-1.0,-1.0,1,0,0,0,0,1,0,0,0,0,1,0,6912,432,0,108,160,432,19.5,9.7,-1.0,312.0,312.0,-1.0,156.0,19.5,40,40,1555,4,8.0,0,0,1,1,0,0,0,16,2.290584415584416
7.0,32,32,2048.0,32000,-1.0,-1.0,1,0,0,0,0,1,0,0,0,0,1,0,6912,432,0,108,160,432,19.5,9.7,-1.0,312.0,312.0,-1.0,156.0,19.5,40,40,1555,4,8.0,0,0,1,1,0,0,0,32,4.4944444444444445
7.0,32,32,2048.0,32000,-1.0,-1.0,1,0,0,0,0,1,0,0,0,0,1,0,6912,432,0,108,160,432,19.5,9.7,-1.0,312.0,312.0,-1.0,156.0,19.5,40,40,1555,4,8.0,0,0,1,1,0,0,0,64,9.714244663382594
7.0,32,32,2048.0,32000,-1.0,-1.0,1,0,0,0,0,1,0,0,0,0,1,0,6912,432,0,108,160,432,19.5,9.7,-1.0,312.0,312.0,-1.0,156.0,19.5,40,40,1555,4,8.0,0,0,1,1,0,0,0,128,91.8825910931174
7.0,32,32,2048.0,32000,-1.0,-1.0,1,0,0,0,0,1,0,0,0,0,1,0,16896,528,0,132,24,528,67.0,34.0,-1.0,1979.0,1979.0,989.0,-1.0,67.0,80,80,3350,5,9.0,1,1,1,0,1,0,0,1,0.2044232649071359
7.0,32,32,2048.0,32000,-1.0,-1.0,1,0,0,0,0,1,0,0,0,0,1,0,16896,528,0,132,24,528,67.0,34.0,-1.0,1979.0,1979.0,989.0,-1.0,67.0,80,80,3350,5,9.0,1,1,1,0,1,0,0,2,0.2298850574712643
7.0,32,32,2048.0,32000,-1.0,-1.0,1,0,0,0,0,1,0,0,0,0,1,0,16896,528,0,132,24,528,67.0,34.0,-1.0,1979.0,1979.0,989.0,-1.0,67.0,80,80,3350,5,9.0,1,1,1,0,1,0,0,4,0.4626865671641791
7.0,32,32,2048.0,32000,-1.0,-1.0,1,0,0,0,0,1,0,0,0,0,1,0,16896,528,0,132,24,528,67.0,34.0,-1.0,1979.0,1979.0,989.0,-1.0,67.0,80,80,3350,5,9.0,1,1,1,0,1,0,0,8,0.8285714285714286
7.0,32,32,2048.0,32000,-1.0,-1.0,1,0,0,0,0,1,0,0,0,0,1,0,16896,528,0,132,24,528,67.0,34.0,-1.0,1979.0,1979.0,989.0,-1.0,67.0,80,80,3350,5,9.0,1,1,1,0,1,0,0,16,1.4474877450980392
7.0,32,32,2048.0,32000,-1.0,-1.0,1,0,0,0,0,1,0,0,0,0,1,0,16896,528,0,132,24,528,67.0,34.0,-1.0,1979.0,1979.0,989.0,-1.0,67.0,80,80,3350,5,9.0,1,1,1,0,1,0,0,32,2.598913043478261
7.0,32,32,2048.0,32000,-1.0,-1.0,1,0,0,0,0,1,0,0,0,0,1,0,16896,528,0,132,24,528,67.0,34.0,-1.0,1979.0,1979.0,989.0,-1.0,67.0,80,80,3350,5,9.0,1,1,1,0,1,0,0,64,5.0
7.0,32,32,2048.0,32000,-1.0,-1.0,1,0,0,0,0,1,0,0,0,0,1,0,16896,528,0,132,24,528,67.0,34.0,-1.0,1979.0,1979.0,989.0,-1.0,67.0,80,80,3350,5,9.0,1,1,1,0,1,0,0,128,10.733333333333333
7.0,32,32,2048.0,32000,-1.0,-1.0,1,0,0,0,0,1,0,0,0,0,1,0,9216,288,72,72,96,288,31.2,0.97,-1.0,125.0,125.0,62.5,-1.0,-1.0,24,48,600,4,8.6,0,0,2,1,0,0,0,1,0.4925373134328358
7.0,32,32,2048.0,32000,-1.0,-1.0,1,0,0,0,0,1,0,0,0,0,1,0,9216,288,72,72,96,288,31.2,0.97,-1.0,125.0,125.0,62.5,-1.0,-1.0,24,48,600,4,8.6,0,0,2,1,0,0,0,2,0.5856130923302394
7.0,32,32,2048.0,32000,-1.0,-1.0,1,0,0,0,0,1,0,0,0,0,1,0,9216,288,72,72,96,288,31.2,0.97,-1.0,125.0,125.0,62.5,-1.0,-1.0,24,48,600,4,8.6,0,0,2,1,0,0,0,4,1.065217391304348
7.0,32,32,2048.0,32000,-1.0,-1.0,1,0,0,0,0,1,0,0,0,0,1,0,9216,288,72,72,96,288,31.2,0.97,-1.0,125.0,125.0,62.5,-1.0,-1.0,24,48,600,4,8.6,0,0,2,1,0,0,0,8,1.9310344827586208
7.0,32,32,2048.0,32000,-1.0,-1.0,1,0,0,0,0,1,0,0,0,0,1,0,9216,288,72,72,96,288,31.2,0.97,-1.0,125.0,125.0,62.5,-1.0,-1.0,24,48,600,4,8.6,0,0,2,1,0,0,0,16,3.155694205393001
7.0,32,32,2048.0,32000,-1.0,-1.0,1,0,0,0,0,1,0,0,0,0,1,0,9216,288,72,72,96,288,31.2,0.97,-1.0,125.0,125.0,62.5,-1.0,-1.0,24,48,600,4,8.6,0,0,2,1,0,0,0,32,5.662745098039216
7.0,32,32,2048.0,32000,-1.0,-1.0,1,0,0,0,0,1,0,0,0,0,1,0,9216,288,72,72,96,288,31.2,0.97,-1.0,125.0,125.0,62.5,-1.0,-1.0,24,48,600,4,8.6,0,0,2,1,0,0,0,64,10.48304961443329
7.0,32,32,2048.0,32000,-1.0,-1.0,1,0,0,0,0,1,0,0,0,0,1,0,9216,288,72,72,96,288,31.2,0.97,-1.0,125.0,125.0,62.5,-1.0,-1.0,24,48,600,4,8.6,0,0,2,1,0,0,0,128,35.18023255813954
7.0,32,32,2048.0,32000,-1.0,-1.0,1,0,0,0,0,1,0,0,0,0,1,0,6912,432,0,108,160,432,19.5,9.7,-1.0,312.0,312.0,-1.0,156.0,19.5,40,80,1555,4,8.0,0,0,2,1,0,0,0,1,0.3516483516483517
7.0,32,32,2048.0,32000,-1.0,-1.0,1,0,0,0,0,1,0,0,0,0,1,0,6912,432,0,108,160,432,19.5,9.7,-1.0,312.0,312.0,-1.0,156.0,19.5,40,80,1555,4,8.0,0,0,2,1,0,0,0,2,0.4166666666666667
7.0,32,32,2048.0,32000,-1.0,-1.0,1,0,0,0,0,1,0,0,0,0,1,0,6912,432,0,108,160,432,19.5,9.7,-1.0,312.0,312.0,-1.0,156.0,19.5,40,80,1555,4,8.0,0,0,2,1,0,0,0,4,0.7659574468085106
7.0,32,32,2048.0,32000,-1.0,-1.0,1,0,0,0,0,1,0,0,0,0,1,0,6912,432,0,108,160,432,19.5,9.7,-1.0,312.0,312.0,-1.0,156.0,19.5,40,80,1555,4,8.0,0,0,2,1,0,0,0,8,1.2903225806451613
7.0,32,32,2048.0,32000,-1.0,-1.0,1,0,0,0,0,1,0,0,0,0,1,0,6912,432,0,108,160,432,19.5,9.7,-1.0,312.0,312.0,-1.0,156.0,19.5,40,80,1555,4,8.0,0,0,2,1,0,0,0,16,1.870967741935484
7.0,32,32,2048.0,32000,-1.0,-1.0,1,0,0,0,0,1,0,0,0,0,1,0,6912,432,0,108,160,432,19.5,9.7,-1.0,312.0,312.0,-1.0,156.0,19.5,40,80,1555,4,8.0,0,0,2,1,0,0,0,32,2.988741302972802
7.0,32,32,2048.0,32000,-1.0,-1.0,1,0,0,0,0,1,0,0,0,0,1,0,6912,432,0,108,160,432,19.5,9.7,-1.0,312.0,312.0,-1.0,156.0,19.5,40,80,1555,4,8.0,0,0,2,1,0,0,0,64,5.471264367816092
7.0,32,32,2048.0,32000,-1.0,-1.0,1,0,0,0,0,1,0,0,0,0,1,0,6912,432,0,108,160,432,19.5,9.7,-1.0,312.0,312.0,-1.0,156.0,19.5,40,80,1555,4,8.0,0,0,2,1,0,0,0,128,11.021739130434783
7.0,32,32,2048.0,32000,-1.0,-1.0,1,0,0,0,0,1,0,0,0,0,1,0,16896,528,0,132,24,528,67.0,34.0,-1.0,1979.0,1979.0,989.0,-1.0,67.0,80,160,3350,5,9.0,1,1,2,0,1,0,0,1,0.2325581395348837
7.0,32,32,2048.0,32000,-1.0,-1.0,1,0,0,0,0,1,0,0,0,0,1,0,16896,528,0,132,24,528,67.0,34.0,-1.0,1979.0,1979.0,989.0,-1.0,67.0,80,160,3350,5,9.0,1,1,2,0,1,0,0,2,0.2771084337349397
7.0,32,32,2048.0,32000,-1.0,-1.0,1,0,0,0,0,1,0,0,0,0,1,0,16896,528,0,132,24,528,67.0,34.0,-1.0,1979.0,1979.0,989.0,-1.0,67.0,80,160,3350,5,9.0,1,1,2,0,1,0,0,4,0.5333333333333333
7.0,32,32,2048.0,32000,-1.0,-1.0,1,0,0,0,0,1,0,0,0,0,1,0,16896,528,0,132,24,528,67.0,34.0,-1.0,1979.0,1979.0,989.0,-1.0,67.0,80,160,3350,5,9.0,1,1,2,0,1,0,0,8,0.8153997378768021
7.0,32,32,2048.0,32000,-1.0,-1.0,1,0,0,0,0,1,0,0,0,0,1,0,16896,528,0,132,24,528,67.0,34.0,-1.0,1979.0,1979.0,989.0,-1.0,67.0,80,160,3350,5,9.0,1,1,2,0,1,0,0,16,1.2422222222222223
7.0,32,32,2048.0,32000,-1.0,-1.0,1,0,0,0,0,1,0,0,0,0,1,0,16896,528,0,132,24,528,67.0,34.0,-1.0,1979.0,1979.0,989.0,-1.0,67.0,80,160,3350,5,9.0,1,1,2,0,1,0,0,32,1.9204545454545447
7.0,32,32,2048.0,32000,-1.0,-1.0,1,0,0,0,0,1,0,0,0,0,1,0,16896,528,0,132,24,528,67.0,34.0,-1.0,1979.0,1979.0,989.0,-1.0,67.0,80,160,3350,5,9.0,1,1,2,0,1,0,0,64,3.404374850585704
7.0,32,32,2048.0,32000,-1.0,-1.0,1,0,0,0,0,1,0,0,0,0,1,0,16896,528,0,132,24,528,67.0,34.0,-1.0,1979.0,1979.0,989.0,-1.0,67.0,80,160,3350,5,9.0,1,1,2,0,1,0,0,128,6.643650793650794
7.0,32,32,2048.0,32000,-1.0,-1.0,1,0,0,0,0,1,0,0,0,0,1,0,2560,320,40,40,64,160,8.1,0.25,65.0,-1.0,-1.0,-1.0,-1.0,-1.0,16,32,300,3,7.5,0,0,2,0,0,1,0,1,0.7513440860215054
7.0,32,32,2048.0,32000,-1.0,-1.0,1,0,0,0,0,1,0,0,0,0,1,0,2560,320,40,40,64,160,8.1,0.25,65.0,-1.0,-1.0,-1.0,-1.0,-1.0,16,32,300,3,7.5,0,0,2,0,0,1,0,2,0.988883399209486
7.0,32,32,2048.0,32000,-1.0,-1.0,1,0,0,0,0,1,0,0,0,0,1,0,2560,320,40,40,64,160,8.1,0.25,65.0,-1.0,-1.0,-1.0,-1.0,-1.0,16,32,300,3,7.5,0,0,2,0,0,1,0,4,2.0416666666666665
7.0,32,32,2048.0,32000,-1.0,-1.0,1,0,0,0,0,1,0,0,0,0,1,0,2560,320,40,40,64,160,8.1,0.25,65.0,-1.0,-1.0,-1.0,-1.0,-1.0,16,32,300,3,7.5,0,0,2,0,0,1,0,8,3.7048494983277593
7.0,32,32,2048.0,32000,-1.0,-1.0,1,0,0,0,0,1,0,0,0,0,1,0,2560,320,40,40,64,160,8.1,0.25,65.0,-1.0,-1.0,-1.0,-1.0,-1.0,16,32,300,3,7.5,0,0,2,0,0,1,0,16,6.579545454545454
7.0,32,32,2048.0,32000,-1.0,-1.0,1,0,0,0,0,1,0,0,0,0,1,0,2560,320,40,40,64,160,8.1,0.25,65.0,-1.0,-1.0,-1.0,-1.0,-1.0,16,32,300,3,7.5,0,0,2,0,0,1,0,32,12.284090909090908
7.0,32,32,2048.0,32000,-1.0,-1.0,1,0,0,0,0,1,0,0,0,0,1,0,2560,320,40,40,64,160,8.1,0.25,65.0,-1.0,-1.0,-1.0,-1.0,-1.0,16,32,300,3,7.5,0,0,2,0,0,1,0,64,45.75156739811912
7.0,32,32,2048.0,32000,-1.0,-1.0,1,0,0,0,0,1,0,0,0,0,1,0,2560,320,40,40,64,160,8.1,0.25,65.0,-1.0,-1.0,-1.0,-1.0,-1.0,16,32,300,3,7.5,0,0,2,0,0,1,0,128,126.97435897435898
7.0,32,32,2048.0,32000,-1.0,-1.0,1,0,0,0,0,1,0,0,0,0,1,0,6912,432,0,108,160,432,19.5,9.7,-1.0,312.0,312.0,-1.0,156.0,19.5,40,160,1555,4,8.0,0,0,4,1,0,0,0,1,0.3898467432950191
7.0,32,32,2048.0,32000,-1.0,-1.0,1,0,0,0,0,1,0,0,0,0,1,0,6912,432,0,108,160,432,19.5,9.7,-1.0,312.0,312.0,-1.0,156.0,19.5,40,160,1555,4,8.0,0,0,4,1,0,0,0,2,0.4888888888888889
7.0,32,32,2048.0,32000,-1.0,-1.0,1,0,0,0,0,1,0,0,0,0,1,0,6912,432,0,108,160,432,19.5,9.7,-1.0,312.0,312.0,-1.0,156.0,19.5,40,160,1555,4,8.0,0,0,4,1,0,0,0,4,0.8314606741573034
7.0,32,32,2048.0,32000,-1.0,-1.0,1,0,0,0,0,1,0,0,0,0,1,0,6912,432,0,108,160,432,19.5,9.7,-1.0,312.0,312.0,-1.0,156.0,19.5,40,160,1555,4,8.0,0,0,4,1,0,0,0,8,1.403620196887901
7.0,32,32,2048.0,32000,-1.0,-1.0,1,0,0,0,0,1,0,0,0,0,1,0,6912,432,0,108,160,432,19.5,9.7,-1.0,312.0,312.0,-1.0,156.0,19.5,40,160,1555,4,8.0,0,0,4,1,0,0,0,16,2.0944940476190474
7.0,32,32,2048.0,32000,-1.0,-1.0,1,0,0,0,0,1,0,0,0,0,1,0,6912,432,0,108,160,432,19.5,9.7,-1.0,312.0,312.0,-1.0,156.0,19.5,40,160,1555,4,8.0,0,0,4,1,0,0,0,32,3.4022988505747125
7.0,32,32,2048.0,32000,-1.0,-1.0,1,0,0,0,0,1,0,0,0,0,1,0,6912,432,0,108,160,432,19.5,9.7,-1.0,312.0,312.0,-1.0,156.0,19.5,40,160,1555,4,8.0,0,0,4,1,0,0,0,64,6.126436781609195
7.0,32,32,2048.0,32000,-1.0,-1.0,1,0,0,0,0,1,0,0,0,0,1,0,6912,432,0,108,160,432,19.5,9.7,-1.0,312.0,312.0,-1.0,156.0,19.5,40,160,1555,4,8.0,0,0,4,1,0,0,0,128,12.141304347826088
7.0,32,32,2048.0,32000,-1.0,-1.0,1,0,0,0,0,1,0,0,0,0,1,0,16896,528,0,132,24,528,67.0,34.0,-1.0,1979.0,1979.0,989.0,-1.0,67.0,80,320,3350,5,9.0,1,1,4,0,1,0,0,1,0.2261904761904762
7.0,32,32,2048.0,32000,-1.0,-1.0,1,0,0,0,0,1,0,0,0,0,1,0,16896,528,0,132,24,528,67.0,34.0,-1.0,1979.0,1979.0,989.0,-1.0,67.0,80,320,3350,5,9.0,1,1,4,0,1,0,0,2,0.2960427221689716
7.0,32,32,2048.0,32000,-1.0,-1.0,1,0,0,0,0,1,0,0,0,0,1,0,16896,528,0,132,24,528,67.0,34.0,-1.0,1979.0,1979.0,989.0,-1.0,67.0,80,320,3350,5,9.0,1,1,4,0,1,0,0,4,0.5225576662143826
7.0,32,32,2048.0,32000,-1.0,-1.0,1,0,0,0,0,1,0,0,0,0,1,0,16896,528,0,132,24,528,67.0,34.0,-1.0,1979.0,1979.0,989.0,-1.0,67.0,80,320,3350,5,9.0,1,1,4,0,1,0,0,8,0.7646991535117822
7.0,32,32,2048.0,32000,-1.0,-1.0,1,0,0,0,0,1,0,0,0,0,1,0,16896,528,0,132,24,528,67.0,34.0,-1.0,1979.0,1979.0,989.0,-1.0,67.0,80,320,3350,5,9.0,1,1,4,0,1,0,0,16,1.101123595505618
7.0,32,32,2048.0,32000,-1.0,-1.0,1,0,0,0,0,1,0,0,0,0,1,0,16896,528,0,132,24,528,67.0,34.0,-1.0,1979.0,1979.0,989.0,-1.0,67.0,80,320,3350,5,9.0,1,1,4,0,1,0,0,32,1.6405128205128203
7.0,32,32,2048.0,32000,-1.0,-1.0,1,0,0,0,0,1,0,0,0,0,1,0,16896,528,0,132,24,528,67.0,34.0,-1.0,1979.0,1979.0,989.0,-1.0,67.0,80,320,3350,5,9.0,1,1,4,0,1,0,0,64,2.791044776119403
7.0,32,32,2048.0,32000,-1.0,-1.0,1,0,0,0,0,1,0,0,0,0,1,0,16896,528,0,132,24,528,67.0,34.0,-1.0,1979.0,1979.0,989.0,-1.0,67.0,80,320,3350,5,9.0,1,1,4,0,1,0,0,128,5.277443105756358
7.0,32,32,2048.0,32000,-1.0,-1.0,1,0,0,0,0,1,0,0,0,0,1,0,2560,320,40,40,64,160,8.1,0.25,65.0,-1.0,-1.0,-1.0,-1.0,-1.0,16,64,300,3,7.5,0,0,4,0,0,1,0,1,0.5985074626865672
7.0,32,32,2048.0,32000,-1.0,-1.0,1,0,0,0,0,1,0,0,0,0,1,0,2560,320,40,40,64,160,8.1,0.25,65.0,-1.0,-1.0,-1.0,-1.0,-1.0,16,64,300,3,7.5,0,0,4,0,0,1,0,2,0.7176470588235294
7.0,32,32,2048.0,32000,-1.0,-1.0,1,0,0,0,0,1,0,0,0,0,1,0,2560,320,40,40,64,160,8.1,0.25,65.0,-1.0,-1.0,-1.0,-1.0,-1.0,16,64,300,3,7.5,0,0,4,0,0,1,0,4,1.2148795871559632
7.0,32,32,2048.0,32000,-1.0,-1.0,1,0,0,0,0,1,0,0,0,0,1,0,2560,320,40,40,64,160,8.1,0.25,65.0,-1.0,-1.0,-1.0,-1.0,-1.0,16,64,300,3,7.5,0,0,4,0,0,1,0,8,2.25
7.0,32,32,2048.0,32000,-1.0,-1.0,1,0,0,0,0,1,0,0,0,0,1,0,2560,320,40,40,64,160,8.1,0.25,65.0,-1.0,-1.0,-1.0,-1.0,-1.0,16,64,300,3,7.5,0,0,4,0,0,1,0,16,3.988365800865801
7.0,32,32,2048.0,32000,-1.0,-1.0,1,0,0,0,0,1,0,0,0,0,1,0,2560,320,40,40,64,160,8.1,0.25,65.0,-1.0,-1.0,-1.0,-1.0,-1.0,16,64,300,3,7.5,0,0,4,0,0,1,0,32,7.313186813186813
7.0,32,32,2048.0,32000,-1.0,-1.0,1,0,0,0,0,1,0,0,0,0,1,0,2560,320,40,40,64,160,8.1,0.25,65.0,-1.0,-1.0,-1.0,-1.0,-1.0,16,64,300,3,7.5,0,0,4,0,0,1,0,64,13.799603174603174
7.0,32,32,2048.0,32000,-1.0,-1.0,1,0,0,0,0,1,0,0,0,0,1,0,2560,320,40,40,64,160,8.1,0.25,65.0,-1.0,-1.0,-1.0,-1.0,-1.0,16,64,300,3,7.5,0,0,4,0,0,1,0,128,28.808988764044944
