model_n_parameters,model_n_layers,model_n_heads,model_n_positions,model_vocabulary_size,model_relative_attention_max_distance,model_relative_attention_n_buckets,model_is_flash_attention,model_is_encoder_decoder,model_type_codegen,model_type_gpt_bigcode,model_type_gpt_neox,model_type_llama,model_type_mpt,model_type_mt5,model_type_t5,model_torch_dtype_bfloat16,model_torch_dtype_float16,model_torch_dtype_float32,gpu_n_cuda_cores,gpu_n_tensor_cores,gpu_n_rt_cores,gpu_n_sms,gpu_n_rops,gpu_n_tmus,gpu_tflops_cuda_fp32,gpu_tflops_cuda_fp64,gpu_tflops_cuda_mixed,gpu_tflops_tc_fp16,gpu_tflops_tc_bf16,gpu_tflops_tc_fp32,gpu_tflops_tc_tf32,gpu_tflops_tc_fp64,gpu_memory_capacity_gb,gpu_memory_capacity_gb_total,gpu_memory_bandwidth,gpu_system_interface_gen,gpu_compute_capability,gpu_is_sxm,gpu_is_nvlink,gpu_n_gpus,gpu_architecture_Ampere,gpu_architecture_Hopper,gpu_architecture_Turing,gpu_architecture_Volta,num_users,throughput
20.6,44,64,2048.0,50432,-1.0,-1.0,1,0,0,0,1,0,0,0,0,0,1,0,16896,528,0,132,24,528,67.0,34.0,-1.0,1979.0,1979.0,989.0,-1.0,67.0,80,80,3350,5,9.0,1,1,1,0,1,0,0,1,50.16666666666666
20.6,44,64,2048.0,50432,-1.0,-1.0,1,0,0,0,1,0,0,0,0,0,1,0,16896,528,0,132,24,528,67.0,34.0,-1.0,1979.0,1979.0,989.0,-1.0,67.0,80,80,3350,5,9.0,1,1,1,0,1,0,0,2,88.4
20.6,44,64,2048.0,50432,-1.0,-1.0,1,0,0,0,1,0,0,0,0,0,1,0,16896,528,0,132,24,528,67.0,34.0,-1.0,1979.0,1979.0,989.0,-1.0,67.0,80,80,3350,5,9.0,1,1,1,0,1,0,0,4,142.15
20.6,44,64,2048.0,50432,-1.0,-1.0,1,0,0,0,1,0,0,0,0,0,1,0,16896,528,0,132,24,528,67.0,34.0,-1.0,1979.0,1979.0,989.0,-1.0,67.0,80,80,3350,5,9.0,1,1,1,0,1,0,0,8,220.375
20.6,44,64,2048.0,50432,-1.0,-1.0,1,0,0,0,1,0,0,0,0,0,1,0,16896,528,0,132,24,528,67.0,34.0,-1.0,1979.0,1979.0,989.0,-1.0,67.0,80,80,3350,5,9.0,1,1,1,0,1,0,0,16,312.675
20.6,44,64,2048.0,50432,-1.0,-1.0,1,0,0,0,1,0,0,0,0,0,1,0,16896,528,0,132,24,528,67.0,34.0,-1.0,1979.0,1979.0,989.0,-1.0,67.0,80,80,3350,5,9.0,1,1,1,0,1,0,0,32,342.31666666666666
20.6,44,64,2048.0,50432,-1.0,-1.0,1,0,0,0,1,0,0,0,0,0,1,0,16896,528,0,132,24,528,67.0,34.0,-1.0,1979.0,1979.0,989.0,-1.0,67.0,80,80,3350,5,9.0,1,1,1,0,1,0,0,64,364.05
20.6,44,64,2048.0,50432,-1.0,-1.0,1,0,0,0,1,0,0,0,0,0,1,0,16896,528,0,132,24,528,67.0,34.0,-1.0,1979.0,1979.0,989.0,-1.0,67.0,80,80,3350,5,9.0,1,1,1,0,1,0,0,128,210.14166666666668
20.6,44,64,2048.0,50432,-1.0,-1.0,1,0,0,0,1,0,0,0,0,0,1,0,9216,288,72,72,96,288,31.2,0.97,-1.0,125.0,125.0,62.5,-1.0,-1.0,24,48,600,4,8.6,0,0,2,1,0,0,0,1,20.025
20.6,44,64,2048.0,50432,-1.0,-1.0,1,0,0,0,1,0,0,0,0,0,1,0,9216,288,72,72,96,288,31.2,0.97,-1.0,125.0,125.0,62.5,-1.0,-1.0,24,48,600,4,8.6,0,0,2,1,0,0,0,2,30.08333333333333
20.6,44,64,2048.0,50432,-1.0,-1.0,1,0,0,0,1,0,0,0,0,0,1,0,9216,288,72,72,96,288,31.2,0.97,-1.0,125.0,125.0,62.5,-1.0,-1.0,24,48,600,4,8.6,0,0,2,1,0,0,0,4,47.3
20.6,44,64,2048.0,50432,-1.0,-1.0,1,0,0,0,1,0,0,0,0,0,1,0,9216,288,72,72,96,288,31.2,0.97,-1.0,125.0,125.0,62.5,-1.0,-1.0,24,48,600,4,8.6,0,0,2,1,0,0,0,8,60.44166666666667
20.6,44,64,2048.0,50432,-1.0,-1.0,1,0,0,0,1,0,0,0,0,0,1,0,9216,288,72,72,96,288,31.2,0.97,-1.0,125.0,125.0,62.5,-1.0,-1.0,24,48,600,4,8.6,0,0,2,1,0,0,0,16,69.6
20.6,44,64,2048.0,50432,-1.0,-1.0,1,0,0,0,1,0,0,0,0,0,1,0,9216,288,72,72,96,288,31.2,0.97,-1.0,125.0,125.0,62.5,-1.0,-1.0,24,48,600,4,8.6,0,0,2,1,0,0,0,32,69.44166666666666
20.6,44,64,2048.0,50432,-1.0,-1.0,1,0,0,0,1,0,0,0,0,0,1,0,9216,288,72,72,96,288,31.2,0.97,-1.0,125.0,125.0,62.5,-1.0,-1.0,24,48,600,4,8.6,0,0,2,1,0,0,0,64,64.04166666666667
20.6,44,64,2048.0,50432,-1.0,-1.0,1,0,0,0,1,0,0,0,0,0,1,0,9216,288,72,72,96,288,31.2,0.97,-1.0,125.0,125.0,62.5,-1.0,-1.0,24,48,600,4,8.6,0,0,2,1,0,0,0,128,68.34166666666667
20.6,44,64,2048.0,50432,-1.0,-1.0,1,0,0,0,1,0,0,0,0,0,1,0,6912,432,0,108,160,432,19.5,9.7,-1.0,312.0,312.0,-1.0,156.0,19.5,40,80,1555,4,8.0,0,0,2,1,0,0,0,1,43.44166666666667
20.6,44,64,2048.0,50432,-1.0,-1.0,1,0,0,0,1,0,0,0,0,0,1,0,6912,432,0,108,160,432,19.5,9.7,-1.0,312.0,312.0,-1.0,156.0,19.5,40,80,1555,4,8.0,0,0,2,1,0,0,0,2,73.39166666666667
20.6,44,64,2048.0,50432,-1.0,-1.0,1,0,0,0,1,0,0,0,0,0,1,0,6912,432,0,108,160,432,19.5,9.7,-1.0,312.0,312.0,-1.0,156.0,19.5,40,80,1555,4,8.0,0,0,2,1,0,0,0,4,118.65
20.6,44,64,2048.0,50432,-1.0,-1.0,1,0,0,0,1,0,0,0,0,0,1,0,6912,432,0,108,160,432,19.5,9.7,-1.0,312.0,312.0,-1.0,156.0,19.5,40,80,1555,4,8.0,0,0,2,1,0,0,0,8,177.39166666666668
20.6,44,64,2048.0,50432,-1.0,-1.0,1,0,0,0,1,0,0,0,0,0,1,0,6912,432,0,108,160,432,19.5,9.7,-1.0,312.0,312.0,-1.0,156.0,19.5,40,80,1555,4,8.0,0,0,2,1,0,0,0,16,260.68333333333334
20.6,44,64,2048.0,50432,-1.0,-1.0,1,0,0,0,1,0,0,0,0,0,1,0,6912,432,0,108,160,432,19.5,9.7,-1.0,312.0,312.0,-1.0,156.0,19.5,40,80,1555,4,8.0,0,0,2,1,0,0,0,32,333.125
20.6,44,64,2048.0,50432,-1.0,-1.0,1,0,0,0,1,0,0,0,0,0,1,0,6912,432,0,108,160,432,19.5,9.7,-1.0,312.0,312.0,-1.0,156.0,19.5,40,80,1555,4,8.0,0,0,2,1,0,0,0,64,277.7
20.6,44,64,2048.0,50432,-1.0,-1.0,1,0,0,0,1,0,0,0,0,0,1,0,6912,432,0,108,160,432,19.5,9.7,-1.0,312.0,312.0,-1.0,156.0,19.5,40,80,1555,4,8.0,0,0,2,1,0,0,0,128,7.008333333333334
20.6,44,64,2048.0,50432,-1.0,-1.0,1,0,0,0,1,0,0,0,0,0,1,0,16896,528,0,132,24,528,67.0,34.0,-1.0,1979.0,1979.0,989.0,-1.0,67.0,80,160,3350,5,9.0,1,1,2,0,1,0,0,1,62.825
20.6,44,64,2048.0,50432,-1.0,-1.0,1,0,0,0,1,0,0,0,0,0,1,0,16896,528,0,132,24,528,67.0,34.0,-1.0,1979.0,1979.0,989.0,-1.0,67.0,80,160,3350,5,9.0,1,1,2,0,1,0,0,2,104.39166666666668
20.6,44,64,2048.0,50432,-1.0,-1.0,1,0,0,0,1,0,0,0,0,0,1,0,16896,528,0,132,24,528,67.0,34.0,-1.0,1979.0,1979.0,989.0,-1.0,67.0,80,160,3350,5,9.0,1,1,2,0,1,0,0,4,177.7
20.6,44,64,2048.0,50432,-1.0,-1.0,1,0,0,0,1,0,0,0,0,0,1,0,16896,528,0,132,24,528,67.0,34.0,-1.0,1979.0,1979.0,989.0,-1.0,67.0,80,160,3350,5,9.0,1,1,2,0,1,0,0,8,293.26666666666665
20.6,44,64,2048.0,50432,-1.0,-1.0,1,0,0,0,1,0,0,0,0,0,1,0,16896,528,0,132,24,528,67.0,34.0,-1.0,1979.0,1979.0,989.0,-1.0,67.0,80,160,3350,5,9.0,1,1,2,0,1,0,0,16,457.8083333333333
20.6,44,64,2048.0,50432,-1.0,-1.0,1,0,0,0,1,0,0,0,0,0,1,0,16896,528,0,132,24,528,67.0,34.0,-1.0,1979.0,1979.0,989.0,-1.0,67.0,80,160,3350,5,9.0,1,1,2,0,1,0,0,32,624.5833333333334
20.6,44,64,2048.0,50432,-1.0,-1.0,1,0,0,0,1,0,0,0,0,0,1,0,16896,528,0,132,24,528,67.0,34.0,-1.0,1979.0,1979.0,989.0,-1.0,67.0,80,160,3350,5,9.0,1,1,2,0,1,0,0,64,727.5333333333333
20.6,44,64,2048.0,50432,-1.0,-1.0,1,0,0,0,1,0,0,0,0,0,1,0,16896,528,0,132,24,528,67.0,34.0,-1.0,1979.0,1979.0,989.0,-1.0,67.0,80,160,3350,5,9.0,1,1,2,0,1,0,0,128,715.8916666666667
20.6,44,64,2048.0,50432,-1.0,-1.0,1,0,0,0,1,0,0,0,0,0,1,0,6912,432,0,108,160,432,19.5,9.7,-1.0,312.0,312.0,-1.0,156.0,19.5,40,160,1555,4,8.0,0,0,4,1,0,0,0,1,43.44166666666667
20.6,44,64,2048.0,50432,-1.0,-1.0,1,0,0,0,1,0,0,0,0,0,1,0,6912,432,0,108,160,432,19.5,9.7,-1.0,312.0,312.0,-1.0,156.0,19.5,40,160,1555,4,8.0,0,0,4,1,0,0,0,2,77.025
20.6,44,64,2048.0,50432,-1.0,-1.0,1,0,0,0,1,0,0,0,0,0,1,0,6912,432,0,108,160,432,19.5,9.7,-1.0,312.0,312.0,-1.0,156.0,19.5,40,160,1555,4,8.0,0,0,4,1,0,0,0,4,125.65
20.6,44,64,2048.0,50432,-1.0,-1.0,1,0,0,0,1,0,0,0,0,0,1,0,6912,432,0,108,160,432,19.5,9.7,-1.0,312.0,312.0,-1.0,156.0,19.5,40,160,1555,4,8.0,0,0,4,1,0,0,0,8,202.0833333333333
20.6,44,64,2048.0,50432,-1.0,-1.0,1,0,0,0,1,0,0,0,0,0,1,0,6912,432,0,108,160,432,19.5,9.7,-1.0,312.0,312.0,-1.0,156.0,19.5,40,160,1555,4,8.0,0,0,4,1,0,0,0,16,318.80833333333334
20.6,44,64,2048.0,50432,-1.0,-1.0,1,0,0,0,1,0,0,0,0,0,1,0,6912,432,0,108,160,432,19.5,9.7,-1.0,312.0,312.0,-1.0,156.0,19.5,40,160,1555,4,8.0,0,0,4,1,0,0,0,32,401.9583333333333
20.6,44,64,2048.0,50432,-1.0,-1.0,1,0,0,0,1,0,0,0,0,0,1,0,6912,432,0,108,160,432,19.5,9.7,-1.0,312.0,312.0,-1.0,156.0,19.5,40,160,1555,4,8.0,0,0,4,1,0,0,0,64,462.925
20.6,44,64,2048.0,50432,-1.0,-1.0,1,0,0,0,1,0,0,0,0,0,1,0,6912,432,0,108,160,432,19.5,9.7,-1.0,312.0,312.0,-1.0,156.0,19.5,40,160,1555,4,8.0,0,0,4,1,0,0,0,128,405.28333333333336
20.6,44,64,2048.0,50432,-1.0,-1.0,1,0,0,0,1,0,0,0,0,0,1,0,16896,528,0,132,24,528,67.0,34.0,-1.0,1979.0,1979.0,989.0,-1.0,67.0,80,320,3350,5,9.0,1,1,4,0,1,0,0,1,65.08333333333333
20.6,44,64,2048.0,50432,-1.0,-1.0,1,0,0,0,1,0,0,0,0,0,1,0,16896,528,0,132,24,528,67.0,34.0,-1.0,1979.0,1979.0,989.0,-1.0,67.0,80,320,3350,5,9.0,1,1,4,0,1,0,0,2,109.28333333333332
20.6,44,64,2048.0,50432,-1.0,-1.0,1,0,0,0,1,0,0,0,0,0,1,0,16896,528,0,132,24,528,67.0,34.0,-1.0,1979.0,1979.0,989.0,-1.0,67.0,80,320,3350,5,9.0,1,1,4,0,1,0,0,4,185.81666666666663
20.6,44,64,2048.0,50432,-1.0,-1.0,1,0,0,0,1,0,0,0,0,0,1,0,16896,528,0,132,24,528,67.0,34.0,-1.0,1979.0,1979.0,989.0,-1.0,67.0,80,320,3350,5,9.0,1,1,4,0,1,0,0,8,325.3
20.6,44,64,2048.0,50432,-1.0,-1.0,1,0,0,0,1,0,0,0,0,0,1,0,16896,528,0,132,24,528,67.0,34.0,-1.0,1979.0,1979.0,989.0,-1.0,67.0,80,320,3350,5,9.0,1,1,4,0,1,0,0,16,536.1
20.6,44,64,2048.0,50432,-1.0,-1.0,1,0,0,0,1,0,0,0,0,0,1,0,16896,528,0,132,24,528,67.0,34.0,-1.0,1979.0,1979.0,989.0,-1.0,67.0,80,320,3350,5,9.0,1,1,4,0,1,0,0,32,806.8666666666667
20.6,44,64,2048.0,50432,-1.0,-1.0,1,0,0,0,1,0,0,0,0,0,1,0,16896,528,0,132,24,528,67.0,34.0,-1.0,1979.0,1979.0,989.0,-1.0,67.0,80,320,3350,5,9.0,1,1,4,0,1,0,0,64,986.1333333333332
20.6,44,64,2048.0,50432,-1.0,-1.0,1,0,0,0,1,0,0,0,0,0,1,0,16896,528,0,132,24,528,67.0,34.0,-1.0,1979.0,1979.0,989.0,-1.0,67.0,80,320,3350,5,9.0,1,1,4,0,1,0,0,128,1090.275
20.6,44,64,2048.0,50432,-1.0,-1.0,1,0,0,0,1,0,0,0,0,0,1,0,2560,320,40,40,64,160,8.1,0.25,65.0,-1.0,-1.0,-1.0,-1.0,-1.0,16,64,300,3,7.5,0,0,4,0,0,1,0,1,16.166666666666668
20.6,44,64,2048.0,50432,-1.0,-1.0,1,0,0,0,1,0,0,0,0,0,1,0,2560,320,40,40,64,160,8.1,0.25,65.0,-1.0,-1.0,-1.0,-1.0,-1.0,16,64,300,3,7.5,0,0,4,0,0,1,0,2,29.008333333333333
20.6,44,64,2048.0,50432,-1.0,-1.0,1,0,0,0,1,0,0,0,0,0,1,0,2560,320,40,40,64,160,8.1,0.25,65.0,-1.0,-1.0,-1.0,-1.0,-1.0,16,64,300,3,7.5,0,0,4,0,0,1,0,4,46.09166666666667
20.6,44,64,2048.0,50432,-1.0,-1.0,1,0,0,0,1,0,0,0,0,0,1,0,2560,320,40,40,64,160,8.1,0.25,65.0,-1.0,-1.0,-1.0,-1.0,-1.0,16,64,300,3,7.5,0,0,4,0,0,1,0,8,65.93333333333334
20.6,44,64,2048.0,50432,-1.0,-1.0,1,0,0,0,1,0,0,0,0,0,1,0,2560,320,40,40,64,160,8.1,0.25,65.0,-1.0,-1.0,-1.0,-1.0,-1.0,16,64,300,3,7.5,0,0,4,0,0,1,0,16,89.85833333333333
20.6,44,64,2048.0,50432,-1.0,-1.0,1,0,0,0,1,0,0,0,0,0,1,0,2560,320,40,40,64,160,8.1,0.25,65.0,-1.0,-1.0,-1.0,-1.0,-1.0,16,64,300,3,7.5,0,0,4,0,0,1,0,32,98.84166666666668
20.6,44,64,2048.0,50432,-1.0,-1.0,1,0,0,0,1,0,0,0,0,0,1,0,2560,320,40,40,64,160,8.1,0.25,65.0,-1.0,-1.0,-1.0,-1.0,-1.0,16,64,300,3,7.5,0,0,4,0,0,1,0,64,100.14166666666668
20.6,44,64,2048.0,50432,-1.0,-1.0,1,0,0,0,1,0,0,0,0,0,1,0,2560,320,40,40,64,160,8.1,0.25,65.0,-1.0,-1.0,-1.0,-1.0,-1.0,16,64,300,3,7.5,0,0,4,0,0,1,0,128,89.91666666666667
16.0,34,24,2048.0,51200,-1.0,-1.0,0,0,1,0,0,0,0,0,0,0,0,1,16896,528,0,132,24,528,67.0,34.0,-1.0,1979.0,1979.0,989.0,-1.0,67.0,80,80,3350,5,9.0,1,1,1,0,1,0,0,1,39.891666666666666
16.0,34,24,2048.0,51200,-1.0,-1.0,0,0,1,0,0,0,0,0,0,0,0,1,16896,528,0,132,24,528,67.0,34.0,-1.0,1979.0,1979.0,989.0,-1.0,67.0,80,80,3350,5,9.0,1,1,1,0,1,0,0,2,68.31666666666666
16.0,34,24,2048.0,51200,-1.0,-1.0,0,0,1,0,0,0,0,0,0,0,0,1,16896,528,0,132,24,528,67.0,34.0,-1.0,1979.0,1979.0,989.0,-1.0,67.0,80,80,3350,5,9.0,1,1,1,0,1,0,0,4,105.875
16.0,34,24,2048.0,51200,-1.0,-1.0,0,0,1,0,0,0,0,0,0,0,0,1,16896,528,0,132,24,528,67.0,34.0,-1.0,1979.0,1979.0,989.0,-1.0,67.0,80,80,3350,5,9.0,1,1,1,0,1,0,0,8,142.13333333333333
16.0,34,24,2048.0,51200,-1.0,-1.0,0,0,1,0,0,0,0,0,0,0,0,1,16896,528,0,132,24,528,67.0,34.0,-1.0,1979.0,1979.0,989.0,-1.0,67.0,80,80,3350,5,9.0,1,1,1,0,1,0,0,16,151.05833333333334
16.0,34,24,2048.0,51200,-1.0,-1.0,0,0,1,0,0,0,0,0,0,0,0,1,16896,528,0,132,24,528,67.0,34.0,-1.0,1979.0,1979.0,989.0,-1.0,67.0,80,80,3350,5,9.0,1,1,1,0,1,0,0,32,156.38333333333333
16.0,34,24,2048.0,51200,-1.0,-1.0,0,0,1,0,0,0,0,0,0,0,0,1,16896,528,0,132,24,528,67.0,34.0,-1.0,1979.0,1979.0,989.0,-1.0,67.0,80,80,3350,5,9.0,1,1,1,0,1,0,0,64,148.14166666666668
16.0,34,24,2048.0,51200,-1.0,-1.0,0,0,1,0,0,0,0,0,0,0,0,1,16896,528,0,132,24,528,67.0,34.0,-1.0,1979.0,1979.0,989.0,-1.0,67.0,80,80,3350,5,9.0,1,1,1,0,1,0,0,128,151.9
15.5,40,48,8192.0,49152,-1.0,-1.0,1,0,0,1,0,0,0,0,0,0,0,1,6912,432,0,108,160,432,19.5,9.7,-1.0,312.0,312.0,-1.0,156.0,19.5,40,40,1555,4,8.0,0,0,1,1,0,0,0,1,28.65
15.5,40,48,8192.0,49152,-1.0,-1.0,1,0,0,1,0,0,0,0,0,0,0,1,6912,432,0,108,160,432,19.5,9.7,-1.0,312.0,312.0,-1.0,156.0,19.5,40,40,1555,4,8.0,0,0,1,1,0,0,0,2,56.625
15.5,40,48,8192.0,49152,-1.0,-1.0,1,0,0,1,0,0,0,0,0,0,0,1,6912,432,0,108,160,432,19.5,9.7,-1.0,312.0,312.0,-1.0,156.0,19.5,40,40,1555,4,8.0,0,0,1,1,0,0,0,4,85.21666666666667
15.5,40,48,8192.0,49152,-1.0,-1.0,1,0,0,1,0,0,0,0,0,0,0,1,6912,432,0,108,160,432,19.5,9.7,-1.0,312.0,312.0,-1.0,156.0,19.5,40,40,1555,4,8.0,0,0,1,1,0,0,0,8,132.075
15.5,40,48,8192.0,49152,-1.0,-1.0,1,0,0,1,0,0,0,0,0,0,0,1,6912,432,0,108,160,432,19.5,9.7,-1.0,312.0,312.0,-1.0,156.0,19.5,40,40,1555,4,8.0,0,0,1,1,0,0,0,16,191.425
15.5,40,48,8192.0,49152,-1.0,-1.0,1,0,0,1,0,0,0,0,0,0,0,1,6912,432,0,108,160,432,19.5,9.7,-1.0,312.0,312.0,-1.0,156.0,19.5,40,40,1555,4,8.0,0,0,1,1,0,0,0,32,275.31666666666666
15.5,40,48,8192.0,49152,-1.0,-1.0,1,0,0,1,0,0,0,0,0,0,0,1,6912,432,0,108,160,432,19.5,9.7,-1.0,312.0,312.0,-1.0,156.0,19.5,40,40,1555,4,8.0,0,0,1,1,0,0,0,64,305.25
15.5,40,48,8192.0,49152,-1.0,-1.0,1,0,0,1,0,0,0,0,0,0,0,1,6912,432,0,108,160,432,19.5,9.7,-1.0,312.0,312.0,-1.0,156.0,19.5,40,40,1555,4,8.0,0,0,1,1,0,0,0,128,210.45
15.5,40,48,8192.0,49152,-1.0,-1.0,1,0,0,1,0,0,0,0,0,0,0,1,16896,528,0,132,24,528,67.0,34.0,-1.0,1979.0,1979.0,989.0,-1.0,67.0,80,80,3350,5,9.0,1,1,1,0,1,0,0,1,64.025
15.5,40,48,8192.0,49152,-1.0,-1.0,1,0,0,1,0,0,0,0,0,0,0,1,16896,528,0,132,24,528,67.0,34.0,-1.0,1979.0,1979.0,989.0,-1.0,67.0,80,80,3350,5,9.0,1,1,1,0,1,0,0,2,109.59166666666668
15.5,40,48,8192.0,49152,-1.0,-1.0,1,0,0,1,0,0,0,0,0,0,0,1,16896,528,0,132,24,528,67.0,34.0,-1.0,1979.0,1979.0,989.0,-1.0,67.0,80,80,3350,5,9.0,1,1,1,0,1,0,0,4,182.51666666666668
15.5,40,48,8192.0,49152,-1.0,-1.0,1,0,0,1,0,0,0,0,0,0,0,1,16896,528,0,132,24,528,67.0,34.0,-1.0,1979.0,1979.0,989.0,-1.0,67.0,80,80,3350,5,9.0,1,1,1,0,1,0,0,8,306.35
15.5,40,48,8192.0,49152,-1.0,-1.0,1,0,0,1,0,0,0,0,0,0,0,1,16896,528,0,132,24,528,67.0,34.0,-1.0,1979.0,1979.0,989.0,-1.0,67.0,80,80,3350,5,9.0,1,1,1,0,1,0,0,16,463.48333333333335
15.5,40,48,8192.0,49152,-1.0,-1.0,1,0,0,1,0,0,0,0,0,0,0,1,16896,528,0,132,24,528,67.0,34.0,-1.0,1979.0,1979.0,989.0,-1.0,67.0,80,80,3350,5,9.0,1,1,1,0,1,0,0,32,639.8166666666667
15.5,40,48,8192.0,49152,-1.0,-1.0,1,0,0,1,0,0,0,0,0,0,0,1,16896,528,0,132,24,528,67.0,34.0,-1.0,1979.0,1979.0,989.0,-1.0,67.0,80,80,3350,5,9.0,1,1,1,0,1,0,0,64,803.3833333333333
15.5,40,48,8192.0,49152,-1.0,-1.0,1,0,0,1,0,0,0,0,0,0,0,1,16896,528,0,132,24,528,67.0,34.0,-1.0,1979.0,1979.0,989.0,-1.0,67.0,80,80,3350,5,9.0,1,1,1,0,1,0,0,128,928.3416666666668
15.5,40,48,8192.0,49152,-1.0,-1.0,1,0,0,1,0,0,0,0,0,0,0,1,9216,288,72,72,96,288,31.2,0.97,-1.0,125.0,125.0,62.5,-1.0,-1.0,24,48,600,4,8.6,0,0,2,1,0,0,0,1,24.641666666666666
15.5,40,48,8192.0,49152,-1.0,-1.0,1,0,0,1,0,0,0,0,0,0,0,1,9216,288,72,72,96,288,31.2,0.97,-1.0,125.0,125.0,62.5,-1.0,-1.0,24,48,600,4,8.6,0,0,2,1,0,0,0,2,39.708333333333336
15.5,40,48,8192.0,49152,-1.0,-1.0,1,0,0,1,0,0,0,0,0,0,0,1,9216,288,72,72,96,288,31.2,0.97,-1.0,125.0,125.0,62.5,-1.0,-1.0,24,48,600,4,8.6,0,0,2,1,0,0,0,4,65.90833333333333
15.5,40,48,8192.0,49152,-1.0,-1.0,1,0,0,1,0,0,0,0,0,0,0,1,9216,288,72,72,96,288,31.2,0.97,-1.0,125.0,125.0,62.5,-1.0,-1.0,24,48,600,4,8.6,0,0,2,1,0,0,0,8,105.9
15.5,40,48,8192.0,49152,-1.0,-1.0,1,0,0,1,0,0,0,0,0,0,0,1,9216,288,72,72,96,288,31.2,0.97,-1.0,125.0,125.0,62.5,-1.0,-1.0,24,48,600,4,8.6,0,0,2,1,0,0,0,16,161.70833333333334
15.5,40,48,8192.0,49152,-1.0,-1.0,1,0,0,1,0,0,0,0,0,0,0,1,9216,288,72,72,96,288,31.2,0.97,-1.0,125.0,125.0,62.5,-1.0,-1.0,24,48,600,4,8.6,0,0,2,1,0,0,0,32,223.00833333333333
15.5,40,48,8192.0,49152,-1.0,-1.0,1,0,0,1,0,0,0,0,0,0,0,1,9216,288,72,72,96,288,31.2,0.97,-1.0,125.0,125.0,62.5,-1.0,-1.0,24,48,600,4,8.6,0,0,2,1,0,0,0,64,260.68333333333334
15.5,40,48,8192.0,49152,-1.0,-1.0,1,0,0,1,0,0,0,0,0,0,0,1,9216,288,72,72,96,288,31.2,0.97,-1.0,125.0,125.0,62.5,-1.0,-1.0,24,48,600,4,8.6,0,0,2,1,0,0,0,128,232.39166666666668
15.5,40,48,8192.0,49152,-1.0,-1.0,1,0,0,1,0,0,0,0,0,0,0,1,6912,432,0,108,160,432,19.5,9.7,-1.0,312.0,312.0,-1.0,156.0,19.5,40,80,1555,4,8.0,0,0,2,1,0,0,0,1,49.05833333333333
15.5,40,48,8192.0,49152,-1.0,-1.0,1,0,0,1,0,0,0,0,0,0,0,1,6912,432,0,108,160,432,19.5,9.7,-1.0,312.0,312.0,-1.0,156.0,19.5,40,80,1555,4,8.0,0,0,2,1,0,0,0,2,83.44166666666666
15.5,40,48,8192.0,49152,-1.0,-1.0,1,0,0,1,0,0,0,0,0,0,0,1,6912,432,0,108,160,432,19.5,9.7,-1.0,312.0,312.0,-1.0,156.0,19.5,40,80,1555,4,8.0,0,0,2,1,0,0,0,4,137.56666666666666
15.5,40,48,8192.0,49152,-1.0,-1.0,1,0,0,1,0,0,0,0,0,0,0,1,6912,432,0,108,160,432,19.5,9.7,-1.0,312.0,312.0,-1.0,156.0,19.5,40,80,1555,4,8.0,0,0,2,1,0,0,0,8,215.90833333333333
15.5,40,48,8192.0,49152,-1.0,-1.0,1,0,0,1,0,0,0,0,0,0,0,1,6912,432,0,108,160,432,19.5,9.7,-1.0,312.0,312.0,-1.0,156.0,19.5,40,80,1555,4,8.0,0,0,2,1,0,0,0,16,339.8583333333333
15.5,40,48,8192.0,49152,-1.0,-1.0,1,0,0,1,0,0,0,0,0,0,0,1,6912,432,0,108,160,432,19.5,9.7,-1.0,312.0,312.0,-1.0,156.0,19.5,40,80,1555,4,8.0,0,0,2,1,0,0,0,32,475.2916666666667
15.5,40,48,8192.0,49152,-1.0,-1.0,1,0,0,1,0,0,0,0,0,0,0,1,6912,432,0,108,160,432,19.5,9.7,-1.0,312.0,312.0,-1.0,156.0,19.5,40,80,1555,4,8.0,0,0,2,1,0,0,0,64,573.2916666666666
15.5,40,48,8192.0,49152,-1.0,-1.0,1,0,0,1,0,0,0,0,0,0,0,1,6912,432,0,108,160,432,19.5,9.7,-1.0,312.0,312.0,-1.0,156.0,19.5,40,80,1555,4,8.0,0,0,2,1,0,0,0,128,609.625
15.5,40,48,8192.0,49152,-1.0,-1.0,1,0,0,1,0,0,0,0,0,0,0,1,16896,528,0,132,24,528,67.0,34.0,-1.0,1979.0,1979.0,989.0,-1.0,67.0,80,160,3350,5,9.0,1,1,2,0,1,0,0,1,71.15833333333333
15.5,40,48,8192.0,49152,-1.0,-1.0,1,0,0,1,0,0,0,0,0,0,0,1,16896,528,0,132,24,528,67.0,34.0,-1.0,1979.0,1979.0,989.0,-1.0,67.0,80,160,3350,5,9.0,1,1,2,0,1,0,0,2,117.26666666666668
15.5,40,48,8192.0,49152,-1.0,-1.0,1,0,0,1,0,0,0,0,0,0,0,1,16896,528,0,132,24,528,67.0,34.0,-1.0,1979.0,1979.0,989.0,-1.0,67.0,80,160,3350,5,9.0,1,1,2,0,1,0,0,4,198.1833333333333
15.5,40,48,8192.0,49152,-1.0,-1.0,1,0,0,1,0,0,0,0,0,0,0,1,16896,528,0,132,24,528,67.0,34.0,-1.0,1979.0,1979.0,989.0,-1.0,67.0,80,160,3350,5,9.0,1,1,2,0,1,0,0,8,350.5083333333333
15.5,40,48,8192.0,49152,-1.0,-1.0,1,0,0,1,0,0,0,0,0,0,0,1,16896,528,0,132,24,528,67.0,34.0,-1.0,1979.0,1979.0,989.0,-1.0,67.0,80,160,3350,5,9.0,1,1,2,0,1,0,0,16,568.3416666666667
15.5,40,48,8192.0,49152,-1.0,-1.0,1,0,0,1,0,0,0,0,0,0,0,1,16896,528,0,132,24,528,67.0,34.0,-1.0,1979.0,1979.0,989.0,-1.0,67.0,80,160,3350,5,9.0,1,1,2,0,1,0,0,32,833.7916666666666
15.5,40,48,8192.0,49152,-1.0,-1.0,1,0,0,1,0,0,0,0,0,0,0,1,16896,528,0,132,24,528,67.0,34.0,-1.0,1979.0,1979.0,989.0,-1.0,67.0,80,160,3350,5,9.0,1,1,2,0,1,0,0,64,1068.8583333333331
15.5,40,48,8192.0,49152,-1.0,-1.0,1,0,0,1,0,0,0,0,0,0,0,1,16896,528,0,132,24,528,67.0,34.0,-1.0,1979.0,1979.0,989.0,-1.0,67.0,80,160,3350,5,9.0,1,1,2,0,1,0,0,128,1261.2083333333333
15.5,40,48,8192.0,49152,-1.0,-1.0,1,0,0,1,0,0,0,0,0,0,0,1,6912,432,0,108,160,432,19.5,9.7,-1.0,312.0,312.0,-1.0,156.0,19.5,40,160,1555,4,8.0,0,0,4,1,0,0,0,1,45.71666666666667
15.5,40,48,8192.0,49152,-1.0,-1.0,1,0,0,1,0,0,0,0,0,0,0,1,6912,432,0,108,160,432,19.5,9.7,-1.0,312.0,312.0,-1.0,156.0,19.5,40,160,1555,4,8.0,0,0,4,1,0,0,0,2,78.90833333333333
15.5,40,48,8192.0,49152,-1.0,-1.0,1,0,0,1,0,0,0,0,0,0,0,1,6912,432,0,108,160,432,19.5,9.7,-1.0,312.0,312.0,-1.0,156.0,19.5,40,160,1555,4,8.0,0,0,4,1,0,0,0,4,132.66666666666666
15.5,40,48,8192.0,49152,-1.0,-1.0,1,0,0,1,0,0,0,0,0,0,0,1,6912,432,0,108,160,432,19.5,9.7,-1.0,312.0,312.0,-1.0,156.0,19.5,40,160,1555,4,8.0,0,0,4,1,0,0,0,8,217.29166666666663
15.5,40,48,8192.0,49152,-1.0,-1.0,1,0,0,1,0,0,0,0,0,0,0,1,6912,432,0,108,160,432,19.5,9.7,-1.0,312.0,312.0,-1.0,156.0,19.5,40,160,1555,4,8.0,0,0,4,1,0,0,0,16,339.31666666666666
15.5,40,48,8192.0,49152,-1.0,-1.0,1,0,0,1,0,0,0,0,0,0,0,1,6912,432,0,108,160,432,19.5,9.7,-1.0,312.0,312.0,-1.0,156.0,19.5,40,160,1555,4,8.0,0,0,4,1,0,0,0,32,445.625
15.5,40,48,8192.0,49152,-1.0,-1.0,1,0,0,1,0,0,0,0,0,0,0,1,6912,432,0,108,160,432,19.5,9.7,-1.0,312.0,312.0,-1.0,156.0,19.5,40,160,1555,4,8.0,0,0,4,1,0,0,0,64,517.025
15.5,40,48,8192.0,49152,-1.0,-1.0,1,0,0,1,0,0,0,0,0,0,0,1,6912,432,0,108,160,432,19.5,9.7,-1.0,312.0,312.0,-1.0,156.0,19.5,40,160,1555,4,8.0,0,0,4,1,0,0,0,128,537.5416666666666
15.5,40,48,8192.0,49152,-1.0,-1.0,1,0,0,1,0,0,0,0,0,0,0,1,16896,528,0,132,24,528,67.0,34.0,-1.0,1979.0,1979.0,989.0,-1.0,67.0,80,320,3350,5,9.0,1,1,4,0,1,0,0,1,70.1
15.5,40,48,8192.0,49152,-1.0,-1.0,1,0,0,1,0,0,0,0,0,0,0,1,16896,528,0,132,24,528,67.0,34.0,-1.0,1979.0,1979.0,989.0,-1.0,67.0,80,320,3350,5,9.0,1,1,4,0,1,0,0,2,116.63333333333334
15.5,40,48,8192.0,49152,-1.0,-1.0,1,0,0,1,0,0,0,0,0,0,0,1,16896,528,0,132,24,528,67.0,34.0,-1.0,1979.0,1979.0,989.0,-1.0,67.0,80,320,3350,5,9.0,1,1,4,0,1,0,0,4,197.15833333333333
15.5,40,48,8192.0,49152,-1.0,-1.0,1,0,0,1,0,0,0,0,0,0,0,1,16896,528,0,132,24,528,67.0,34.0,-1.0,1979.0,1979.0,989.0,-1.0,67.0,80,320,3350,5,9.0,1,1,4,0,1,0,0,8,355.525
15.5,40,48,8192.0,49152,-1.0,-1.0,1,0,0,1,0,0,0,0,0,0,0,1,16896,528,0,132,24,528,67.0,34.0,-1.0,1979.0,1979.0,989.0,-1.0,67.0,80,320,3350,5,9.0,1,1,4,0,1,0,0,16,597.2416666666667
15.5,40,48,8192.0,49152,-1.0,-1.0,1,0,0,1,0,0,0,0,0,0,0,1,16896,528,0,132,24,528,67.0,34.0,-1.0,1979.0,1979.0,989.0,-1.0,67.0,80,320,3350,5,9.0,1,1,4,0,1,0,0,32,903.5333333333332
15.5,40,48,8192.0,49152,-1.0,-1.0,1,0,0,1,0,0,0,0,0,0,0,1,16896,528,0,132,24,528,67.0,34.0,-1.0,1979.0,1979.0,989.0,-1.0,67.0,80,320,3350,5,9.0,1,1,4,0,1,0,0,64,1218.2083333333333
15.5,40,48,8192.0,49152,-1.0,-1.0,1,0,0,1,0,0,0,0,0,0,0,1,16896,528,0,132,24,528,67.0,34.0,-1.0,1979.0,1979.0,989.0,-1.0,67.0,80,320,3350,5,9.0,1,1,4,0,1,0,0,128,1412.1416666666669
15.5,40,48,8192.0,49152,-1.0,-1.0,1,0,0,1,0,0,0,0,0,0,0,1,2560,320,40,40,64,160,8.1,0.25,65.0,-1.0,-1.0,-1.0,-1.0,-1.0,16,64,300,3,7.5,0,0,4,0,0,1,0,1,22.225
15.5,40,48,8192.0,49152,-1.0,-1.0,1,0,0,1,0,0,0,0,0,0,0,1,2560,320,40,40,64,160,8.1,0.25,65.0,-1.0,-1.0,-1.0,-1.0,-1.0,16,64,300,3,7.5,0,0,4,0,0,1,0,2,37.708333333333336
15.5,40,48,8192.0,49152,-1.0,-1.0,1,0,0,1,0,0,0,0,0,0,0,1,2560,320,40,40,64,160,8.1,0.25,65.0,-1.0,-1.0,-1.0,-1.0,-1.0,16,64,300,3,7.5,0,0,4,0,0,1,0,4,63.13333333333333
15.5,40,48,8192.0,49152,-1.0,-1.0,1,0,0,1,0,0,0,0,0,0,0,1,2560,320,40,40,64,160,8.1,0.25,65.0,-1.0,-1.0,-1.0,-1.0,-1.0,16,64,300,3,7.5,0,0,4,0,0,1,0,8,92.05833333333334
15.5,40,48,8192.0,49152,-1.0,-1.0,1,0,0,1,0,0,0,0,0,0,0,1,2560,320,40,40,64,160,8.1,0.25,65.0,-1.0,-1.0,-1.0,-1.0,-1.0,16,64,300,3,7.5,0,0,4,0,0,1,0,16,129.775
15.5,40,48,8192.0,49152,-1.0,-1.0,1,0,0,1,0,0,0,0,0,0,0,1,2560,320,40,40,64,160,8.1,0.25,65.0,-1.0,-1.0,-1.0,-1.0,-1.0,16,64,300,3,7.5,0,0,4,0,0,1,0,32,163.35833333333332
15.5,40,48,8192.0,49152,-1.0,-1.0,1,0,0,1,0,0,0,0,0,0,0,1,2560,320,40,40,64,160,8.1,0.25,65.0,-1.0,-1.0,-1.0,-1.0,-1.0,16,64,300,3,7.5,0,0,4,0,0,1,0,64,179.46666666666667
15.5,40,48,8192.0,49152,-1.0,-1.0,1,0,0,1,0,0,0,0,0,0,0,1,2560,320,40,40,64,160,8.1,0.25,65.0,-1.0,-1.0,-1.0,-1.0,-1.0,16,64,300,3,7.5,0,0,4,0,0,1,0,128,166.125
13.0,24,64,-1.0,250112,128.0,32.0,0,1,0,0,0,0,0,1,0,0,0,1,6912,432,0,108,160,432,19.5,9.7,-1.0,312.0,312.0,-1.0,156.0,19.5,40,40,1555,4,8.0,0,0,1,1,0,0,0,1,38.61666666666667
13.0,24,64,-1.0,250112,128.0,32.0,0,1,0,0,0,0,0,1,0,0,0,1,6912,432,0,108,160,432,19.5,9.7,-1.0,312.0,312.0,-1.0,156.0,19.5,40,40,1555,4,8.0,0,0,1,1,0,0,0,2,63.61666666666667
13.0,24,64,-1.0,250112,128.0,32.0,0,1,0,0,0,0,0,1,0,0,0,1,6912,432,0,108,160,432,19.5,9.7,-1.0,312.0,312.0,-1.0,156.0,19.5,40,40,1555,4,8.0,0,0,1,1,0,0,0,4,88.6
13.0,24,64,-1.0,250112,128.0,32.0,0,1,0,0,0,0,0,1,0,0,0,1,6912,432,0,108,160,432,19.5,9.7,-1.0,312.0,312.0,-1.0,156.0,19.5,40,40,1555,4,8.0,0,0,1,1,0,0,0,8,106.23333333333332
13.0,24,64,-1.0,250112,128.0,32.0,0,1,0,0,0,0,0,1,0,0,0,1,6912,432,0,108,160,432,19.5,9.7,-1.0,312.0,312.0,-1.0,156.0,19.5,40,40,1555,4,8.0,0,0,1,1,0,0,0,16,108.46666666666668
13.0,24,64,-1.0,250112,128.0,32.0,0,1,0,0,0,0,0,1,0,0,0,1,6912,432,0,108,160,432,19.5,9.7,-1.0,312.0,312.0,-1.0,156.0,19.5,40,40,1555,4,8.0,0,0,1,1,0,0,0,32,112.54166666666669
13.0,24,64,-1.0,250112,128.0,32.0,0,1,0,0,0,0,0,1,0,0,0,1,6912,432,0,108,160,432,19.5,9.7,-1.0,312.0,312.0,-1.0,156.0,19.5,40,40,1555,4,8.0,0,0,1,1,0,0,0,64,110.74166666666666
13.0,24,64,-1.0,250112,128.0,32.0,0,1,0,0,0,0,0,1,0,0,0,1,6912,432,0,108,160,432,19.5,9.7,-1.0,312.0,312.0,-1.0,156.0,19.5,40,40,1555,4,8.0,0,0,1,1,0,0,0,128,112.65833333333332
13.0,24,64,-1.0,250112,128.0,32.0,0,1,0,0,0,0,0,1,0,0,0,1,16896,528,0,132,24,528,67.0,34.0,-1.0,1979.0,1979.0,989.0,-1.0,67.0,80,80,3350,5,9.0,1,1,1,0,1,0,0,1,54.25
13.0,24,64,-1.0,250112,128.0,32.0,0,1,0,0,0,0,0,1,0,0,0,1,16896,528,0,132,24,528,67.0,34.0,-1.0,1979.0,1979.0,989.0,-1.0,67.0,80,80,3350,5,9.0,1,1,1,0,1,0,0,2,89.90833333333333
13.0,24,64,-1.0,250112,128.0,32.0,0,1,0,0,0,0,0,1,0,0,0,1,16896,528,0,132,24,528,67.0,34.0,-1.0,1979.0,1979.0,989.0,-1.0,67.0,80,80,3350,5,9.0,1,1,1,0,1,0,0,4,145.28333333333333
13.0,24,64,-1.0,250112,128.0,32.0,0,1,0,0,0,0,0,1,0,0,0,1,16896,528,0,132,24,528,67.0,34.0,-1.0,1979.0,1979.0,989.0,-1.0,67.0,80,80,3350,5,9.0,1,1,1,0,1,0,0,8,223.46666666666667
13.0,24,64,-1.0,250112,128.0,32.0,0,1,0,0,0,0,0,1,0,0,0,1,16896,528,0,132,24,528,67.0,34.0,-1.0,1979.0,1979.0,989.0,-1.0,67.0,80,80,3350,5,9.0,1,1,1,0,1,0,0,16,277.51666666666665
13.0,24,64,-1.0,250112,128.0,32.0,0,1,0,0,0,0,0,1,0,0,0,1,16896,528,0,132,24,528,67.0,34.0,-1.0,1979.0,1979.0,989.0,-1.0,67.0,80,80,3350,5,9.0,1,1,1,0,1,0,0,32,279.01666666666665
13.0,24,64,-1.0,250112,128.0,32.0,0,1,0,0,0,0,0,1,0,0,0,1,16896,528,0,132,24,528,67.0,34.0,-1.0,1979.0,1979.0,989.0,-1.0,67.0,80,80,3350,5,9.0,1,1,1,0,1,0,0,64,250.65
13.0,24,64,-1.0,250112,128.0,32.0,0,1,0,0,0,0,0,1,0,0,0,1,16896,528,0,132,24,528,67.0,34.0,-1.0,1979.0,1979.0,989.0,-1.0,67.0,80,80,3350,5,9.0,1,1,1,0,1,0,0,128,240.49166666666667
3.0,24,32,512.0,32128,128.0,32.0,0,1,0,0,0,0,0,0,1,0,0,1,9216,288,72,72,96,288,31.2,0.97,-1.0,125.0,125.0,62.5,-1.0,-1.0,24,24,600,4,8.6,0,0,1,1,0,0,0,1,43.391666666666666
3.0,24,32,512.0,32128,128.0,32.0,0,1,0,0,0,0,0,0,1,0,0,1,9216,288,72,72,96,288,31.2,0.97,-1.0,125.0,125.0,62.5,-1.0,-1.0,24,24,600,4,8.6,0,0,1,1,0,0,0,2,72.20833333333333
3.0,24,32,512.0,32128,128.0,32.0,0,1,0,0,0,0,0,0,1,0,0,1,9216,288,72,72,96,288,31.2,0.97,-1.0,125.0,125.0,62.5,-1.0,-1.0,24,24,600,4,8.6,0,0,1,1,0,0,0,4,121.225
3.0,24,32,512.0,32128,128.0,32.0,0,1,0,0,0,0,0,0,1,0,0,1,9216,288,72,72,96,288,31.2,0.97,-1.0,125.0,125.0,62.5,-1.0,-1.0,24,24,600,4,8.6,0,0,1,1,0,0,0,8,177.45833333333334
3.0,24,32,512.0,32128,128.0,32.0,0,1,0,0,0,0,0,0,1,0,0,1,9216,288,72,72,96,288,31.2,0.97,-1.0,125.0,125.0,62.5,-1.0,-1.0,24,24,600,4,8.6,0,0,1,1,0,0,0,16,214.69166666666663
3.0,24,32,512.0,32128,128.0,32.0,0,1,0,0,0,0,0,0,1,0,0,1,9216,288,72,72,96,288,31.2,0.97,-1.0,125.0,125.0,62.5,-1.0,-1.0,24,24,600,4,8.6,0,0,1,1,0,0,0,32,210.45
3.0,24,32,512.0,32128,128.0,32.0,0,1,0,0,0,0,0,0,1,0,0,1,9216,288,72,72,96,288,31.2,0.97,-1.0,125.0,125.0,62.5,-1.0,-1.0,24,24,600,4,8.6,0,0,1,1,0,0,0,64,201.525
3.0,24,32,512.0,32128,128.0,32.0,0,1,0,0,0,0,0,0,1,0,0,1,9216,288,72,72,96,288,31.2,0.97,-1.0,125.0,125.0,62.5,-1.0,-1.0,24,24,600,4,8.6,0,0,1,1,0,0,0,128,185.79166666666663
3.0,24,32,512.0,32128,128.0,32.0,0,1,0,0,0,0,0,0,1,0,0,1,6912,432,0,108,160,432,19.5,9.7,-1.0,312.0,312.0,-1.0,156.0,19.5,40,40,1555,4,8.0,0,0,1,1,0,0,0,1,45.16666666666666
3.0,24,32,512.0,32128,128.0,32.0,0,1,0,0,0,0,0,0,1,0,0,1,6912,432,0,108,160,432,19.5,9.7,-1.0,312.0,312.0,-1.0,156.0,19.5,40,40,1555,4,8.0,0,0,1,1,0,0,0,2,74.91666666666667
3.0,24,32,512.0,32128,128.0,32.0,0,1,0,0,0,0,0,0,1,0,0,1,6912,432,0,108,160,432,19.5,9.7,-1.0,312.0,312.0,-1.0,156.0,19.5,40,40,1555,4,8.0,0,0,1,1,0,0,0,4,124.54166666666669
3.0,24,32,512.0,32128,128.0,32.0,0,1,0,0,0,0,0,0,1,0,0,1,6912,432,0,108,160,432,19.5,9.7,-1.0,312.0,312.0,-1.0,156.0,19.5,40,40,1555,4,8.0,0,0,1,1,0,0,0,8,179.75
3.0,24,32,512.0,32128,128.0,32.0,0,1,0,0,0,0,0,0,1,0,0,1,6912,432,0,108,160,432,19.5,9.7,-1.0,312.0,312.0,-1.0,156.0,19.5,40,40,1555,4,8.0,0,0,1,1,0,0,0,16,207.41666666666663
3.0,24,32,512.0,32128,128.0,32.0,0,1,0,0,0,0,0,0,1,0,0,1,6912,432,0,108,160,432,19.5,9.7,-1.0,312.0,312.0,-1.0,156.0,19.5,40,40,1555,4,8.0,0,0,1,1,0,0,0,32,232.56666666666663
3.0,24,32,512.0,32128,128.0,32.0,0,1,0,0,0,0,0,0,1,0,0,1,6912,432,0,108,160,432,19.5,9.7,-1.0,312.0,312.0,-1.0,156.0,19.5,40,40,1555,4,8.0,0,0,1,1,0,0,0,64,214.56666666666663
3.0,24,32,512.0,32128,128.0,32.0,0,1,0,0,0,0,0,0,1,0,0,1,6912,432,0,108,160,432,19.5,9.7,-1.0,312.0,312.0,-1.0,156.0,19.5,40,40,1555,4,8.0,0,0,1,1,0,0,0,128,206.675
3.0,24,32,512.0,32128,128.0,32.0,0,1,0,0,0,0,0,0,1,0,0,1,16896,528,0,132,24,528,67.0,34.0,-1.0,1979.0,1979.0,989.0,-1.0,67.0,80,80,3350,5,9.0,1,1,1,0,1,0,0,1,62.21666666666667
3.0,24,32,512.0,32128,128.0,32.0,0,1,0,0,0,0,0,0,1,0,0,1,16896,528,0,132,24,528,67.0,34.0,-1.0,1979.0,1979.0,989.0,-1.0,67.0,80,80,3350,5,9.0,1,1,1,0,1,0,0,2,97.25833333333334
3.0,24,32,512.0,32128,128.0,32.0,0,1,0,0,0,0,0,0,1,0,0,1,16896,528,0,132,24,528,67.0,34.0,-1.0,1979.0,1979.0,989.0,-1.0,67.0,80,80,3350,5,9.0,1,1,1,0,1,0,0,4,161.79166666666666
3.0,24,32,512.0,32128,128.0,32.0,0,1,0,0,0,0,0,0,1,0,0,1,16896,528,0,132,24,528,67.0,34.0,-1.0,1979.0,1979.0,989.0,-1.0,67.0,80,80,3350,5,9.0,1,1,1,0,1,0,0,8,276.09166666666664
3.0,24,32,512.0,32128,128.0,32.0,0,1,0,0,0,0,0,0,1,0,0,1,16896,528,0,132,24,528,67.0,34.0,-1.0,1979.0,1979.0,989.0,-1.0,67.0,80,80,3350,5,9.0,1,1,1,0,1,0,0,16,424.225
3.0,24,32,512.0,32128,128.0,32.0,0,1,0,0,0,0,0,0,1,0,0,1,16896,528,0,132,24,528,67.0,34.0,-1.0,1979.0,1979.0,989.0,-1.0,67.0,80,80,3350,5,9.0,1,1,1,0,1,0,0,32,496.825
3.0,24,32,512.0,32128,128.0,32.0,0,1,0,0,0,0,0,0,1,0,0,1,16896,528,0,132,24,528,67.0,34.0,-1.0,1979.0,1979.0,989.0,-1.0,67.0,80,80,3350,5,9.0,1,1,1,0,1,0,0,64,494.03333333333336
3.0,24,32,512.0,32128,128.0,32.0,0,1,0,0,0,0,0,0,1,0,0,1,16896,528,0,132,24,528,67.0,34.0,-1.0,1979.0,1979.0,989.0,-1.0,67.0,80,80,3350,5,9.0,1,1,1,0,1,0,0,128,450.575
3.0,24,32,512.0,32128,128.0,32.0,0,1,0,0,0,0,0,0,1,0,0,1,2560,320,40,40,64,160,8.1,0.25,65.0,-1.0,-1.0,-1.0,-1.0,-1.0,16,16,300,3,7.5,0,0,1,0,0,1,0,1,39.675
3.0,24,32,512.0,32128,128.0,32.0,0,1,0,0,0,0,0,0,1,0,0,1,2560,320,40,40,64,160,8.1,0.25,65.0,-1.0,-1.0,-1.0,-1.0,-1.0,16,16,300,3,7.5,0,0,1,0,0,1,0,2,55.04166666666666
3.0,24,32,512.0,32128,128.0,32.0,0,1,0,0,0,0,0,0,1,0,0,1,2560,320,40,40,64,160,8.1,0.25,65.0,-1.0,-1.0,-1.0,-1.0,-1.0,16,16,300,3,7.5,0,0,1,0,0,1,0,4,81.325
3.0,24,32,512.0,32128,128.0,32.0,0,1,0,0,0,0,0,0,1,0,0,1,2560,320,40,40,64,160,8.1,0.25,65.0,-1.0,-1.0,-1.0,-1.0,-1.0,16,16,300,3,7.5,0,0,1,0,0,1,0,8,88.275
3.0,24,32,512.0,32128,128.0,32.0,0,1,0,0,0,0,0,0,1,0,0,1,2560,320,40,40,64,160,8.1,0.25,65.0,-1.0,-1.0,-1.0,-1.0,-1.0,16,16,300,3,7.5,0,0,1,0,0,1,0,16,85.08333333333333
3.0,24,32,512.0,32128,128.0,32.0,0,1,0,0,0,0,0,0,1,0,0,1,2560,320,40,40,64,160,8.1,0.25,65.0,-1.0,-1.0,-1.0,-1.0,-1.0,16,16,300,3,7.5,0,0,1,0,0,1,0,32,85.73333333333333
3.0,24,32,512.0,32128,128.0,32.0,0,1,0,0,0,0,0,0,1,0,0,1,2560,320,40,40,64,160,8.1,0.25,65.0,-1.0,-1.0,-1.0,-1.0,-1.0,16,16,300,3,7.5,0,0,1,0,0,1,0,64,90.83333333333331
3.0,24,32,512.0,32128,128.0,32.0,0,1,0,0,0,0,0,0,1,0,0,1,2560,320,40,40,64,160,8.1,0.25,65.0,-1.0,-1.0,-1.0,-1.0,-1.0,16,16,300,3,7.5,0,0,1,0,0,1,0,128,85.4
3.0,24,32,512.0,32128,128.0,32.0,0,1,0,0,0,0,0,0,1,0,0,1,5120,640,0,80,128,320,14.0,7.0,120.0,112.0,-1.0,-1.0,-1.0,-1.0,16,16,900,3,7.0,0,0,1,0,0,0,1,1,37.99166666666667
3.0,24,32,512.0,32128,128.0,32.0,0,1,0,0,0,0,0,0,1,0,0,1,5120,640,0,80,128,320,14.0,7.0,120.0,112.0,-1.0,-1.0,-1.0,-1.0,16,16,900,3,7.0,0,0,1,0,0,0,1,2,64.93333333333334
3.0,24,32,512.0,32128,128.0,32.0,0,1,0,0,0,0,0,0,1,0,0,1,5120,640,0,80,128,320,14.0,7.0,120.0,112.0,-1.0,-1.0,-1.0,-1.0,16,16,900,3,7.0,0,0,1,0,0,0,1,4,107.75833333333334
3.0,24,32,512.0,32128,128.0,32.0,0,1,0,0,0,0,0,0,1,0,0,1,5120,640,0,80,128,320,14.0,7.0,120.0,112.0,-1.0,-1.0,-1.0,-1.0,16,16,900,3,7.0,0,0,1,0,0,0,1,8,152.20833333333334
3.0,24,32,512.0,32128,128.0,32.0,0,1,0,0,0,0,0,0,1,0,0,1,5120,640,0,80,128,320,14.0,7.0,120.0,112.0,-1.0,-1.0,-1.0,-1.0,16,16,900,3,7.0,0,0,1,0,0,0,1,16,167.58333333333334
3.0,24,32,512.0,32128,128.0,32.0,0,1,0,0,0,0,0,0,1,0,0,1,5120,640,0,80,128,320,14.0,7.0,120.0,112.0,-1.0,-1.0,-1.0,-1.0,16,16,900,3,7.0,0,0,1,0,0,0,1,32,166.55833333333334
3.0,24,32,512.0,32128,128.0,32.0,0,1,0,0,0,0,0,0,1,0,0,1,5120,640,0,80,128,320,14.0,7.0,120.0,112.0,-1.0,-1.0,-1.0,-1.0,16,16,900,3,7.0,0,0,1,0,0,0,1,64,159.39166666666668
3.0,24,32,512.0,32128,128.0,32.0,0,1,0,0,0,0,0,0,1,0,0,1,5120,640,0,80,128,320,14.0,7.0,120.0,112.0,-1.0,-1.0,-1.0,-1.0,16,16,900,3,7.0,0,0,1,0,0,0,1,128,156.10833333333332
3.0,24,32,512.0,32128,128.0,32.0,0,1,0,0,0,0,0,0,1,0,0,1,9216,288,72,72,96,288,31.2,0.97,-1.0,125.0,125.0,62.5,-1.0,-1.0,24,48,600,4,8.6,0,0,2,1,0,0,0,1,34.041666666666664
3.0,24,32,512.0,32128,128.0,32.0,0,1,0,0,0,0,0,0,1,0,0,1,9216,288,72,72,96,288,31.2,0.97,-1.0,125.0,125.0,62.5,-1.0,-1.0,24,48,600,4,8.6,0,0,2,1,0,0,0,2,55.79166666666666
3.0,24,32,512.0,32128,128.0,32.0,0,1,0,0,0,0,0,0,1,0,0,1,9216,288,72,72,96,288,31.2,0.97,-1.0,125.0,125.0,62.5,-1.0,-1.0,24,48,600,4,8.6,0,0,2,1,0,0,0,4,92.74166666666666
3.0,24,32,512.0,32128,128.0,32.0,0,1,0,0,0,0,0,0,1,0,0,1,9216,288,72,72,96,288,31.2,0.97,-1.0,125.0,125.0,62.5,-1.0,-1.0,24,48,600,4,8.6,0,0,2,1,0,0,0,8,153.69166666666666
3.0,24,32,512.0,32128,128.0,32.0,0,1,0,0,0,0,0,0,1,0,0,1,9216,288,72,72,96,288,31.2,0.97,-1.0,125.0,125.0,62.5,-1.0,-1.0,24,48,600,4,8.6,0,0,2,1,0,0,0,16,231.6083333333333
3.0,24,32,512.0,32128,128.0,32.0,0,1,0,0,0,0,0,0,1,0,0,1,9216,288,72,72,96,288,31.2,0.97,-1.0,125.0,125.0,62.5,-1.0,-1.0,24,48,600,4,8.6,0,0,2,1,0,0,0,32,259.2916666666667
3.0,24,32,512.0,32128,128.0,32.0,0,1,0,0,0,0,0,0,1,0,0,1,9216,288,72,72,96,288,31.2,0.97,-1.0,125.0,125.0,62.5,-1.0,-1.0,24,48,600,4,8.6,0,0,2,1,0,0,0,64,236.0583333333333
3.0,24,32,512.0,32128,128.0,32.0,0,1,0,0,0,0,0,0,1,0,0,1,9216,288,72,72,96,288,31.2,0.97,-1.0,125.0,125.0,62.5,-1.0,-1.0,24,48,600,4,8.6,0,0,2,1,0,0,0,128,244.85
3.0,24,32,512.0,32128,128.0,32.0,0,1,0,0,0,0,0,0,1,0,0,1,6912,432,0,108,160,432,19.5,9.7,-1.0,312.0,312.0,-1.0,156.0,19.5,40,80,1555,4,8.0,0,0,2,1,0,0,0,1,34.375
3.0,24,32,512.0,32128,128.0,32.0,0,1,0,0,0,0,0,0,1,0,0,1,6912,432,0,108,160,432,19.5,9.7,-1.0,312.0,312.0,-1.0,156.0,19.5,40,80,1555,4,8.0,0,0,2,1,0,0,0,2,56.09166666666667
3.0,24,32,512.0,32128,128.0,32.0,0,1,0,0,0,0,0,0,1,0,0,1,6912,432,0,108,160,432,19.5,9.7,-1.0,312.0,312.0,-1.0,156.0,19.5,40,80,1555,4,8.0,0,0,2,1,0,0,0,4,92.74166666666666
3.0,24,32,512.0,32128,128.0,32.0,0,1,0,0,0,0,0,0,1,0,0,1,6912,432,0,108,160,432,19.5,9.7,-1.0,312.0,312.0,-1.0,156.0,19.5,40,80,1555,4,8.0,0,0,2,1,0,0,0,8,159.225
3.0,24,32,512.0,32128,128.0,32.0,0,1,0,0,0,0,0,0,1,0,0,1,6912,432,0,108,160,432,19.5,9.7,-1.0,312.0,312.0,-1.0,156.0,19.5,40,80,1555,4,8.0,0,0,2,1,0,0,0,16,273.7416666666667
3.0,24,32,512.0,32128,128.0,32.0,0,1,0,0,0,0,0,0,1,0,0,1,6912,432,0,108,160,432,19.5,9.7,-1.0,312.0,312.0,-1.0,156.0,19.5,40,80,1555,4,8.0,0,0,2,1,0,0,0,32,395.6333333333333
3.0,24,32,512.0,32128,128.0,32.0,0,1,0,0,0,0,0,0,1,0,0,1,6912,432,0,108,160,432,19.5,9.7,-1.0,312.0,312.0,-1.0,156.0,19.5,40,80,1555,4,8.0,0,0,2,1,0,0,0,64,449.69166666666666
3.0,24,32,512.0,32128,128.0,32.0,0,1,0,0,0,0,0,0,1,0,0,1,6912,432,0,108,160,432,19.5,9.7,-1.0,312.0,312.0,-1.0,156.0,19.5,40,80,1555,4,8.0,0,0,2,1,0,0,0,128,435.2083333333333
3.0,24,32,512.0,32128,128.0,32.0,0,1,0,0,0,0,0,0,1,0,0,1,16896,528,0,132,24,528,67.0,34.0,-1.0,1979.0,1979.0,989.0,-1.0,67.0,80,160,3350,5,9.0,1,1,2,0,1,0,0,1,51.79166666666666
3.0,24,32,512.0,32128,128.0,32.0,0,1,0,0,0,0,0,0,1,0,0,1,16896,528,0,132,24,528,67.0,34.0,-1.0,1979.0,1979.0,989.0,-1.0,67.0,80,160,3350,5,9.0,1,1,2,0,1,0,0,2,74.75
3.0,24,32,512.0,32128,128.0,32.0,0,1,0,0,0,0,0,0,1,0,0,1,16896,528,0,132,24,528,67.0,34.0,-1.0,1979.0,1979.0,989.0,-1.0,67.0,80,160,3350,5,9.0,1,1,2,0,1,0,0,4,127.93333333333334
3.0,24,32,512.0,32128,128.0,32.0,0,1,0,0,0,0,0,0,1,0,0,1,16896,528,0,132,24,528,67.0,34.0,-1.0,1979.0,1979.0,989.0,-1.0,67.0,80,160,3350,5,9.0,1,1,2,0,1,0,0,8,225.575
3.0,24,32,512.0,32128,128.0,32.0,0,1,0,0,0,0,0,0,1,0,0,1,16896,528,0,132,24,528,67.0,34.0,-1.0,1979.0,1979.0,989.0,-1.0,67.0,80,160,3350,5,9.0,1,1,2,0,1,0,0,16,397.6833333333333
3.0,24,32,512.0,32128,128.0,32.0,0,1,0,0,0,0,0,0,1,0,0,1,16896,528,0,132,24,528,67.0,34.0,-1.0,1979.0,1979.0,989.0,-1.0,67.0,80,160,3350,5,9.0,1,1,2,0,1,0,0,32,587.6333333333333
3.0,24,32,512.0,32128,128.0,32.0,0,1,0,0,0,0,0,0,1,0,0,1,16896,528,0,132,24,528,67.0,34.0,-1.0,1979.0,1979.0,989.0,-1.0,67.0,80,160,3350,5,9.0,1,1,2,0,1,0,0,64,715.7833333333333
3.0,24,32,512.0,32128,128.0,32.0,0,1,0,0,0,0,0,0,1,0,0,1,16896,528,0,132,24,528,67.0,34.0,-1.0,1979.0,1979.0,989.0,-1.0,67.0,80,160,3350,5,9.0,1,1,2,0,1,0,0,128,735.1166666666667
3.0,24,32,512.0,32128,128.0,32.0,0,1,0,0,0,0,0,0,1,0,0,1,2560,320,40,40,64,160,8.1,0.25,65.0,-1.0,-1.0,-1.0,-1.0,-1.0,16,32,300,3,7.5,0,0,2,0,0,1,0,1,33.19166666666667
3.0,24,32,512.0,32128,128.0,32.0,0,1,0,0,0,0,0,0,1,0,0,1,2560,320,40,40,64,160,8.1,0.25,65.0,-1.0,-1.0,-1.0,-1.0,-1.0,16,32,300,3,7.5,0,0,2,0,0,1,0,2,54.15
3.0,24,32,512.0,32128,128.0,32.0,0,1,0,0,0,0,0,0,1,0,0,1,2560,320,40,40,64,160,8.1,0.25,65.0,-1.0,-1.0,-1.0,-1.0,-1.0,16,32,300,3,7.5,0,0,2,0,0,1,0,4,84.39166666666667
3.0,24,32,512.0,32128,128.0,32.0,0,1,0,0,0,0,0,0,1,0,0,1,2560,320,40,40,64,160,8.1,0.25,65.0,-1.0,-1.0,-1.0,-1.0,-1.0,16,32,300,3,7.5,0,0,2,0,0,1,0,8,124.10833333333332
3.0,24,32,512.0,32128,128.0,32.0,0,1,0,0,0,0,0,0,1,0,0,1,2560,320,40,40,64,160,8.1,0.25,65.0,-1.0,-1.0,-1.0,-1.0,-1.0,16,32,300,3,7.5,0,0,2,0,0,1,0,16,134.525
3.0,24,32,512.0,32128,128.0,32.0,0,1,0,0,0,0,0,0,1,0,0,1,2560,320,40,40,64,160,8.1,0.25,65.0,-1.0,-1.0,-1.0,-1.0,-1.0,16,32,300,3,7.5,0,0,2,0,0,1,0,32,130.34166666666667
3.0,24,32,512.0,32128,128.0,32.0,0,1,0,0,0,0,0,0,1,0,0,1,2560,320,40,40,64,160,8.1,0.25,65.0,-1.0,-1.0,-1.0,-1.0,-1.0,16,32,300,3,7.5,0,0,2,0,0,1,0,64,117.25833333333334
3.0,24,32,512.0,32128,128.0,32.0,0,1,0,0,0,0,0,0,1,0,0,1,2560,320,40,40,64,160,8.1,0.25,65.0,-1.0,-1.0,-1.0,-1.0,-1.0,16,32,300,3,7.5,0,0,2,0,0,1,0,128,107.15833333333332
3.0,24,32,512.0,32128,128.0,32.0,0,1,0,0,0,0,0,0,1,0,0,1,5120,640,0,80,128,320,14.0,7.0,120.0,112.0,-1.0,-1.0,-1.0,-1.0,16,32,900,3,7.0,0,0,2,0,0,0,1,1,29.90833333333333
3.0,24,32,512.0,32128,128.0,32.0,0,1,0,0,0,0,0,0,1,0,0,1,5120,640,0,80,128,320,14.0,7.0,120.0,112.0,-1.0,-1.0,-1.0,-1.0,16,32,900,3,7.0,0,0,2,0,0,0,1,2,49.333333333333336
3.0,24,32,512.0,32128,128.0,32.0,0,1,0,0,0,0,0,0,1,0,0,1,5120,640,0,80,128,320,14.0,7.0,120.0,112.0,-1.0,-1.0,-1.0,-1.0,16,32,900,3,7.0,0,0,2,0,0,0,1,4,82.6
3.0,24,32,512.0,32128,128.0,32.0,0,1,0,0,0,0,0,0,1,0,0,1,5120,640,0,80,128,320,14.0,7.0,120.0,112.0,-1.0,-1.0,-1.0,-1.0,16,32,900,3,7.0,0,0,2,0,0,0,1,8,135.925
3.0,24,32,512.0,32128,128.0,32.0,0,1,0,0,0,0,0,0,1,0,0,1,5120,640,0,80,128,320,14.0,7.0,120.0,112.0,-1.0,-1.0,-1.0,-1.0,16,32,900,3,7.0,0,0,2,0,0,0,1,16,204.44166666666663
3.0,24,32,512.0,32128,128.0,32.0,0,1,0,0,0,0,0,0,1,0,0,1,5120,640,0,80,128,320,14.0,7.0,120.0,112.0,-1.0,-1.0,-1.0,-1.0,16,32,900,3,7.0,0,0,2,0,0,0,1,32,242.05
3.0,24,32,512.0,32128,128.0,32.0,0,1,0,0,0,0,0,0,1,0,0,1,5120,640,0,80,128,320,14.0,7.0,120.0,112.0,-1.0,-1.0,-1.0,-1.0,16,32,900,3,7.0,0,0,2,0,0,0,1,64,240.25
3.0,24,32,512.0,32128,128.0,32.0,0,1,0,0,0,0,0,0,1,0,0,1,5120,640,0,80,128,320,14.0,7.0,120.0,112.0,-1.0,-1.0,-1.0,-1.0,16,32,900,3,7.0,0,0,2,0,0,0,1,128,219.1083333333333
3.0,24,32,512.0,32128,128.0,32.0,0,1,0,0,0,0,0,0,1,0,0,1,6912,432,0,108,160,432,19.5,9.7,-1.0,312.0,312.0,-1.0,156.0,19.5,40,160,1555,4,8.0,0,0,4,1,0,0,0,1,31.15
3.0,24,32,512.0,32128,128.0,32.0,0,1,0,0,0,0,0,0,1,0,0,1,6912,432,0,108,160,432,19.5,9.7,-1.0,312.0,312.0,-1.0,156.0,19.5,40,160,1555,4,8.0,0,0,4,1,0,0,0,2,54.36666666666667
3.0,24,32,512.0,32128,128.0,32.0,0,1,0,0,0,0,0,0,1,0,0,1,6912,432,0,108,160,432,19.5,9.7,-1.0,312.0,312.0,-1.0,156.0,19.5,40,160,1555,4,8.0,0,0,4,1,0,0,0,4,86.95833333333333
3.0,24,32,512.0,32128,128.0,32.0,0,1,0,0,0,0,0,0,1,0,0,1,6912,432,0,108,160,432,19.5,9.7,-1.0,312.0,312.0,-1.0,156.0,19.5,40,160,1555,4,8.0,0,0,4,1,0,0,0,8,152.48333333333332
3.0,24,32,512.0,32128,128.0,32.0,0,1,0,0,0,0,0,0,1,0,0,1,6912,432,0,108,160,432,19.5,9.7,-1.0,312.0,312.0,-1.0,156.0,19.5,40,160,1555,4,8.0,0,0,4,1,0,0,0,16,252.275
3.0,24,32,512.0,32128,128.0,32.0,0,1,0,0,0,0,0,0,1,0,0,1,6912,432,0,108,160,432,19.5,9.7,-1.0,312.0,312.0,-1.0,156.0,19.5,40,160,1555,4,8.0,0,0,4,1,0,0,0,32,337.425
3.0,24,32,512.0,32128,128.0,32.0,0,1,0,0,0,0,0,0,1,0,0,1,6912,432,0,108,160,432,19.5,9.7,-1.0,312.0,312.0,-1.0,156.0,19.5,40,160,1555,4,8.0,0,0,4,1,0,0,0,64,351.65
3.0,24,32,512.0,32128,128.0,32.0,0,1,0,0,0,0,0,0,1,0,0,1,6912,432,0,108,160,432,19.5,9.7,-1.0,312.0,312.0,-1.0,156.0,19.5,40,160,1555,4,8.0,0,0,4,1,0,0,0,128,319.5833333333333
3.0,24,32,512.0,32128,128.0,32.0,0,1,0,0,0,0,0,0,1,0,0,1,16896,528,0,132,24,528,67.0,34.0,-1.0,1979.0,1979.0,989.0,-1.0,67.0,80,320,3350,5,9.0,1,1,4,0,1,0,0,1,50.88333333333333
3.0,24,32,512.0,32128,128.0,32.0,0,1,0,0,0,0,0,0,1,0,0,1,16896,528,0,132,24,528,67.0,34.0,-1.0,1979.0,1979.0,989.0,-1.0,67.0,80,320,3350,5,9.0,1,1,4,0,1,0,0,2,72.08333333333333
3.0,24,32,512.0,32128,128.0,32.0,0,1,0,0,0,0,0,0,1,0,0,1,16896,528,0,132,24,528,67.0,34.0,-1.0,1979.0,1979.0,989.0,-1.0,67.0,80,320,3350,5,9.0,1,1,4,0,1,0,0,4,123.18333333333334
3.0,24,32,512.0,32128,128.0,32.0,0,1,0,0,0,0,0,0,1,0,0,1,16896,528,0,132,24,528,67.0,34.0,-1.0,1979.0,1979.0,989.0,-1.0,67.0,80,320,3350,5,9.0,1,1,4,0,1,0,0,8,220.0833333333333
3.0,24,32,512.0,32128,128.0,32.0,0,1,0,0,0,0,0,0,1,0,0,1,16896,528,0,132,24,528,67.0,34.0,-1.0,1979.0,1979.0,989.0,-1.0,67.0,80,320,3350,5,9.0,1,1,4,0,1,0,0,16,393.3083333333333
3.0,24,32,512.0,32128,128.0,32.0,0,1,0,0,0,0,0,0,1,0,0,1,16896,528,0,132,24,528,67.0,34.0,-1.0,1979.0,1979.0,989.0,-1.0,67.0,80,320,3350,5,9.0,1,1,4,0,1,0,0,32,617.4666666666667
3.0,24,32,512.0,32128,128.0,32.0,0,1,0,0,0,0,0,0,1,0,0,1,16896,528,0,132,24,528,67.0,34.0,-1.0,1979.0,1979.0,989.0,-1.0,67.0,80,320,3350,5,9.0,1,1,4,0,1,0,0,64,817.5666666666667
3.0,24,32,512.0,32128,128.0,32.0,0,1,0,0,0,0,0,0,1,0,0,1,16896,528,0,132,24,528,67.0,34.0,-1.0,1979.0,1979.0,989.0,-1.0,67.0,80,320,3350,5,9.0,1,1,4,0,1,0,0,128,923.7583333333332
3.0,24,32,512.0,32128,128.0,32.0,0,1,0,0,0,0,0,0,1,0,0,1,2560,320,40,40,64,160,8.1,0.25,65.0,-1.0,-1.0,-1.0,-1.0,-1.0,16,64,300,3,7.5,0,0,4,0,0,1,0,1,33.19166666666667
3.0,24,32,512.0,32128,128.0,32.0,0,1,0,0,0,0,0,0,1,0,0,1,2560,320,40,40,64,160,8.1,0.25,65.0,-1.0,-1.0,-1.0,-1.0,-1.0,16,64,300,3,7.5,0,0,4,0,0,1,0,2,54.31666666666667
3.0,24,32,512.0,32128,128.0,32.0,0,1,0,0,0,0,0,0,1,0,0,1,2560,320,40,40,64,160,8.1,0.25,65.0,-1.0,-1.0,-1.0,-1.0,-1.0,16,64,300,3,7.5,0,0,4,0,0,1,0,4,85.84166666666667
3.0,24,32,512.0,32128,128.0,32.0,0,1,0,0,0,0,0,0,1,0,0,1,2560,320,40,40,64,160,8.1,0.25,65.0,-1.0,-1.0,-1.0,-1.0,-1.0,16,64,300,3,7.5,0,0,4,0,0,1,0,8,139.38333333333333
3.0,24,32,512.0,32128,128.0,32.0,0,1,0,0,0,0,0,0,1,0,0,1,2560,320,40,40,64,160,8.1,0.25,65.0,-1.0,-1.0,-1.0,-1.0,-1.0,16,64,300,3,7.5,0,0,4,0,0,1,0,16,191.375
3.0,24,32,512.0,32128,128.0,32.0,0,1,0,0,0,0,0,0,1,0,0,1,2560,320,40,40,64,160,8.1,0.25,65.0,-1.0,-1.0,-1.0,-1.0,-1.0,16,64,300,3,7.5,0,0,4,0,0,1,0,32,189.975
3.0,24,32,512.0,32128,128.0,32.0,0,1,0,0,0,0,0,0,1,0,0,1,2560,320,40,40,64,160,8.1,0.25,65.0,-1.0,-1.0,-1.0,-1.0,-1.0,16,64,300,3,7.5,0,0,4,0,0,1,0,64,142.825
3.0,24,32,512.0,32128,128.0,32.0,0,1,0,0,0,0,0,0,1,0,0,1,2560,320,40,40,64,160,8.1,0.25,65.0,-1.0,-1.0,-1.0,-1.0,-1.0,16,64,300,3,7.5,0,0,4,0,0,1,0,128,150.48333333333332
3.0,24,32,512.0,32128,128.0,32.0,0,1,0,0,0,0,0,0,1,0,0,1,5120,640,0,80,128,320,14.0,7.0,120.0,112.0,-1.0,-1.0,-1.0,-1.0,16,64,900,3,7.0,0,0,4,0,0,0,1,1,29.433333333333334
3.0,24,32,512.0,32128,128.0,32.0,0,1,0,0,0,0,0,0,1,0,0,1,5120,640,0,80,128,320,14.0,7.0,120.0,112.0,-1.0,-1.0,-1.0,-1.0,16,64,900,3,7.0,0,0,4,0,0,0,1,2,48.79166666666666
3.0,24,32,512.0,32128,128.0,32.0,0,1,0,0,0,0,0,0,1,0,0,1,5120,640,0,80,128,320,14.0,7.0,120.0,112.0,-1.0,-1.0,-1.0,-1.0,16,64,900,3,7.0,0,0,4,0,0,0,1,4,81.11666666666666
3.0,24,32,512.0,32128,128.0,32.0,0,1,0,0,0,0,0,0,1,0,0,1,5120,640,0,80,128,320,14.0,7.0,120.0,112.0,-1.0,-1.0,-1.0,-1.0,16,64,900,3,7.0,0,0,4,0,0,0,1,8,134.55833333333334
3.0,24,32,512.0,32128,128.0,32.0,0,1,0,0,0,0,0,0,1,0,0,1,5120,640,0,80,128,320,14.0,7.0,120.0,112.0,-1.0,-1.0,-1.0,-1.0,16,64,900,3,7.0,0,0,4,0,0,0,1,16,207.1833333333333
3.0,24,32,512.0,32128,128.0,32.0,0,1,0,0,0,0,0,0,1,0,0,1,5120,640,0,80,128,320,14.0,7.0,120.0,112.0,-1.0,-1.0,-1.0,-1.0,16,64,900,3,7.0,0,0,4,0,0,0,1,32,251.78333333333333
3.0,24,32,512.0,32128,128.0,32.0,0,1,0,0,0,0,0,0,1,0,0,1,5120,640,0,80,128,320,14.0,7.0,120.0,112.0,-1.0,-1.0,-1.0,-1.0,16,64,900,3,7.0,0,0,4,0,0,0,1,64,243.5833333333333
3.0,24,32,512.0,32128,128.0,32.0,0,1,0,0,0,0,0,0,1,0,0,1,5120,640,0,80,128,320,14.0,7.0,120.0,112.0,-1.0,-1.0,-1.0,-1.0,16,64,900,3,7.0,0,0,4,0,0,0,1,128,240.8
11.0,24,64,-1.0,32128,128.0,32.0,0,1,0,0,0,0,0,0,1,0,0,1,6912,432,0,108,160,432,19.5,9.7,-1.0,312.0,312.0,-1.0,156.0,19.5,40,40,1555,4,8.0,0,0,1,1,0,0,0,1,43.44166666666667
11.0,24,64,-1.0,32128,128.0,32.0,0,1,0,0,0,0,0,0,1,0,0,1,6912,432,0,108,160,432,19.5,9.7,-1.0,312.0,312.0,-1.0,156.0,19.5,40,40,1555,4,8.0,0,0,1,1,0,0,0,2,72.925
11.0,24,64,-1.0,32128,128.0,32.0,0,1,0,0,0,0,0,0,1,0,0,1,6912,432,0,108,160,432,19.5,9.7,-1.0,312.0,312.0,-1.0,156.0,19.5,40,40,1555,4,8.0,0,0,1,1,0,0,0,4,110.38333333333334
11.0,24,64,-1.0,32128,128.0,32.0,0,1,0,0,0,0,0,0,1,0,0,1,6912,432,0,108,160,432,19.5,9.7,-1.0,312.0,312.0,-1.0,156.0,19.5,40,40,1555,4,8.0,0,0,1,1,0,0,0,8,145.81666666666666
11.0,24,64,-1.0,32128,128.0,32.0,0,1,0,0,0,0,0,0,1,0,0,1,6912,432,0,108,160,432,19.5,9.7,-1.0,312.0,312.0,-1.0,156.0,19.5,40,40,1555,4,8.0,0,0,1,1,0,0,0,16,151.94166666666666
11.0,24,64,-1.0,32128,128.0,32.0,0,1,0,0,0,0,0,0,1,0,0,1,6912,432,0,108,160,432,19.5,9.7,-1.0,312.0,312.0,-1.0,156.0,19.5,40,40,1555,4,8.0,0,0,1,1,0,0,0,32,159.95833333333334
11.0,24,64,-1.0,32128,128.0,32.0,0,1,0,0,0,0,0,0,1,0,0,1,6912,432,0,108,160,432,19.5,9.7,-1.0,312.0,312.0,-1.0,156.0,19.5,40,40,1555,4,8.0,0,0,1,1,0,0,0,64,156.1
11.0,24,64,-1.0,32128,128.0,32.0,0,1,0,0,0,0,0,0,1,0,0,1,6912,432,0,108,160,432,19.5,9.7,-1.0,312.0,312.0,-1.0,156.0,19.5,40,40,1555,4,8.0,0,0,1,1,0,0,0,128,145.41666666666666
11.0,24,64,-1.0,32128,128.0,32.0,0,1,0,0,0,0,0,0,1,0,0,1,16896,528,0,132,24,528,67.0,34.0,-1.0,1979.0,1979.0,989.0,-1.0,67.0,80,80,3350,5,9.0,1,1,1,0,1,0,0,1,58.833333333333336
11.0,24,64,-1.0,32128,128.0,32.0,0,1,0,0,0,0,0,0,1,0,0,1,16896,528,0,132,24,528,67.0,34.0,-1.0,1979.0,1979.0,989.0,-1.0,67.0,80,80,3350,5,9.0,1,1,1,0,1,0,0,2,92.3
11.0,24,64,-1.0,32128,128.0,32.0,0,1,0,0,0,0,0,0,1,0,0,1,16896,528,0,132,24,528,67.0,34.0,-1.0,1979.0,1979.0,989.0,-1.0,67.0,80,80,3350,5,9.0,1,1,1,0,1,0,0,4,150.56666666666666
11.0,24,64,-1.0,32128,128.0,32.0,0,1,0,0,0,0,0,0,1,0,0,1,16896,528,0,132,24,528,67.0,34.0,-1.0,1979.0,1979.0,989.0,-1.0,67.0,80,80,3350,5,9.0,1,1,1,0,1,0,0,8,238.46666666666667
11.0,24,64,-1.0,32128,128.0,32.0,0,1,0,0,0,0,0,0,1,0,0,1,16896,528,0,132,24,528,67.0,34.0,-1.0,1979.0,1979.0,989.0,-1.0,67.0,80,80,3350,5,9.0,1,1,1,0,1,0,0,16,303.81666666666666
11.0,24,64,-1.0,32128,128.0,32.0,0,1,0,0,0,0,0,0,1,0,0,1,16896,528,0,132,24,528,67.0,34.0,-1.0,1979.0,1979.0,989.0,-1.0,67.0,80,80,3350,5,9.0,1,1,1,0,1,0,0,32,298.2416666666667
11.0,24,64,-1.0,32128,128.0,32.0,0,1,0,0,0,0,0,0,1,0,0,1,16896,528,0,132,24,528,67.0,34.0,-1.0,1979.0,1979.0,989.0,-1.0,67.0,80,80,3350,5,9.0,1,1,1,0,1,0,0,64,263.2583333333333
11.0,24,64,-1.0,32128,128.0,32.0,0,1,0,0,0,0,0,0,1,0,0,1,16896,528,0,132,24,528,67.0,34.0,-1.0,1979.0,1979.0,989.0,-1.0,67.0,80,80,3350,5,9.0,1,1,1,0,1,0,0,128,267.1166666666667
11.0,24,64,-1.0,32128,128.0,32.0,0,1,0,0,0,0,0,0,1,0,0,1,9216,288,72,72,96,288,31.2,0.97,-1.0,125.0,125.0,62.5,-1.0,-1.0,24,48,600,4,8.6,0,0,2,1,0,0,0,1,32.25
11.0,24,64,-1.0,32128,128.0,32.0,0,1,0,0,0,0,0,0,1,0,0,1,9216,288,72,72,96,288,31.2,0.97,-1.0,125.0,125.0,62.5,-1.0,-1.0,24,48,600,4,8.6,0,0,2,1,0,0,0,2,54.36666666666667
11.0,24,64,-1.0,32128,128.0,32.0,0,1,0,0,0,0,0,0,1,0,0,1,9216,288,72,72,96,288,31.2,0.97,-1.0,125.0,125.0,62.5,-1.0,-1.0,24,48,600,4,8.6,0,0,2,1,0,0,0,4,84.45833333333333
11.0,24,64,-1.0,32128,128.0,32.0,0,1,0,0,0,0,0,0,1,0,0,1,9216,288,72,72,96,288,31.2,0.97,-1.0,125.0,125.0,62.5,-1.0,-1.0,24,48,600,4,8.6,0,0,2,1,0,0,0,8,124.425
11.0,24,64,-1.0,32128,128.0,32.0,0,1,0,0,0,0,0,0,1,0,0,1,9216,288,72,72,96,288,31.2,0.97,-1.0,125.0,125.0,62.5,-1.0,-1.0,24,48,600,4,8.6,0,0,2,1,0,0,0,16,136.825
11.0,24,64,-1.0,32128,128.0,32.0,0,1,0,0,0,0,0,0,1,0,0,1,9216,288,72,72,96,288,31.2,0.97,-1.0,125.0,125.0,62.5,-1.0,-1.0,24,48,600,4,8.6,0,0,2,1,0,0,0,32,136.84166666666667
11.0,24,64,-1.0,32128,128.0,32.0,0,1,0,0,0,0,0,0,1,0,0,1,9216,288,72,72,96,288,31.2,0.97,-1.0,125.0,125.0,62.5,-1.0,-1.0,24,48,600,4,8.6,0,0,2,1,0,0,0,64,135.95833333333334
11.0,24,64,-1.0,32128,128.0,32.0,0,1,0,0,0,0,0,0,1,0,0,1,9216,288,72,72,96,288,31.2,0.97,-1.0,125.0,125.0,62.5,-1.0,-1.0,24,48,600,4,8.6,0,0,2,1,0,0,0,128,127.28333333333332
11.0,24,64,-1.0,32128,128.0,32.0,0,1,0,0,0,0,0,0,1,0,0,1,6912,432,0,108,160,432,19.5,9.7,-1.0,312.0,312.0,-1.0,156.0,19.5,40,80,1555,4,8.0,0,0,2,1,0,0,0,1,34.425
11.0,24,64,-1.0,32128,128.0,32.0,0,1,0,0,0,0,0,0,1,0,0,1,6912,432,0,108,160,432,19.5,9.7,-1.0,312.0,312.0,-1.0,156.0,19.5,40,80,1555,4,8.0,0,0,2,1,0,0,0,2,56.00833333333333
11.0,24,64,-1.0,32128,128.0,32.0,0,1,0,0,0,0,0,0,1,0,0,1,6912,432,0,108,160,432,19.5,9.7,-1.0,312.0,312.0,-1.0,156.0,19.5,40,80,1555,4,8.0,0,0,2,1,0,0,0,4,93.58333333333331
11.0,24,64,-1.0,32128,128.0,32.0,0,1,0,0,0,0,0,0,1,0,0,1,6912,432,0,108,160,432,19.5,9.7,-1.0,312.0,312.0,-1.0,156.0,19.5,40,80,1555,4,8.0,0,0,2,1,0,0,0,8,157.91666666666666
11.0,24,64,-1.0,32128,128.0,32.0,0,1,0,0,0,0,0,0,1,0,0,1,6912,432,0,108,160,432,19.5,9.7,-1.0,312.0,312.0,-1.0,156.0,19.5,40,80,1555,4,8.0,0,0,2,1,0,0,0,16,234.975
11.0,24,64,-1.0,32128,128.0,32.0,0,1,0,0,0,0,0,0,1,0,0,1,6912,432,0,108,160,432,19.5,9.7,-1.0,312.0,312.0,-1.0,156.0,19.5,40,80,1555,4,8.0,0,0,2,1,0,0,0,32,278.2333333333333
11.0,24,64,-1.0,32128,128.0,32.0,0,1,0,0,0,0,0,0,1,0,0,1,6912,432,0,108,160,432,19.5,9.7,-1.0,312.0,312.0,-1.0,156.0,19.5,40,80,1555,4,8.0,0,0,2,1,0,0,0,64,262.18333333333334
11.0,24,64,-1.0,32128,128.0,32.0,0,1,0,0,0,0,0,0,1,0,0,1,6912,432,0,108,160,432,19.5,9.7,-1.0,312.0,312.0,-1.0,156.0,19.5,40,80,1555,4,8.0,0,0,2,1,0,0,0,128,242.65833333333333
11.0,24,64,-1.0,32128,128.0,32.0,0,1,0,0,0,0,0,0,1,0,0,1,16896,528,0,132,24,528,67.0,34.0,-1.0,1979.0,1979.0,989.0,-1.0,67.0,80,160,3350,5,9.0,1,1,2,0,1,0,0,1,49.05833333333333
11.0,24,64,-1.0,32128,128.0,32.0,0,1,0,0,0,0,0,0,1,0,0,1,16896,528,0,132,24,528,67.0,34.0,-1.0,1979.0,1979.0,989.0,-1.0,67.0,80,160,3350,5,9.0,1,1,2,0,1,0,0,2,68.79166666666667
11.0,24,64,-1.0,32128,128.0,32.0,0,1,0,0,0,0,0,0,1,0,0,1,16896,528,0,132,24,528,67.0,34.0,-1.0,1979.0,1979.0,989.0,-1.0,67.0,80,160,3350,5,9.0,1,1,2,0,1,0,0,4,118.65
11.0,24,64,-1.0,32128,128.0,32.0,0,1,0,0,0,0,0,0,1,0,0,1,16896,528,0,132,24,528,67.0,34.0,-1.0,1979.0,1979.0,989.0,-1.0,67.0,80,160,3350,5,9.0,1,1,2,0,1,0,0,8,206.7083333333333
11.0,24,64,-1.0,32128,128.0,32.0,0,1,0,0,0,0,0,0,1,0,0,1,16896,528,0,132,24,528,67.0,34.0,-1.0,1979.0,1979.0,989.0,-1.0,67.0,80,160,3350,5,9.0,1,1,2,0,1,0,0,16,340.9833333333333
11.0,24,64,-1.0,32128,128.0,32.0,0,1,0,0,0,0,0,0,1,0,0,1,16896,528,0,132,24,528,67.0,34.0,-1.0,1979.0,1979.0,989.0,-1.0,67.0,80,160,3350,5,9.0,1,1,2,0,1,0,0,32,447.9
11.0,24,64,-1.0,32128,128.0,32.0,0,1,0,0,0,0,0,0,1,0,0,1,16896,528,0,132,24,528,67.0,34.0,-1.0,1979.0,1979.0,989.0,-1.0,67.0,80,160,3350,5,9.0,1,1,2,0,1,0,0,64,448.5
11.0,24,64,-1.0,32128,128.0,32.0,0,1,0,0,0,0,0,0,1,0,0,1,16896,528,0,132,24,528,67.0,34.0,-1.0,1979.0,1979.0,989.0,-1.0,67.0,80,160,3350,5,9.0,1,1,2,0,1,0,0,128,411.8083333333333
11.0,24,64,-1.0,32128,128.0,32.0,0,1,0,0,0,0,0,0,1,0,0,1,6912,432,0,108,160,432,19.5,9.7,-1.0,312.0,312.0,-1.0,156.0,19.5,40,160,1555,4,8.0,0,0,4,1,0,0,0,1,33.24166666666667
11.0,24,64,-1.0,32128,128.0,32.0,0,1,0,0,0,0,0,0,1,0,0,1,6912,432,0,108,160,432,19.5,9.7,-1.0,312.0,312.0,-1.0,156.0,19.5,40,160,1555,4,8.0,0,0,4,1,0,0,0,2,54.575
11.0,24,64,-1.0,32128,128.0,32.0,0,1,0,0,0,0,0,0,1,0,0,1,6912,432,0,108,160,432,19.5,9.7,-1.0,312.0,312.0,-1.0,156.0,19.5,40,160,1555,4,8.0,0,0,4,1,0,0,0,4,87.40833333333333
11.0,24,64,-1.0,32128,128.0,32.0,0,1,0,0,0,0,0,0,1,0,0,1,6912,432,0,108,160,432,19.5,9.7,-1.0,312.0,312.0,-1.0,156.0,19.5,40,160,1555,4,8.0,0,0,4,1,0,0,0,8,147.15
11.0,24,64,-1.0,32128,128.0,32.0,0,1,0,0,0,0,0,0,1,0,0,1,6912,432,0,108,160,432,19.5,9.7,-1.0,312.0,312.0,-1.0,156.0,19.5,40,160,1555,4,8.0,0,0,4,1,0,0,0,16,222.51666666666668
11.0,24,64,-1.0,32128,128.0,32.0,0,1,0,0,0,0,0,0,1,0,0,1,6912,432,0,108,160,432,19.5,9.7,-1.0,312.0,312.0,-1.0,156.0,19.5,40,160,1555,4,8.0,0,0,4,1,0,0,0,32,251.39166666666668
11.0,24,64,-1.0,32128,128.0,32.0,0,1,0,0,0,0,0,0,1,0,0,1,6912,432,0,108,160,432,19.5,9.7,-1.0,312.0,312.0,-1.0,156.0,19.5,40,160,1555,4,8.0,0,0,4,1,0,0,0,64,233.63333333333333
11.0,24,64,-1.0,32128,128.0,32.0,0,1,0,0,0,0,0,0,1,0,0,1,6912,432,0,108,160,432,19.5,9.7,-1.0,312.0,312.0,-1.0,156.0,19.5,40,160,1555,4,8.0,0,0,4,1,0,0,0,128,218.475
11.0,24,64,-1.0,32128,128.0,32.0,0,1,0,0,0,0,0,0,1,0,0,1,16896,528,0,132,24,528,67.0,34.0,-1.0,1979.0,1979.0,989.0,-1.0,67.0,80,320,3350,5,9.0,1,1,4,0,1,0,0,1,49.05833333333333
11.0,24,64,-1.0,32128,128.0,32.0,0,1,0,0,0,0,0,0,1,0,0,1,16896,528,0,132,24,528,67.0,34.0,-1.0,1979.0,1979.0,989.0,-1.0,67.0,80,320,3350,5,9.0,1,1,4,0,1,0,0,2,69.05
11.0,24,64,-1.0,32128,128.0,32.0,0,1,0,0,0,0,0,0,1,0,0,1,16896,528,0,132,24,528,67.0,34.0,-1.0,1979.0,1979.0,989.0,-1.0,67.0,80,320,3350,5,9.0,1,1,4,0,1,0,0,4,119.80833333333334
11.0,24,64,-1.0,32128,128.0,32.0,0,1,0,0,0,0,0,0,1,0,0,1,16896,528,0,132,24,528,67.0,34.0,-1.0,1979.0,1979.0,989.0,-1.0,67.0,80,320,3350,5,9.0,1,1,4,0,1,0,0,8,209.2083333333333
11.0,24,64,-1.0,32128,128.0,32.0,0,1,0,0,0,0,0,0,1,0,0,1,16896,528,0,132,24,528,67.0,34.0,-1.0,1979.0,1979.0,989.0,-1.0,67.0,80,320,3350,5,9.0,1,1,4,0,1,0,0,16,372.1833333333333
11.0,24,64,-1.0,32128,128.0,32.0,0,1,0,0,0,0,0,0,1,0,0,1,16896,528,0,132,24,528,67.0,34.0,-1.0,1979.0,1979.0,989.0,-1.0,67.0,80,320,3350,5,9.0,1,1,4,0,1,0,0,32,543.7666666666667
11.0,24,64,-1.0,32128,128.0,32.0,0,1,0,0,0,0,0,0,1,0,0,1,16896,528,0,132,24,528,67.0,34.0,-1.0,1979.0,1979.0,989.0,-1.0,67.0,80,320,3350,5,9.0,1,1,4,0,1,0,0,64,632.7666666666667
11.0,24,64,-1.0,32128,128.0,32.0,0,1,0,0,0,0,0,0,1,0,0,1,16896,528,0,132,24,528,67.0,34.0,-1.0,1979.0,1979.0,989.0,-1.0,67.0,80,320,3350,5,9.0,1,1,4,0,1,0,0,128,603.8916666666667
11.0,24,64,-1.0,32128,128.0,32.0,0,1,0,0,0,0,0,0,1,0,0,1,2560,320,40,40,64,160,8.1,0.25,65.0,-1.0,-1.0,-1.0,-1.0,-1.0,16,64,300,3,7.5,0,0,4,0,0,1,0,1,30.308333333333334
11.0,24,64,-1.0,32128,128.0,32.0,0,1,0,0,0,0,0,0,1,0,0,1,2560,320,40,40,64,160,8.1,0.25,65.0,-1.0,-1.0,-1.0,-1.0,-1.0,16,64,300,3,7.5,0,0,4,0,0,1,0,2,48.958333333333336
11.0,24,64,-1.0,32128,128.0,32.0,0,1,0,0,0,0,0,0,1,0,0,1,2560,320,40,40,64,160,8.1,0.25,65.0,-1.0,-1.0,-1.0,-1.0,-1.0,16,64,300,3,7.5,0,0,4,0,0,1,0,4,75.03333333333333
11.0,24,64,-1.0,32128,128.0,32.0,0,1,0,0,0,0,0,0,1,0,0,1,2560,320,40,40,64,160,8.1,0.25,65.0,-1.0,-1.0,-1.0,-1.0,-1.0,16,64,300,3,7.5,0,0,4,0,0,1,0,8,97.64166666666668
11.0,24,64,-1.0,32128,128.0,32.0,0,1,0,0,0,0,0,0,1,0,0,1,2560,320,40,40,64,160,8.1,0.25,65.0,-1.0,-1.0,-1.0,-1.0,-1.0,16,64,300,3,7.5,0,0,4,0,0,1,0,16,88.75
11.0,24,64,-1.0,32128,128.0,32.0,0,1,0,0,0,0,0,0,1,0,0,1,2560,320,40,40,64,160,8.1,0.25,65.0,-1.0,-1.0,-1.0,-1.0,-1.0,16,64,300,3,7.5,0,0,4,0,0,1,0,32,92.04166666666669
11.0,24,64,-1.0,32128,128.0,32.0,0,1,0,0,0,0,0,0,1,0,0,1,2560,320,40,40,64,160,8.1,0.25,65.0,-1.0,-1.0,-1.0,-1.0,-1.0,16,64,300,3,7.5,0,0,4,0,0,1,0,64,89.58333333333333
11.0,24,64,-1.0,32128,128.0,32.0,0,1,0,0,0,0,0,0,1,0,0,1,2560,320,40,40,64,160,8.1,0.25,65.0,-1.0,-1.0,-1.0,-1.0,-1.0,16,64,300,3,7.5,0,0,4,0,0,1,0,128,83.675
11.0,24,64,-1.0,32128,128.0,32.0,0,1,0,0,0,0,0,0,1,0,0,1,5120,640,0,80,128,320,14.0,7.0,120.0,112.0,-1.0,-1.0,-1.0,-1.0,16,64,900,3,7.0,0,0,4,0,0,0,1,1,29.066666666666663
11.0,24,64,-1.0,32128,128.0,32.0,0,1,0,0,0,0,0,0,1,0,0,1,5120,640,0,80,128,320,14.0,7.0,120.0,112.0,-1.0,-1.0,-1.0,-1.0,16,64,900,3,7.0,0,0,4,0,0,0,1,2,48.28333333333333
11.0,24,64,-1.0,32128,128.0,32.0,0,1,0,0,0,0,0,0,1,0,0,1,5120,640,0,80,128,320,14.0,7.0,120.0,112.0,-1.0,-1.0,-1.0,-1.0,16,64,900,3,7.0,0,0,4,0,0,0,1,4,79.89166666666667
11.0,24,64,-1.0,32128,128.0,32.0,0,1,0,0,0,0,0,0,1,0,0,1,5120,640,0,80,128,320,14.0,7.0,120.0,112.0,-1.0,-1.0,-1.0,-1.0,16,64,900,3,7.0,0,0,4,0,0,0,1,8,118.1
11.0,24,64,-1.0,32128,128.0,32.0,0,1,0,0,0,0,0,0,1,0,0,1,5120,640,0,80,128,320,14.0,7.0,120.0,112.0,-1.0,-1.0,-1.0,-1.0,16,64,900,3,7.0,0,0,4,0,0,0,1,16,143.25
11.0,24,64,-1.0,32128,128.0,32.0,0,1,0,0,0,0,0,0,1,0,0,1,5120,640,0,80,128,320,14.0,7.0,120.0,112.0,-1.0,-1.0,-1.0,-1.0,16,64,900,3,7.0,0,0,4,0,0,0,1,32,155.825
11.0,24,64,-1.0,32128,128.0,32.0,0,1,0,0,0,0,0,0,1,0,0,1,5120,640,0,80,128,320,14.0,7.0,120.0,112.0,-1.0,-1.0,-1.0,-1.0,16,64,900,3,7.0,0,0,4,0,0,0,1,64,155.98333333333332
11.0,24,64,-1.0,32128,128.0,32.0,0,1,0,0,0,0,0,0,1,0,0,1,5120,640,0,80,128,320,14.0,7.0,120.0,112.0,-1.0,-1.0,-1.0,-1.0,16,64,900,3,7.0,0,0,4,0,0,0,1,128,150.06666666666666
20.0,32,16,512.0,32128,128.0,32.0,0,1,0,0,0,0,0,0,1,1,0,0,16896,528,0,132,24,528,67.0,34.0,-1.0,1979.0,1979.0,989.0,-1.0,67.0,80,80,3350,5,9.0,1,1,1,0,1,0,0,1,49.05833333333333
20.0,32,16,512.0,32128,128.0,32.0,0,1,0,0,0,0,0,0,1,1,0,0,16896,528,0,132,24,528,67.0,34.0,-1.0,1979.0,1979.0,989.0,-1.0,67.0,80,80,3350,5,9.0,1,1,1,0,1,0,0,2,76.00833333333334
20.0,32,16,512.0,32128,128.0,32.0,0,1,0,0,0,0,0,0,1,1,0,0,16896,528,0,132,24,528,67.0,34.0,-1.0,1979.0,1979.0,989.0,-1.0,67.0,80,80,3350,5,9.0,1,1,1,0,1,0,0,4,127.45833333333331
20.0,32,16,512.0,32128,128.0,32.0,0,1,0,0,0,0,0,0,1,1,0,0,16896,528,0,132,24,528,67.0,34.0,-1.0,1979.0,1979.0,989.0,-1.0,67.0,80,80,3350,5,9.0,1,1,1,0,1,0,0,8,201.8
20.0,32,16,512.0,32128,128.0,32.0,0,1,0,0,0,0,0,0,1,1,0,0,16896,528,0,132,24,528,67.0,34.0,-1.0,1979.0,1979.0,989.0,-1.0,67.0,80,80,3350,5,9.0,1,1,1,0,1,0,0,16,258.40833333333336
20.0,32,16,512.0,32128,128.0,32.0,0,1,0,0,0,0,0,0,1,1,0,0,16896,528,0,132,24,528,67.0,34.0,-1.0,1979.0,1979.0,989.0,-1.0,67.0,80,80,3350,5,9.0,1,1,1,0,1,0,0,32,273.1166666666667
20.0,32,16,512.0,32128,128.0,32.0,0,1,0,0,0,0,0,0,1,1,0,0,16896,528,0,132,24,528,67.0,34.0,-1.0,1979.0,1979.0,989.0,-1.0,67.0,80,80,3350,5,9.0,1,1,1,0,1,0,0,64,251.13333333333333
20.0,32,16,512.0,32128,128.0,32.0,0,1,0,0,0,0,0,0,1,1,0,0,16896,528,0,132,24,528,67.0,34.0,-1.0,1979.0,1979.0,989.0,-1.0,67.0,80,80,3350,5,9.0,1,1,1,0,1,0,0,128,242.50833333333333
20.0,32,16,512.0,32128,128.0,32.0,0,1,0,0,0,0,0,0,1,1,0,0,6912,432,0,108,160,432,19.5,9.7,-1.0,312.0,312.0,-1.0,156.0,19.5,40,80,1555,4,8.0,0,0,2,1,0,0,0,1,24.475
20.0,32,16,512.0,32128,128.0,32.0,0,1,0,0,0,0,0,0,1,1,0,0,6912,432,0,108,160,432,19.5,9.7,-1.0,312.0,312.0,-1.0,156.0,19.5,40,80,1555,4,8.0,0,0,2,1,0,0,0,2,39.458333333333336
20.0,32,16,512.0,32128,128.0,32.0,0,1,0,0,0,0,0,0,1,1,0,0,6912,432,0,108,160,432,19.5,9.7,-1.0,312.0,312.0,-1.0,156.0,19.5,40,80,1555,4,8.0,0,0,2,1,0,0,0,4,68.39166666666667
20.0,32,16,512.0,32128,128.0,32.0,0,1,0,0,0,0,0,0,1,1,0,0,6912,432,0,108,160,432,19.5,9.7,-1.0,312.0,312.0,-1.0,156.0,19.5,40,80,1555,4,8.0,0,0,2,1,0,0,0,8,113.30833333333334
20.0,32,16,512.0,32128,128.0,32.0,0,1,0,0,0,0,0,0,1,1,0,0,6912,432,0,108,160,432,19.5,9.7,-1.0,312.0,312.0,-1.0,156.0,19.5,40,80,1555,4,8.0,0,0,2,1,0,0,0,16,153.01666666666668
20.0,32,16,512.0,32128,128.0,32.0,0,1,0,0,0,0,0,0,1,1,0,0,6912,432,0,108,160,432,19.5,9.7,-1.0,312.0,312.0,-1.0,156.0,19.5,40,80,1555,4,8.0,0,0,2,1,0,0,0,32,157.83333333333334
20.0,32,16,512.0,32128,128.0,32.0,0,1,0,0,0,0,0,0,1,1,0,0,6912,432,0,108,160,432,19.5,9.7,-1.0,312.0,312.0,-1.0,156.0,19.5,40,80,1555,4,8.0,0,0,2,1,0,0,0,64,154.38333333333333
20.0,32,16,512.0,32128,128.0,32.0,0,1,0,0,0,0,0,0,1,1,0,0,6912,432,0,108,160,432,19.5,9.7,-1.0,312.0,312.0,-1.0,156.0,19.5,40,80,1555,4,8.0,0,0,2,1,0,0,0,128,148.11666666666667
20.0,32,16,512.0,32128,128.0,32.0,0,1,0,0,0,0,0,0,1,1,0,0,16896,528,0,132,24,528,67.0,34.0,-1.0,1979.0,1979.0,989.0,-1.0,67.0,80,160,3350,5,9.0,1,1,2,0,1,0,0,1,37.95
20.0,32,16,512.0,32128,128.0,32.0,0,1,0,0,0,0,0,0,1,1,0,0,16896,528,0,132,24,528,67.0,34.0,-1.0,1979.0,1979.0,989.0,-1.0,67.0,80,160,3350,5,9.0,1,1,2,0,1,0,0,2,56.04166666666666
20.0,32,16,512.0,32128,128.0,32.0,0,1,0,0,0,0,0,0,1,1,0,0,16896,528,0,132,24,528,67.0,34.0,-1.0,1979.0,1979.0,989.0,-1.0,67.0,80,160,3350,5,9.0,1,1,2,0,1,0,0,4,94.78333333333332
20.0,32,16,512.0,32128,128.0,32.0,0,1,0,0,0,0,0,0,1,1,0,0,16896,528,0,132,24,528,67.0,34.0,-1.0,1979.0,1979.0,989.0,-1.0,67.0,80,160,3350,5,9.0,1,1,2,0,1,0,0,8,166.45
20.0,32,16,512.0,32128,128.0,32.0,0,1,0,0,0,0,0,0,1,1,0,0,16896,528,0,132,24,528,67.0,34.0,-1.0,1979.0,1979.0,989.0,-1.0,67.0,80,160,3350,5,9.0,1,1,2,0,1,0,0,16,277.56666666666666
20.0,32,16,512.0,32128,128.0,32.0,0,1,0,0,0,0,0,0,1,1,0,0,16896,528,0,132,24,528,67.0,34.0,-1.0,1979.0,1979.0,989.0,-1.0,67.0,80,160,3350,5,9.0,1,1,2,0,1,0,0,32,378.875
20.0,32,16,512.0,32128,128.0,32.0,0,1,0,0,0,0,0,0,1,1,0,0,16896,528,0,132,24,528,67.0,34.0,-1.0,1979.0,1979.0,989.0,-1.0,67.0,80,160,3350,5,9.0,1,1,2,0,1,0,0,64,406.6666666666667
20.0,32,16,512.0,32128,128.0,32.0,0,1,0,0,0,0,0,0,1,1,0,0,16896,528,0,132,24,528,67.0,34.0,-1.0,1979.0,1979.0,989.0,-1.0,67.0,80,160,3350,5,9.0,1,1,2,0,1,0,0,128,371.6166666666667
20.0,32,16,512.0,32128,128.0,32.0,0,1,0,0,0,0,0,0,1,1,0,0,6912,432,0,108,160,432,19.5,9.7,-1.0,312.0,312.0,-1.0,156.0,19.5,40,160,1555,4,8.0,0,0,4,1,0,0,0,1,23.375
20.0,32,16,512.0,32128,128.0,32.0,0,1,0,0,0,0,0,0,1,1,0,0,6912,432,0,108,160,432,19.5,9.7,-1.0,312.0,312.0,-1.0,156.0,19.5,40,160,1555,4,8.0,0,0,4,1,0,0,0,2,37.875
20.0,32,16,512.0,32128,128.0,32.0,0,1,0,0,0,0,0,0,1,1,0,0,6912,432,0,108,160,432,19.5,9.7,-1.0,312.0,312.0,-1.0,156.0,19.5,40,160,1555,4,8.0,0,0,4,1,0,0,0,4,66.76666666666667
20.0,32,16,512.0,32128,128.0,32.0,0,1,0,0,0,0,0,0,1,1,0,0,6912,432,0,108,160,432,19.5,9.7,-1.0,312.0,312.0,-1.0,156.0,19.5,40,160,1555,4,8.0,0,0,4,1,0,0,0,8,106.425
20.0,32,16,512.0,32128,128.0,32.0,0,1,0,0,0,0,0,0,1,1,0,0,6912,432,0,108,160,432,19.5,9.7,-1.0,312.0,312.0,-1.0,156.0,19.5,40,160,1555,4,8.0,0,0,4,1,0,0,0,16,159.65
20.0,32,16,512.0,32128,128.0,32.0,0,1,0,0,0,0,0,0,1,1,0,0,6912,432,0,108,160,432,19.5,9.7,-1.0,312.0,312.0,-1.0,156.0,19.5,40,160,1555,4,8.0,0,0,4,1,0,0,0,32,180.86666666666667
20.0,32,16,512.0,32128,128.0,32.0,0,1,0,0,0,0,0,0,1,1,0,0,6912,432,0,108,160,432,19.5,9.7,-1.0,312.0,312.0,-1.0,156.0,19.5,40,160,1555,4,8.0,0,0,4,1,0,0,0,64,164.85833333333332
20.0,32,16,512.0,32128,128.0,32.0,0,1,0,0,0,0,0,0,1,1,0,0,6912,432,0,108,160,432,19.5,9.7,-1.0,312.0,312.0,-1.0,156.0,19.5,40,160,1555,4,8.0,0,0,4,1,0,0,0,128,84.125
20.0,32,16,512.0,32128,128.0,32.0,0,1,0,0,0,0,0,0,1,1,0,0,16896,528,0,132,24,528,67.0,34.0,-1.0,1979.0,1979.0,989.0,-1.0,67.0,80,320,3350,5,9.0,1,1,4,0,1,0,0,1,38.80833333333333
20.0,32,16,512.0,32128,128.0,32.0,0,1,0,0,0,0,0,0,1,1,0,0,16896,528,0,132,24,528,67.0,34.0,-1.0,1979.0,1979.0,989.0,-1.0,67.0,80,320,3350,5,9.0,1,1,4,0,1,0,0,2,56.35833333333333
20.0,32,16,512.0,32128,128.0,32.0,0,1,0,0,0,0,0,0,1,1,0,0,16896,528,0,132,24,528,67.0,34.0,-1.0,1979.0,1979.0,989.0,-1.0,67.0,80,320,3350,5,9.0,1,1,4,0,1,0,0,4,96.11666666666666
20.0,32,16,512.0,32128,128.0,32.0,0,1,0,0,0,0,0,0,1,1,0,0,16896,528,0,132,24,528,67.0,34.0,-1.0,1979.0,1979.0,989.0,-1.0,67.0,80,320,3350,5,9.0,1,1,4,0,1,0,0,8,167.60833333333332
20.0,32,16,512.0,32128,128.0,32.0,0,1,0,0,0,0,0,0,1,1,0,0,16896,528,0,132,24,528,67.0,34.0,-1.0,1979.0,1979.0,989.0,-1.0,67.0,80,320,3350,5,9.0,1,1,4,0,1,0,0,16,296.90833333333336
20.0,32,16,512.0,32128,128.0,32.0,0,1,0,0,0,0,0,0,1,1,0,0,16896,528,0,132,24,528,67.0,34.0,-1.0,1979.0,1979.0,989.0,-1.0,67.0,80,320,3350,5,9.0,1,1,4,0,1,0,0,32,450.64166666666665
20.0,32,16,512.0,32128,128.0,32.0,0,1,0,0,0,0,0,0,1,1,0,0,16896,528,0,132,24,528,67.0,34.0,-1.0,1979.0,1979.0,989.0,-1.0,67.0,80,320,3350,5,9.0,1,1,4,0,1,0,0,64,540.45
20.0,32,16,512.0,32128,128.0,32.0,0,1,0,0,0,0,0,0,1,1,0,0,16896,528,0,132,24,528,67.0,34.0,-1.0,1979.0,1979.0,989.0,-1.0,67.0,80,320,3350,5,9.0,1,1,4,0,1,0,0,128,534.1666666666666
6.7,32,32,-1.0,50432,-1.0,-1.0,0,0,0,0,0,0,1,0,0,1,0,0,6912,432,0,108,160,432,19.5,9.7,-1.0,312.0,312.0,-1.0,156.0,19.5,40,40,1555,4,8.0,0,0,1,1,0,0,0,1,58.61666666666667
6.7,32,32,-1.0,50432,-1.0,-1.0,0,0,0,0,0,0,1,0,0,1,0,0,6912,432,0,108,160,432,19.5,9.7,-1.0,312.0,312.0,-1.0,156.0,19.5,40,40,1555,4,8.0,0,0,1,1,0,0,0,2,94.93333333333334
6.7,32,32,-1.0,50432,-1.0,-1.0,0,0,0,0,0,0,1,0,0,1,0,0,6912,432,0,108,160,432,19.5,9.7,-1.0,312.0,312.0,-1.0,156.0,19.5,40,40,1555,4,8.0,0,0,1,1,0,0,0,4,138.05833333333334
6.7,32,32,-1.0,50432,-1.0,-1.0,0,0,0,0,0,0,1,0,0,1,0,0,6912,432,0,108,160,432,19.5,9.7,-1.0,312.0,312.0,-1.0,156.0,19.5,40,40,1555,4,8.0,0,0,1,1,0,0,0,8,164.125
6.7,32,32,-1.0,50432,-1.0,-1.0,0,0,0,0,0,0,1,0,0,1,0,0,6912,432,0,108,160,432,19.5,9.7,-1.0,312.0,312.0,-1.0,156.0,19.5,40,40,1555,4,8.0,0,0,1,1,0,0,0,16,177.16666666666666
6.7,32,32,-1.0,50432,-1.0,-1.0,0,0,0,0,0,0,1,0,0,1,0,0,6912,432,0,108,160,432,19.5,9.7,-1.0,312.0,312.0,-1.0,156.0,19.5,40,40,1555,4,8.0,0,0,1,1,0,0,0,32,194.075
6.7,32,32,-1.0,50432,-1.0,-1.0,0,0,0,0,0,0,1,0,0,1,0,0,6912,432,0,108,160,432,19.5,9.7,-1.0,312.0,312.0,-1.0,156.0,19.5,40,40,1555,4,8.0,0,0,1,1,0,0,0,64,178.66666666666666
6.7,32,32,-1.0,50432,-1.0,-1.0,0,0,0,0,0,0,1,0,0,1,0,0,6912,432,0,108,160,432,19.5,9.7,-1.0,312.0,312.0,-1.0,156.0,19.5,40,40,1555,4,8.0,0,0,1,1,0,0,0,128,179.39166666666668
6.7,32,32,-1.0,50432,-1.0,-1.0,0,0,0,0,0,0,1,0,0,1,0,0,16896,528,0,132,24,528,67.0,34.0,-1.0,1979.0,1979.0,989.0,-1.0,67.0,80,80,3350,5,9.0,1,1,1,0,1,0,0,1,94.475
6.7,32,32,-1.0,50432,-1.0,-1.0,0,0,0,0,0,0,1,0,0,1,0,0,16896,528,0,132,24,528,67.0,34.0,-1.0,1979.0,1979.0,989.0,-1.0,67.0,80,80,3350,5,9.0,1,1,1,0,1,0,0,2,148.16666666666666
6.7,32,32,-1.0,50432,-1.0,-1.0,0,0,0,0,0,0,1,0,0,1,0,0,16896,528,0,132,24,528,67.0,34.0,-1.0,1979.0,1979.0,989.0,-1.0,67.0,80,80,3350,5,9.0,1,1,1,0,1,0,0,4,211.925
6.7,32,32,-1.0,50432,-1.0,-1.0,0,0,0,0,0,0,1,0,0,1,0,0,16896,528,0,132,24,528,67.0,34.0,-1.0,1979.0,1979.0,989.0,-1.0,67.0,80,80,3350,5,9.0,1,1,1,0,1,0,0,8,255.39166666666668
6.7,32,32,-1.0,50432,-1.0,-1.0,0,0,0,0,0,0,1,0,0,1,0,0,16896,528,0,132,24,528,67.0,34.0,-1.0,1979.0,1979.0,989.0,-1.0,67.0,80,80,3350,5,9.0,1,1,1,0,1,0,0,16,289.5416666666667
6.7,32,32,-1.0,50432,-1.0,-1.0,0,0,0,0,0,0,1,0,0,1,0,0,16896,528,0,132,24,528,67.0,34.0,-1.0,1979.0,1979.0,989.0,-1.0,67.0,80,80,3350,5,9.0,1,1,1,0,1,0,0,32,293.675
6.7,32,32,-1.0,50432,-1.0,-1.0,0,0,0,0,0,0,1,0,0,1,0,0,16896,528,0,132,24,528,67.0,34.0,-1.0,1979.0,1979.0,989.0,-1.0,67.0,80,80,3350,5,9.0,1,1,1,0,1,0,0,64,284.425
6.7,32,32,-1.0,50432,-1.0,-1.0,0,0,0,0,0,0,1,0,0,1,0,0,16896,528,0,132,24,528,67.0,34.0,-1.0,1979.0,1979.0,989.0,-1.0,67.0,80,80,3350,5,9.0,1,1,1,0,1,0,0,128,261.6333333333333
13.0,40,40,2048.0,32000,-1.0,-1.0,1,0,0,0,0,1,0,0,0,0,1,0,6912,432,0,108,160,432,19.5,9.7,-1.0,312.0,312.0,-1.0,156.0,19.5,40,40,1555,4,8.0,0,0,1,1,0,0,0,1,38.63333333333333
13.0,40,40,2048.0,32000,-1.0,-1.0,1,0,0,0,0,1,0,0,0,0,1,0,6912,432,0,108,160,432,19.5,9.7,-1.0,312.0,312.0,-1.0,156.0,19.5,40,40,1555,4,8.0,0,0,1,1,0,0,0,2,66.04166666666667
13.0,40,40,2048.0,32000,-1.0,-1.0,1,0,0,0,0,1,0,0,0,0,1,0,6912,432,0,108,160,432,19.5,9.7,-1.0,312.0,312.0,-1.0,156.0,19.5,40,40,1555,4,8.0,0,0,1,1,0,0,0,4,104.19166666666666
13.0,40,40,2048.0,32000,-1.0,-1.0,1,0,0,0,0,1,0,0,0,0,1,0,6912,432,0,108,160,432,19.5,9.7,-1.0,312.0,312.0,-1.0,156.0,19.5,40,40,1555,4,8.0,0,0,1,1,0,0,0,8,156.275
13.0,40,40,2048.0,32000,-1.0,-1.0,1,0,0,0,0,1,0,0,0,0,1,0,6912,432,0,108,160,432,19.5,9.7,-1.0,312.0,312.0,-1.0,156.0,19.5,40,40,1555,4,8.0,0,0,1,1,0,0,0,16,156.75833333333333
13.0,40,40,2048.0,32000,-1.0,-1.0,1,0,0,0,0,1,0,0,0,0,1,0,6912,432,0,108,160,432,19.5,9.7,-1.0,312.0,312.0,-1.0,156.0,19.5,40,40,1555,4,8.0,0,0,1,1,0,0,0,32,80.28333333333333
13.0,40,40,2048.0,32000,-1.0,-1.0,1,0,0,0,0,1,0,0,0,0,1,0,6912,432,0,108,160,432,19.5,9.7,-1.0,312.0,312.0,-1.0,156.0,19.5,40,40,1555,4,8.0,0,0,1,1,0,0,0,64,14.433333333333334
13.0,40,40,2048.0,32000,-1.0,-1.0,1,0,0,0,0,1,0,0,0,0,1,0,6912,432,0,108,160,432,19.5,9.7,-1.0,312.0,312.0,-1.0,156.0,19.5,40,40,1555,4,8.0,0,0,1,1,0,0,0,128,102.025
13.0,40,40,2048.0,32000,-1.0,-1.0,1,0,0,0,0,1,0,0,0,0,1,0,16896,528,0,132,24,528,67.0,34.0,-1.0,1979.0,1979.0,989.0,-1.0,67.0,80,80,3350,5,9.0,1,1,1,0,1,0,0,1,71.15833333333333
13.0,40,40,2048.0,32000,-1.0,-1.0,1,0,0,0,0,1,0,0,0,0,1,0,16896,528,0,132,24,528,67.0,34.0,-1.0,1979.0,1979.0,989.0,-1.0,67.0,80,80,3350,5,9.0,1,1,1,0,1,0,0,2,116.18333333333334
13.0,40,40,2048.0,32000,-1.0,-1.0,1,0,0,0,0,1,0,0,0,0,1,0,16896,528,0,132,24,528,67.0,34.0,-1.0,1979.0,1979.0,989.0,-1.0,67.0,80,80,3350,5,9.0,1,1,1,0,1,0,0,4,184.6833333333333
13.0,40,40,2048.0,32000,-1.0,-1.0,1,0,0,0,0,1,0,0,0,0,1,0,16896,528,0,132,24,528,67.0,34.0,-1.0,1979.0,1979.0,989.0,-1.0,67.0,80,80,3350,5,9.0,1,1,1,0,1,0,0,8,286.025
13.0,40,40,2048.0,32000,-1.0,-1.0,1,0,0,0,0,1,0,0,0,0,1,0,16896,528,0,132,24,528,67.0,34.0,-1.0,1979.0,1979.0,989.0,-1.0,67.0,80,80,3350,5,9.0,1,1,1,0,1,0,0,16,414.15
13.0,40,40,2048.0,32000,-1.0,-1.0,1,0,0,0,0,1,0,0,0,0,1,0,16896,528,0,132,24,528,67.0,34.0,-1.0,1979.0,1979.0,989.0,-1.0,67.0,80,80,3350,5,9.0,1,1,1,0,1,0,0,32,480.78333333333336
13.0,40,40,2048.0,32000,-1.0,-1.0,1,0,0,0,0,1,0,0,0,0,1,0,16896,528,0,132,24,528,67.0,34.0,-1.0,1979.0,1979.0,989.0,-1.0,67.0,80,80,3350,5,9.0,1,1,1,0,1,0,0,64,533.025
13.0,40,40,2048.0,32000,-1.0,-1.0,1,0,0,0,0,1,0,0,0,0,1,0,16896,528,0,132,24,528,67.0,34.0,-1.0,1979.0,1979.0,989.0,-1.0,67.0,80,80,3350,5,9.0,1,1,1,0,1,0,0,128,306.95
13.0,40,40,2048.0,32000,-1.0,-1.0,1,0,0,0,0,1,0,0,0,0,1,0,9216,288,72,72,96,288,31.2,0.97,-1.0,125.0,125.0,62.5,-1.0,-1.0,24,48,600,4,8.6,0,0,2,1,0,0,0,1,27.45
13.0,40,40,2048.0,32000,-1.0,-1.0,1,0,0,0,0,1,0,0,0,0,1,0,9216,288,72,72,96,288,31.2,0.97,-1.0,125.0,125.0,62.5,-1.0,-1.0,24,48,600,4,8.6,0,0,2,1,0,0,0,2,48.13333333333333
13.0,40,40,2048.0,32000,-1.0,-1.0,1,0,0,0,0,1,0,0,0,0,1,0,9216,288,72,72,96,288,31.2,0.97,-1.0,125.0,125.0,62.5,-1.0,-1.0,24,48,600,4,8.6,0,0,2,1,0,0,0,4,71.50833333333334
13.0,40,40,2048.0,32000,-1.0,-1.0,1,0,0,0,0,1,0,0,0,0,1,0,9216,288,72,72,96,288,31.2,0.97,-1.0,125.0,125.0,62.5,-1.0,-1.0,24,48,600,4,8.6,0,0,2,1,0,0,0,8,113.20833333333331
13.0,40,40,2048.0,32000,-1.0,-1.0,1,0,0,0,0,1,0,0,0,0,1,0,9216,288,72,72,96,288,31.2,0.97,-1.0,125.0,125.0,62.5,-1.0,-1.0,24,48,600,4,8.6,0,0,2,1,0,0,0,16,164.23333333333332
13.0,40,40,2048.0,32000,-1.0,-1.0,1,0,0,0,0,1,0,0,0,0,1,0,9216,288,72,72,96,288,31.2,0.97,-1.0,125.0,125.0,62.5,-1.0,-1.0,24,48,600,4,8.6,0,0,2,1,0,0,0,32,203.8333333333333
13.0,40,40,2048.0,32000,-1.0,-1.0,1,0,0,0,0,1,0,0,0,0,1,0,9216,288,72,72,96,288,31.2,0.97,-1.0,125.0,125.0,62.5,-1.0,-1.0,24,48,600,4,8.6,0,0,2,1,0,0,0,64,208.11666666666667
13.0,40,40,2048.0,32000,-1.0,-1.0,1,0,0,0,0,1,0,0,0,0,1,0,9216,288,72,72,96,288,31.2,0.97,-1.0,125.0,125.0,62.5,-1.0,-1.0,24,48,600,4,8.6,0,0,2,1,0,0,0,128,195.9833333333333
13.0,40,40,2048.0,32000,-1.0,-1.0,1,0,0,0,0,1,0,0,0,0,1,0,6912,432,0,108,160,432,19.5,9.7,-1.0,312.0,312.0,-1.0,156.0,19.5,40,80,1555,4,8.0,0,0,2,1,0,0,0,1,49.4
13.0,40,40,2048.0,32000,-1.0,-1.0,1,0,0,0,0,1,0,0,0,0,1,0,6912,432,0,108,160,432,19.5,9.7,-1.0,312.0,312.0,-1.0,156.0,19.5,40,80,1555,4,8.0,0,0,2,1,0,0,0,2,84.38333333333334
13.0,40,40,2048.0,32000,-1.0,-1.0,1,0,0,0,0,1,0,0,0,0,1,0,6912,432,0,108,160,432,19.5,9.7,-1.0,312.0,312.0,-1.0,156.0,19.5,40,80,1555,4,8.0,0,0,2,1,0,0,0,4,141.50833333333333
13.0,40,40,2048.0,32000,-1.0,-1.0,1,0,0,0,0,1,0,0,0,0,1,0,6912,432,0,108,160,432,19.5,9.7,-1.0,312.0,312.0,-1.0,156.0,19.5,40,80,1555,4,8.0,0,0,2,1,0,0,0,8,214.91666666666663
13.0,40,40,2048.0,32000,-1.0,-1.0,1,0,0,0,0,1,0,0,0,0,1,0,6912,432,0,108,160,432,19.5,9.7,-1.0,312.0,312.0,-1.0,156.0,19.5,40,80,1555,4,8.0,0,0,2,1,0,0,0,16,335.55
13.0,40,40,2048.0,32000,-1.0,-1.0,1,0,0,0,0,1,0,0,0,0,1,0,6912,432,0,108,160,432,19.5,9.7,-1.0,312.0,312.0,-1.0,156.0,19.5,40,80,1555,4,8.0,0,0,2,1,0,0,0,32,437.31666666666666
13.0,40,40,2048.0,32000,-1.0,-1.0,1,0,0,0,0,1,0,0,0,0,1,0,6912,432,0,108,160,432,19.5,9.7,-1.0,312.0,312.0,-1.0,156.0,19.5,40,80,1555,4,8.0,0,0,2,1,0,0,0,64,508.01666666666665
13.0,40,40,2048.0,32000,-1.0,-1.0,1,0,0,0,0,1,0,0,0,0,1,0,6912,432,0,108,160,432,19.5,9.7,-1.0,312.0,312.0,-1.0,156.0,19.5,40,80,1555,4,8.0,0,0,2,1,0,0,0,128,369.95
13.0,40,40,2048.0,32000,-1.0,-1.0,1,0,0,0,0,1,0,0,0,0,1,0,16896,528,0,132,24,528,67.0,34.0,-1.0,1979.0,1979.0,989.0,-1.0,67.0,80,160,3350,5,9.0,1,1,2,0,1,0,0,1,71.15833333333333
13.0,40,40,2048.0,32000,-1.0,-1.0,1,0,0,0,0,1,0,0,0,0,1,0,16896,528,0,132,24,528,67.0,34.0,-1.0,1979.0,1979.0,989.0,-1.0,67.0,80,160,3350,5,9.0,1,1,2,0,1,0,0,2,119.73333333333332
13.0,40,40,2048.0,32000,-1.0,-1.0,1,0,0,0,0,1,0,0,0,0,1,0,16896,528,0,132,24,528,67.0,34.0,-1.0,1979.0,1979.0,989.0,-1.0,67.0,80,160,3350,5,9.0,1,1,2,0,1,0,0,4,199.2
13.0,40,40,2048.0,32000,-1.0,-1.0,1,0,0,0,0,1,0,0,0,0,1,0,16896,528,0,132,24,528,67.0,34.0,-1.0,1979.0,1979.0,989.0,-1.0,67.0,80,160,3350,5,9.0,1,1,2,0,1,0,0,8,348.46666666666664
13.0,40,40,2048.0,32000,-1.0,-1.0,1,0,0,0,0,1,0,0,0,0,1,0,16896,528,0,132,24,528,67.0,34.0,-1.0,1979.0,1979.0,989.0,-1.0,67.0,80,160,3350,5,9.0,1,1,2,0,1,0,0,16,538.8666666666667
13.0,40,40,2048.0,32000,-1.0,-1.0,1,0,0,0,0,1,0,0,0,0,1,0,16896,528,0,132,24,528,67.0,34.0,-1.0,1979.0,1979.0,989.0,-1.0,67.0,80,160,3350,5,9.0,1,1,2,0,1,0,0,32,727.7
13.0,40,40,2048.0,32000,-1.0,-1.0,1,0,0,0,0,1,0,0,0,0,1,0,16896,528,0,132,24,528,67.0,34.0,-1.0,1979.0,1979.0,989.0,-1.0,67.0,80,160,3350,5,9.0,1,1,2,0,1,0,0,64,861.025
13.0,40,40,2048.0,32000,-1.0,-1.0,1,0,0,0,0,1,0,0,0,0,1,0,16896,528,0,132,24,528,67.0,34.0,-1.0,1979.0,1979.0,989.0,-1.0,67.0,80,160,3350,5,9.0,1,1,2,0,1,0,0,128,885.2
13.0,40,40,2048.0,32000,-1.0,-1.0,1,0,0,0,0,1,0,0,0,0,1,0,6912,432,0,108,160,432,19.5,9.7,-1.0,312.0,312.0,-1.0,156.0,19.5,40,160,1555,4,8.0,0,0,4,1,0,0,0,1,49.05833333333333
13.0,40,40,2048.0,32000,-1.0,-1.0,1,0,0,0,0,1,0,0,0,0,1,0,6912,432,0,108,160,432,19.5,9.7,-1.0,312.0,312.0,-1.0,156.0,19.5,40,160,1555,4,8.0,0,0,4,1,0,0,0,2,81.13333333333334
13.0,40,40,2048.0,32000,-1.0,-1.0,1,0,0,0,0,1,0,0,0,0,1,0,6912,432,0,108,160,432,19.5,9.7,-1.0,312.0,312.0,-1.0,156.0,19.5,40,160,1555,4,8.0,0,0,4,1,0,0,0,4,137.55
13.0,40,40,2048.0,32000,-1.0,-1.0,1,0,0,0,0,1,0,0,0,0,1,0,6912,432,0,108,160,432,19.5,9.7,-1.0,312.0,312.0,-1.0,156.0,19.5,40,160,1555,4,8.0,0,0,4,1,0,0,0,8,214.725
13.0,40,40,2048.0,32000,-1.0,-1.0,1,0,0,0,0,1,0,0,0,0,1,0,6912,432,0,108,160,432,19.5,9.7,-1.0,312.0,312.0,-1.0,156.0,19.5,40,160,1555,4,8.0,0,0,4,1,0,0,0,16,338.01666666666665
13.0,40,40,2048.0,32000,-1.0,-1.0,1,0,0,0,0,1,0,0,0,0,1,0,6912,432,0,108,160,432,19.5,9.7,-1.0,312.0,312.0,-1.0,156.0,19.5,40,160,1555,4,8.0,0,0,4,1,0,0,0,32,440.39166666666665
13.0,40,40,2048.0,32000,-1.0,-1.0,1,0,0,0,0,1,0,0,0,0,1,0,6912,432,0,108,160,432,19.5,9.7,-1.0,312.0,312.0,-1.0,156.0,19.5,40,160,1555,4,8.0,0,0,4,1,0,0,0,64,491.675
13.0,40,40,2048.0,32000,-1.0,-1.0,1,0,0,0,0,1,0,0,0,0,1,0,6912,432,0,108,160,432,19.5,9.7,-1.0,312.0,312.0,-1.0,156.0,19.5,40,160,1555,4,8.0,0,0,4,1,0,0,0,128,475.8
13.0,40,40,2048.0,32000,-1.0,-1.0,1,0,0,0,0,1,0,0,0,0,1,0,16896,528,0,132,24,528,67.0,34.0,-1.0,1979.0,1979.0,989.0,-1.0,67.0,80,320,3350,5,9.0,1,1,4,0,1,0,0,1,75.13333333333334
13.0,40,40,2048.0,32000,-1.0,-1.0,1,0,0,0,0,1,0,0,0,0,1,0,16896,528,0,132,24,528,67.0,34.0,-1.0,1979.0,1979.0,989.0,-1.0,67.0,80,320,3350,5,9.0,1,1,4,0,1,0,0,2,119.275
13.0,40,40,2048.0,32000,-1.0,-1.0,1,0,0,0,0,1,0,0,0,0,1,0,16896,528,0,132,24,528,67.0,34.0,-1.0,1979.0,1979.0,989.0,-1.0,67.0,80,320,3350,5,9.0,1,1,4,0,1,0,0,4,203.19166666666663
13.0,40,40,2048.0,32000,-1.0,-1.0,1,0,0,0,0,1,0,0,0,0,1,0,16896,528,0,132,24,528,67.0,34.0,-1.0,1979.0,1979.0,989.0,-1.0,67.0,80,320,3350,5,9.0,1,1,4,0,1,0,0,8,355.3333333333333
13.0,40,40,2048.0,32000,-1.0,-1.0,1,0,0,0,0,1,0,0,0,0,1,0,16896,528,0,132,24,528,67.0,34.0,-1.0,1979.0,1979.0,989.0,-1.0,67.0,80,320,3350,5,9.0,1,1,4,0,1,0,0,16,587.5916666666667
13.0,40,40,2048.0,32000,-1.0,-1.0,1,0,0,0,0,1,0,0,0,0,1,0,16896,528,0,132,24,528,67.0,34.0,-1.0,1979.0,1979.0,989.0,-1.0,67.0,80,320,3350,5,9.0,1,1,4,0,1,0,0,32,866.9416666666667
13.0,40,40,2048.0,32000,-1.0,-1.0,1,0,0,0,0,1,0,0,0,0,1,0,16896,528,0,132,24,528,67.0,34.0,-1.0,1979.0,1979.0,989.0,-1.0,67.0,80,320,3350,5,9.0,1,1,4,0,1,0,0,64,1100.8833333333334
13.0,40,40,2048.0,32000,-1.0,-1.0,1,0,0,0,0,1,0,0,0,0,1,0,16896,528,0,132,24,528,67.0,34.0,-1.0,1979.0,1979.0,989.0,-1.0,67.0,80,320,3350,5,9.0,1,1,4,0,1,0,0,128,1211.8166666666666
13.0,40,40,2048.0,32000,-1.0,-1.0,1,0,0,0,0,1,0,0,0,0,1,0,2560,320,40,40,64,160,8.1,0.25,65.0,-1.0,-1.0,-1.0,-1.0,-1.0,16,64,300,3,7.5,0,0,4,0,0,1,0,1,27.03333333333333
13.0,40,40,2048.0,32000,-1.0,-1.0,1,0,0,0,0,1,0,0,0,0,1,0,2560,320,40,40,64,160,8.1,0.25,65.0,-1.0,-1.0,-1.0,-1.0,-1.0,16,64,300,3,7.5,0,0,4,0,0,1,0,2,43.96666666666667
13.0,40,40,2048.0,32000,-1.0,-1.0,1,0,0,0,0,1,0,0,0,0,1,0,2560,320,40,40,64,160,8.1,0.25,65.0,-1.0,-1.0,-1.0,-1.0,-1.0,16,64,300,3,7.5,0,0,4,0,0,1,0,4,69.175
13.0,40,40,2048.0,32000,-1.0,-1.0,1,0,0,0,0,1,0,0,0,0,1,0,2560,320,40,40,64,160,8.1,0.25,65.0,-1.0,-1.0,-1.0,-1.0,-1.0,16,64,300,3,7.5,0,0,4,0,0,1,0,8,103.60833333333332
13.0,40,40,2048.0,32000,-1.0,-1.0,1,0,0,0,0,1,0,0,0,0,1,0,2560,320,40,40,64,160,8.1,0.25,65.0,-1.0,-1.0,-1.0,-1.0,-1.0,16,64,300,3,7.5,0,0,4,0,0,1,0,16,133.35833333333332
13.0,40,40,2048.0,32000,-1.0,-1.0,1,0,0,0,0,1,0,0,0,0,1,0,2560,320,40,40,64,160,8.1,0.25,65.0,-1.0,-1.0,-1.0,-1.0,-1.0,16,64,300,3,7.5,0,0,4,0,0,1,0,32,163.35
13.0,40,40,2048.0,32000,-1.0,-1.0,1,0,0,0,0,1,0,0,0,0,1,0,2560,320,40,40,64,160,8.1,0.25,65.0,-1.0,-1.0,-1.0,-1.0,-1.0,16,64,300,3,7.5,0,0,4,0,0,1,0,64,178.78333333333333
13.0,40,40,2048.0,32000,-1.0,-1.0,1,0,0,0,0,1,0,0,0,0,1,0,2560,320,40,40,64,160,8.1,0.25,65.0,-1.0,-1.0,-1.0,-1.0,-1.0,16,64,300,3,7.5,0,0,4,0,0,1,0,128,142.83333333333334
7.0,32,32,2048.0,32000,-1.0,-1.0,1,0,0,0,0,1,0,0,0,0,1,0,9216,288,72,72,96,288,31.2,0.97,-1.0,125.0,125.0,62.5,-1.0,-1.0,24,24,600,4,8.6,0,0,1,1,0,0,0,1,29.941666666666663
7.0,32,32,2048.0,32000,-1.0,-1.0,1,0,0,0,0,1,0,0,0,0,1,0,9216,288,72,72,96,288,31.2,0.97,-1.0,125.0,125.0,62.5,-1.0,-1.0,24,24,600,4,8.6,0,0,1,1,0,0,0,2,49.71666666666667
7.0,32,32,2048.0,32000,-1.0,-1.0,1,0,0,0,0,1,0,0,0,0,1,0,9216,288,72,72,96,288,31.2,0.97,-1.0,125.0,125.0,62.5,-1.0,-1.0,24,24,600,4,8.6,0,0,1,1,0,0,0,4,80.05833333333334
7.0,32,32,2048.0,32000,-1.0,-1.0,1,0,0,0,0,1,0,0,0,0,1,0,9216,288,72,72,96,288,31.2,0.97,-1.0,125.0,125.0,62.5,-1.0,-1.0,24,24,600,4,8.6,0,0,1,1,0,0,0,8,118.875
7.0,32,32,2048.0,32000,-1.0,-1.0,1,0,0,0,0,1,0,0,0,0,1,0,9216,288,72,72,96,288,31.2,0.97,-1.0,125.0,125.0,62.5,-1.0,-1.0,24,24,600,4,8.6,0,0,1,1,0,0,0,16,146.51666666666668
7.0,32,32,2048.0,32000,-1.0,-1.0,1,0,0,0,0,1,0,0,0,0,1,0,9216,288,72,72,96,288,31.2,0.97,-1.0,125.0,125.0,62.5,-1.0,-1.0,24,24,600,4,8.6,0,0,1,1,0,0,0,32,65.38333333333334
7.0,32,32,2048.0,32000,-1.0,-1.0,1,0,0,0,0,1,0,0,0,0,1,0,9216,288,72,72,96,288,31.2,0.97,-1.0,125.0,125.0,62.5,-1.0,-1.0,24,24,600,4,8.6,0,0,1,1,0,0,0,64,4.375
7.0,32,32,2048.0,32000,-1.0,-1.0,1,0,0,0,0,1,0,0,0,0,1,0,9216,288,72,72,96,288,31.2,0.97,-1.0,125.0,125.0,62.5,-1.0,-1.0,24,24,600,4,8.6,0,0,1,1,0,0,0,128,27.525
7.0,32,32,2048.0,32000,-1.0,-1.0,1,0,0,0,0,1,0,0,0,0,1,0,6912,432,0,108,160,432,19.5,9.7,-1.0,312.0,312.0,-1.0,156.0,19.5,40,40,1555,4,8.0,0,0,1,1,0,0,0,1,65.64166666666667
7.0,32,32,2048.0,32000,-1.0,-1.0,1,0,0,0,0,1,0,0,0,0,1,0,6912,432,0,108,160,432,19.5,9.7,-1.0,312.0,312.0,-1.0,156.0,19.5,40,40,1555,4,8.0,0,0,1,1,0,0,0,2,109.40833333333332
7.0,32,32,2048.0,32000,-1.0,-1.0,1,0,0,0,0,1,0,0,0,0,1,0,6912,432,0,108,160,432,19.5,9.7,-1.0,312.0,312.0,-1.0,156.0,19.5,40,40,1555,4,8.0,0,0,1,1,0,0,0,4,172.93333333333334
7.0,32,32,2048.0,32000,-1.0,-1.0,1,0,0,0,0,1,0,0,0,0,1,0,6912,432,0,108,160,432,19.5,9.7,-1.0,312.0,312.0,-1.0,156.0,19.5,40,40,1555,4,8.0,0,0,1,1,0,0,0,8,252.78333333333333
7.0,32,32,2048.0,32000,-1.0,-1.0,1,0,0,0,0,1,0,0,0,0,1,0,6912,432,0,108,160,432,19.5,9.7,-1.0,312.0,312.0,-1.0,156.0,19.5,40,40,1555,4,8.0,0,0,1,1,0,0,0,16,360.575
7.0,32,32,2048.0,32000,-1.0,-1.0,1,0,0,0,0,1,0,0,0,0,1,0,6912,432,0,108,160,432,19.5,9.7,-1.0,312.0,312.0,-1.0,156.0,19.5,40,40,1555,4,8.0,0,0,1,1,0,0,0,32,387.31666666666666
7.0,32,32,2048.0,32000,-1.0,-1.0,1,0,0,0,0,1,0,0,0,0,1,0,6912,432,0,108,160,432,19.5,9.7,-1.0,312.0,312.0,-1.0,156.0,19.5,40,40,1555,4,8.0,0,0,1,1,0,0,0,64,315.65833333333336
7.0,32,32,2048.0,32000,-1.0,-1.0,1,0,0,0,0,1,0,0,0,0,1,0,6912,432,0,108,160,432,19.5,9.7,-1.0,312.0,312.0,-1.0,156.0,19.5,40,40,1555,4,8.0,0,0,1,1,0,0,0,128,41.93333333333333
7.0,32,32,2048.0,32000,-1.0,-1.0,1,0,0,0,0,1,0,0,0,0,1,0,16896,528,0,132,24,528,67.0,34.0,-1.0,1979.0,1979.0,989.0,-1.0,67.0,80,80,3350,5,9.0,1,1,1,0,1,0,0,1,108.0
7.0,32,32,2048.0,32000,-1.0,-1.0,1,0,0,0,0,1,0,0,0,0,1,0,16896,528,0,132,24,528,67.0,34.0,-1.0,1979.0,1979.0,989.0,-1.0,67.0,80,80,3350,5,9.0,1,1,1,0,1,0,0,2,178.63333333333333
7.0,32,32,2048.0,32000,-1.0,-1.0,1,0,0,0,0,1,0,0,0,0,1,0,16896,528,0,132,24,528,67.0,34.0,-1.0,1979.0,1979.0,989.0,-1.0,67.0,80,80,3350,5,9.0,1,1,1,0,1,0,0,4,275.225
7.0,32,32,2048.0,32000,-1.0,-1.0,1,0,0,0,0,1,0,0,0,0,1,0,16896,528,0,132,24,528,67.0,34.0,-1.0,1979.0,1979.0,989.0,-1.0,67.0,80,80,3350,5,9.0,1,1,1,0,1,0,0,8,417.9166666666667
7.0,32,32,2048.0,32000,-1.0,-1.0,1,0,0,0,0,1,0,0,0,0,1,0,16896,528,0,132,24,528,67.0,34.0,-1.0,1979.0,1979.0,989.0,-1.0,67.0,80,80,3350,5,9.0,1,1,1,0,1,0,0,16,574.1333333333333
7.0,32,32,2048.0,32000,-1.0,-1.0,1,0,0,0,0,1,0,0,0,0,1,0,16896,528,0,132,24,528,67.0,34.0,-1.0,1979.0,1979.0,989.0,-1.0,67.0,80,80,3350,5,9.0,1,1,1,0,1,0,0,32,699.6
7.0,32,32,2048.0,32000,-1.0,-1.0,1,0,0,0,0,1,0,0,0,0,1,0,16896,528,0,132,24,528,67.0,34.0,-1.0,1979.0,1979.0,989.0,-1.0,67.0,80,80,3350,5,9.0,1,1,1,0,1,0,0,64,744.3666666666667
7.0,32,32,2048.0,32000,-1.0,-1.0,1,0,0,0,0,1,0,0,0,0,1,0,16896,528,0,132,24,528,67.0,34.0,-1.0,1979.0,1979.0,989.0,-1.0,67.0,80,80,3350,5,9.0,1,1,1,0,1,0,0,128,620.125
7.0,32,32,2048.0,32000,-1.0,-1.0,1,0,0,0,0,1,0,0,0,0,1,0,9216,288,72,72,96,288,31.2,0.97,-1.0,125.0,125.0,62.5,-1.0,-1.0,24,48,600,4,8.6,0,0,2,1,0,0,0,1,45.88333333333333
7.0,32,32,2048.0,32000,-1.0,-1.0,1,0,0,0,0,1,0,0,0,0,1,0,9216,288,72,72,96,288,31.2,0.97,-1.0,125.0,125.0,62.5,-1.0,-1.0,24,48,600,4,8.6,0,0,2,1,0,0,0,2,76.4
7.0,32,32,2048.0,32000,-1.0,-1.0,1,0,0,0,0,1,0,0,0,0,1,0,9216,288,72,72,96,288,31.2,0.97,-1.0,125.0,125.0,62.5,-1.0,-1.0,24,48,600,4,8.6,0,0,2,1,0,0,0,4,125.575
7.0,32,32,2048.0,32000,-1.0,-1.0,1,0,0,0,0,1,0,0,0,0,1,0,9216,288,72,72,96,288,31.2,0.97,-1.0,125.0,125.0,62.5,-1.0,-1.0,24,48,600,4,8.6,0,0,2,1,0,0,0,8,189.16666666666663
7.0,32,32,2048.0,32000,-1.0,-1.0,1,0,0,0,0,1,0,0,0,0,1,0,9216,288,72,72,96,288,31.2,0.97,-1.0,125.0,125.0,62.5,-1.0,-1.0,24,48,600,4,8.6,0,0,2,1,0,0,0,16,272.39166666666665
7.0,32,32,2048.0,32000,-1.0,-1.0,1,0,0,0,0,1,0,0,0,0,1,0,9216,288,72,72,96,288,31.2,0.97,-1.0,125.0,125.0,62.5,-1.0,-1.0,24,48,600,4,8.6,0,0,2,1,0,0,0,32,348.55833333333334
7.0,32,32,2048.0,32000,-1.0,-1.0,1,0,0,0,0,1,0,0,0,0,1,0,9216,288,72,72,96,288,31.2,0.97,-1.0,125.0,125.0,62.5,-1.0,-1.0,24,48,600,4,8.6,0,0,2,1,0,0,0,64,372.64166666666665
7.0,32,32,2048.0,32000,-1.0,-1.0,1,0,0,0,0,1,0,0,0,0,1,0,9216,288,72,72,96,288,31.2,0.97,-1.0,125.0,125.0,62.5,-1.0,-1.0,24,48,600,4,8.6,0,0,2,1,0,0,0,128,366.3
7.0,32,32,2048.0,32000,-1.0,-1.0,1,0,0,0,0,1,0,0,0,0,1,0,6912,432,0,108,160,432,19.5,9.7,-1.0,312.0,312.0,-1.0,156.0,19.5,40,80,1555,4,8.0,0,0,2,1,0,0,0,1,62.266666666666666
7.0,32,32,2048.0,32000,-1.0,-1.0,1,0,0,0,0,1,0,0,0,0,1,0,6912,432,0,108,160,432,19.5,9.7,-1.0,312.0,312.0,-1.0,156.0,19.5,40,80,1555,4,8.0,0,0,2,1,0,0,0,2,105.41666666666669
7.0,32,32,2048.0,32000,-1.0,-1.0,1,0,0,0,0,1,0,0,0,0,1,0,6912,432,0,108,160,432,19.5,9.7,-1.0,312.0,312.0,-1.0,156.0,19.5,40,80,1555,4,8.0,0,0,2,1,0,0,0,4,177.86666666666667
7.0,32,32,2048.0,32000,-1.0,-1.0,1,0,0,0,0,1,0,0,0,0,1,0,6912,432,0,108,160,432,19.5,9.7,-1.0,312.0,312.0,-1.0,156.0,19.5,40,80,1555,4,8.0,0,0,2,1,0,0,0,8,278.6666666666667
7.0,32,32,2048.0,32000,-1.0,-1.0,1,0,0,0,0,1,0,0,0,0,1,0,6912,432,0,108,160,432,19.5,9.7,-1.0,312.0,312.0,-1.0,156.0,19.5,40,80,1555,4,8.0,0,0,2,1,0,0,0,16,440.8416666666666
7.0,32,32,2048.0,32000,-1.0,-1.0,1,0,0,0,0,1,0,0,0,0,1,0,6912,432,0,108,160,432,19.5,9.7,-1.0,312.0,312.0,-1.0,156.0,19.5,40,80,1555,4,8.0,0,0,2,1,0,0,0,32,593.5416666666666
7.0,32,32,2048.0,32000,-1.0,-1.0,1,0,0,0,0,1,0,0,0,0,1,0,6912,432,0,108,160,432,19.5,9.7,-1.0,312.0,312.0,-1.0,156.0,19.5,40,80,1555,4,8.0,0,0,2,1,0,0,0,64,697.15
7.0,32,32,2048.0,32000,-1.0,-1.0,1,0,0,0,0,1,0,0,0,0,1,0,6912,432,0,108,160,432,19.5,9.7,-1.0,312.0,312.0,-1.0,156.0,19.5,40,80,1555,4,8.0,0,0,2,1,0,0,0,128,676.9
7.0,32,32,2048.0,32000,-1.0,-1.0,1,0,0,0,0,1,0,0,0,0,1,0,16896,528,0,132,24,528,67.0,34.0,-1.0,1979.0,1979.0,989.0,-1.0,67.0,80,160,3350,5,9.0,1,1,2,0,1,0,0,1,87.18333333333334
7.0,32,32,2048.0,32000,-1.0,-1.0,1,0,0,0,0,1,0,0,0,0,1,0,16896,528,0,132,24,528,67.0,34.0,-1.0,1979.0,1979.0,989.0,-1.0,67.0,80,160,3350,5,9.0,1,1,2,0,1,0,0,2,143.61666666666667
7.0,32,32,2048.0,32000,-1.0,-1.0,1,0,0,0,0,1,0,0,0,0,1,0,16896,528,0,132,24,528,67.0,34.0,-1.0,1979.0,1979.0,989.0,-1.0,67.0,80,160,3350,5,9.0,1,1,2,0,1,0,0,4,238.25833333333333
7.0,32,32,2048.0,32000,-1.0,-1.0,1,0,0,0,0,1,0,0,0,0,1,0,16896,528,0,132,24,528,67.0,34.0,-1.0,1979.0,1979.0,989.0,-1.0,67.0,80,160,3350,5,9.0,1,1,2,0,1,0,0,8,409.6666666666667
7.0,32,32,2048.0,32000,-1.0,-1.0,1,0,0,0,0,1,0,0,0,0,1,0,16896,528,0,132,24,528,67.0,34.0,-1.0,1979.0,1979.0,989.0,-1.0,67.0,80,160,3350,5,9.0,1,1,2,0,1,0,0,16,650.1916666666667
7.0,32,32,2048.0,32000,-1.0,-1.0,1,0,0,0,0,1,0,0,0,0,1,0,16896,528,0,132,24,528,67.0,34.0,-1.0,1979.0,1979.0,989.0,-1.0,67.0,80,160,3350,5,9.0,1,1,2,0,1,0,0,32,917.6666666666666
7.0,32,32,2048.0,32000,-1.0,-1.0,1,0,0,0,0,1,0,0,0,0,1,0,16896,528,0,132,24,528,67.0,34.0,-1.0,1979.0,1979.0,989.0,-1.0,67.0,80,160,3350,5,9.0,1,1,2,0,1,0,0,64,1090.025
7.0,32,32,2048.0,32000,-1.0,-1.0,1,0,0,0,0,1,0,0,0,0,1,0,16896,528,0,132,24,528,67.0,34.0,-1.0,1979.0,1979.0,989.0,-1.0,67.0,80,160,3350,5,9.0,1,1,2,0,1,0,0,128,1167.275
7.0,32,32,2048.0,32000,-1.0,-1.0,1,0,0,0,0,1,0,0,0,0,1,0,2560,320,40,40,64,160,8.1,0.25,65.0,-1.0,-1.0,-1.0,-1.0,-1.0,16,32,300,3,7.5,0,0,2,0,0,1,0,1,28.4
7.0,32,32,2048.0,32000,-1.0,-1.0,1,0,0,0,0,1,0,0,0,0,1,0,2560,320,40,40,64,160,8.1,0.25,65.0,-1.0,-1.0,-1.0,-1.0,-1.0,16,32,300,3,7.5,0,0,2,0,0,1,0,2,44.34166666666667
7.0,32,32,2048.0,32000,-1.0,-1.0,1,0,0,0,0,1,0,0,0,0,1,0,2560,320,40,40,64,160,8.1,0.25,65.0,-1.0,-1.0,-1.0,-1.0,-1.0,16,32,300,3,7.5,0,0,2,0,0,1,0,4,70.05
7.0,32,32,2048.0,32000,-1.0,-1.0,1,0,0,0,0,1,0,0,0,0,1,0,2560,320,40,40,64,160,8.1,0.25,65.0,-1.0,-1.0,-1.0,-1.0,-1.0,16,32,300,3,7.5,0,0,2,0,0,1,0,8,102.74166666666666
7.0,32,32,2048.0,32000,-1.0,-1.0,1,0,0,0,0,1,0,0,0,0,1,0,2560,320,40,40,64,160,8.1,0.25,65.0,-1.0,-1.0,-1.0,-1.0,-1.0,16,32,300,3,7.5,0,0,2,0,0,1,0,16,135.19166666666666
7.0,32,32,2048.0,32000,-1.0,-1.0,1,0,0,0,0,1,0,0,0,0,1,0,2560,320,40,40,64,160,8.1,0.25,65.0,-1.0,-1.0,-1.0,-1.0,-1.0,16,32,300,3,7.5,0,0,2,0,0,1,0,32,165.13333333333333
7.0,32,32,2048.0,32000,-1.0,-1.0,1,0,0,0,0,1,0,0,0,0,1,0,2560,320,40,40,64,160,8.1,0.25,65.0,-1.0,-1.0,-1.0,-1.0,-1.0,16,32,300,3,7.5,0,0,2,0,0,1,0,64,169.48333333333332
7.0,32,32,2048.0,32000,-1.0,-1.0,1,0,0,0,0,1,0,0,0,0,1,0,2560,320,40,40,64,160,8.1,0.25,65.0,-1.0,-1.0,-1.0,-1.0,-1.0,16,32,300,3,7.5,0,0,2,0,0,1,0,128,15.141666666666667
7.0,32,32,2048.0,32000,-1.0,-1.0,1,0,0,0,0,1,0,0,0,0,1,0,6912,432,0,108,160,432,19.5,9.7,-1.0,312.0,312.0,-1.0,156.0,19.5,40,160,1555,4,8.0,0,0,4,1,0,0,0,1,58.61666666666667
7.0,32,32,2048.0,32000,-1.0,-1.0,1,0,0,0,0,1,0,0,0,0,1,0,6912,432,0,108,160,432,19.5,9.7,-1.0,312.0,312.0,-1.0,156.0,19.5,40,160,1555,4,8.0,0,0,4,1,0,0,0,2,101.15
7.0,32,32,2048.0,32000,-1.0,-1.0,1,0,0,0,0,1,0,0,0,0,1,0,6912,432,0,108,160,432,19.5,9.7,-1.0,312.0,312.0,-1.0,156.0,19.5,40,160,1555,4,8.0,0,0,4,1,0,0,0,4,163.95
7.0,32,32,2048.0,32000,-1.0,-1.0,1,0,0,0,0,1,0,0,0,0,1,0,6912,432,0,108,160,432,19.5,9.7,-1.0,312.0,312.0,-1.0,156.0,19.5,40,160,1555,4,8.0,0,0,4,1,0,0,0,8,258.84166666666664
7.0,32,32,2048.0,32000,-1.0,-1.0,1,0,0,0,0,1,0,0,0,0,1,0,6912,432,0,108,160,432,19.5,9.7,-1.0,312.0,312.0,-1.0,156.0,19.5,40,160,1555,4,8.0,0,0,4,1,0,0,0,16,413.53333333333336
7.0,32,32,2048.0,32000,-1.0,-1.0,1,0,0,0,0,1,0,0,0,0,1,0,6912,432,0,108,160,432,19.5,9.7,-1.0,312.0,312.0,-1.0,156.0,19.5,40,160,1555,4,8.0,0,0,4,1,0,0,0,32,557.6583333333333
7.0,32,32,2048.0,32000,-1.0,-1.0,1,0,0,0,0,1,0,0,0,0,1,0,6912,432,0,108,160,432,19.5,9.7,-1.0,312.0,312.0,-1.0,156.0,19.5,40,160,1555,4,8.0,0,0,4,1,0,0,0,64,648.05
7.0,32,32,2048.0,32000,-1.0,-1.0,1,0,0,0,0,1,0,0,0,0,1,0,6912,432,0,108,160,432,19.5,9.7,-1.0,312.0,312.0,-1.0,156.0,19.5,40,160,1555,4,8.0,0,0,4,1,0,0,0,128,666.3916666666667
7.0,32,32,2048.0,32000,-1.0,-1.0,1,0,0,0,0,1,0,0,0,0,1,0,16896,528,0,132,24,528,67.0,34.0,-1.0,1979.0,1979.0,989.0,-1.0,67.0,80,320,3350,5,9.0,1,1,4,0,1,0,0,1,91.03333333333332
7.0,32,32,2048.0,32000,-1.0,-1.0,1,0,0,0,0,1,0,0,0,0,1,0,16896,528,0,132,24,528,67.0,34.0,-1.0,1979.0,1979.0,989.0,-1.0,67.0,80,320,3350,5,9.0,1,1,4,0,1,0,0,2,146.6
7.0,32,32,2048.0,32000,-1.0,-1.0,1,0,0,0,0,1,0,0,0,0,1,0,16896,528,0,132,24,528,67.0,34.0,-1.0,1979.0,1979.0,989.0,-1.0,67.0,80,320,3350,5,9.0,1,1,4,0,1,0,0,4,243.59166666666667
7.0,32,32,2048.0,32000,-1.0,-1.0,1,0,0,0,0,1,0,0,0,0,1,0,16896,528,0,132,24,528,67.0,34.0,-1.0,1979.0,1979.0,989.0,-1.0,67.0,80,320,3350,5,9.0,1,1,4,0,1,0,0,8,427.175
7.0,32,32,2048.0,32000,-1.0,-1.0,1,0,0,0,0,1,0,0,0,0,1,0,16896,528,0,132,24,528,67.0,34.0,-1.0,1979.0,1979.0,989.0,-1.0,67.0,80,320,3350,5,9.0,1,1,4,0,1,0,0,16,710.025
7.0,32,32,2048.0,32000,-1.0,-1.0,1,0,0,0,0,1,0,0,0,0,1,0,16896,528,0,132,24,528,67.0,34.0,-1.0,1979.0,1979.0,989.0,-1.0,67.0,80,320,3350,5,9.0,1,1,4,0,1,0,0,32,1052.7916666666667
7.0,32,32,2048.0,32000,-1.0,-1.0,1,0,0,0,0,1,0,0,0,0,1,0,16896,528,0,132,24,528,67.0,34.0,-1.0,1979.0,1979.0,989.0,-1.0,67.0,80,320,3350,5,9.0,1,1,4,0,1,0,0,64,1296.3583333333331
7.0,32,32,2048.0,32000,-1.0,-1.0,1,0,0,0,0,1,0,0,0,0,1,0,16896,528,0,132,24,528,67.0,34.0,-1.0,1979.0,1979.0,989.0,-1.0,67.0,80,320,3350,5,9.0,1,1,4,0,1,0,0,128,1426.35
7.0,32,32,2048.0,32000,-1.0,-1.0,1,0,0,0,0,1,0,0,0,0,1,0,2560,320,40,40,64,160,8.1,0.25,65.0,-1.0,-1.0,-1.0,-1.0,-1.0,16,64,300,3,7.5,0,0,4,0,0,1,0,1,44.71666666666667
7.0,32,32,2048.0,32000,-1.0,-1.0,1,0,0,0,0,1,0,0,0,0,1,0,2560,320,40,40,64,160,8.1,0.25,65.0,-1.0,-1.0,-1.0,-1.0,-1.0,16,64,300,3,7.5,0,0,4,0,0,1,0,2,70.575
7.0,32,32,2048.0,32000,-1.0,-1.0,1,0,0,0,0,1,0,0,0,0,1,0,2560,320,40,40,64,160,8.1,0.25,65.0,-1.0,-1.0,-1.0,-1.0,-1.0,16,64,300,3,7.5,0,0,4,0,0,1,0,4,115.24166666666666
7.0,32,32,2048.0,32000,-1.0,-1.0,1,0,0,0,0,1,0,0,0,0,1,0,2560,320,40,40,64,160,8.1,0.25,65.0,-1.0,-1.0,-1.0,-1.0,-1.0,16,64,300,3,7.5,0,0,4,0,0,1,0,8,168.425
7.0,32,32,2048.0,32000,-1.0,-1.0,1,0,0,0,0,1,0,0,0,0,1,0,2560,320,40,40,64,160,8.1,0.25,65.0,-1.0,-1.0,-1.0,-1.0,-1.0,16,64,300,3,7.5,0,0,4,0,0,1,0,16,231.3333333333333
7.0,32,32,2048.0,32000,-1.0,-1.0,1,0,0,0,0,1,0,0,0,0,1,0,2560,320,40,40,64,160,8.1,0.25,65.0,-1.0,-1.0,-1.0,-1.0,-1.0,16,64,300,3,7.5,0,0,4,0,0,1,0,32,279.1083333333333
7.0,32,32,2048.0,32000,-1.0,-1.0,1,0,0,0,0,1,0,0,0,0,1,0,2560,320,40,40,64,160,8.1,0.25,65.0,-1.0,-1.0,-1.0,-1.0,-1.0,16,64,300,3,7.5,0,0,4,0,0,1,0,64,296.53333333333336
7.0,32,32,2048.0,32000,-1.0,-1.0,1,0,0,0,0,1,0,0,0,0,1,0,2560,320,40,40,64,160,8.1,0.25,65.0,-1.0,-1.0,-1.0,-1.0,-1.0,16,64,300,3,7.5,0,0,4,0,0,1,0,128,274.26666666666665
