model_n_parameters,model_n_layers,model_n_heads,model_n_positions,model_vocabulary_size,model_relative_attention_max_distance,model_relative_attention_n_buckets,model_is_flash_attention,model_is_encoder_decoder,model_type_codegen,model_type_gpt_bigcode,model_type_gpt_neox,model_type_llama,model_type_mpt,model_type_mt5,model_type_t5,model_torch_dtype_bfloat16,model_torch_dtype_float16,model_torch_dtype_float32,gpu_n_cuda_cores,gpu_n_tensor_cores,gpu_n_rt_cores,gpu_n_sms,gpu_n_rops,gpu_n_tmus,gpu_tflops_cuda_fp32,gpu_tflops_cuda_fp64,gpu_tflops_cuda_mixed,gpu_tflops_tc_fp16,gpu_tflops_tc_bf16,gpu_tflops_tc_fp32,gpu_tflops_tc_tf32,gpu_tflops_tc_fp64,gpu_memory_capacity_gb,gpu_memory_capacity_gb_total,gpu_memory_bandwidth,gpu_system_interface_gen,gpu_compute_capability,gpu_is_sxm,gpu_is_nvlink,gpu_n_gpus,gpu_architecture_Ampere,gpu_architecture_Hopper,gpu_architecture_Turing,gpu_architecture_Volta,num_users,median_itl
20.6,44,64,2048.0,50432,-1.0,-1.0,1,0,0,0,1,0,0,0,0,0,1,0,16896,528,0,132,24,528,67.0,34.0,-1.0,1979.0,1979.0,989.0,-1.0,67.0,80,80,3350,5,9.0,1,1,1,0,1,0,0,1,19.0
20.6,44,64,2048.0,50432,-1.0,-1.0,1,0,0,0,1,0,0,0,0,0,1,0,16896,528,0,132,24,528,67.0,34.0,-1.0,1979.0,1979.0,989.0,-1.0,67.0,80,80,3350,5,9.0,1,1,1,0,1,0,0,2,20.0
20.6,44,64,2048.0,50432,-1.0,-1.0,1,0,0,0,1,0,0,0,0,0,1,0,16896,528,0,132,24,528,67.0,34.0,-1.0,1979.0,1979.0,989.0,-1.0,67.0,80,80,3350,5,9.0,1,1,1,0,1,0,0,4,22.0
20.6,44,64,2048.0,50432,-1.0,-1.0,1,0,0,0,1,0,0,0,0,0,1,0,16896,528,0,132,24,528,67.0,34.0,-1.0,1979.0,1979.0,989.0,-1.0,67.0,80,80,3350,5,9.0,1,1,1,0,1,0,0,8,25.0
20.6,44,64,2048.0,50432,-1.0,-1.0,1,0,0,0,1,0,0,0,0,0,1,0,16896,528,0,132,24,528,67.0,34.0,-1.0,1979.0,1979.0,989.0,-1.0,67.0,80,80,3350,5,9.0,1,1,1,0,1,0,0,16,31.0
20.6,44,64,2048.0,50432,-1.0,-1.0,1,0,0,0,1,0,0,0,0,0,1,0,16896,528,0,132,24,528,67.0,34.0,-1.0,1979.0,1979.0,989.0,-1.0,67.0,80,80,3350,5,9.0,1,1,1,0,1,0,0,32,41.0
20.6,44,64,2048.0,50432,-1.0,-1.0,1,0,0,0,1,0,0,0,0,0,1,0,16896,528,0,132,24,528,67.0,34.0,-1.0,1979.0,1979.0,989.0,-1.0,67.0,80,80,3350,5,9.0,1,1,1,0,1,0,0,64,64.0
20.6,44,64,2048.0,50432,-1.0,-1.0,1,0,0,0,1,0,0,0,0,0,1,0,16896,528,0,132,24,528,67.0,34.0,-1.0,1979.0,1979.0,989.0,-1.0,67.0,80,80,3350,5,9.0,1,1,1,0,1,0,0,128,87.0
20.6,44,64,2048.0,50432,-1.0,-1.0,1,0,0,0,1,0,0,0,0,0,1,0,9216,288,72,72,96,288,31.2,0.97,-1.0,125.0,125.0,62.5,-1.0,-1.0,24,48,600,4,8.6,0,0,2,1,0,0,0,1,48.0
20.6,44,64,2048.0,50432,-1.0,-1.0,1,0,0,0,1,0,0,0,0,0,1,0,9216,288,72,72,96,288,31.2,0.97,-1.0,125.0,125.0,62.5,-1.0,-1.0,24,48,600,4,8.6,0,0,2,1,0,0,0,2,54.0
20.6,44,64,2048.0,50432,-1.0,-1.0,1,0,0,0,1,0,0,0,0,0,1,0,9216,288,72,72,96,288,31.2,0.97,-1.0,125.0,125.0,62.5,-1.0,-1.0,24,48,600,4,8.6,0,0,2,1,0,0,0,4,58.0
20.6,44,64,2048.0,50432,-1.0,-1.0,1,0,0,0,1,0,0,0,0,0,1,0,9216,288,72,72,96,288,31.2,0.97,-1.0,125.0,125.0,62.5,-1.0,-1.0,24,48,600,4,8.6,0,0,2,1,0,0,0,8,60.0
20.6,44,64,2048.0,50432,-1.0,-1.0,1,0,0,0,1,0,0,0,0,0,1,0,9216,288,72,72,96,288,31.2,0.97,-1.0,125.0,125.0,62.5,-1.0,-1.0,24,48,600,4,8.6,0,0,2,1,0,0,0,16,61.0
20.6,44,64,2048.0,50432,-1.0,-1.0,1,0,0,0,1,0,0,0,0,0,1,0,9216,288,72,72,96,288,31.2,0.97,-1.0,125.0,125.0,62.5,-1.0,-1.0,24,48,600,4,8.6,0,0,2,1,0,0,0,32,61.0
20.6,44,64,2048.0,50432,-1.0,-1.0,1,0,0,0,1,0,0,0,0,0,1,0,9216,288,72,72,96,288,31.2,0.97,-1.0,125.0,125.0,62.5,-1.0,-1.0,24,48,600,4,8.6,0,0,2,1,0,0,0,64,62.0
20.6,44,64,2048.0,50432,-1.0,-1.0,1,0,0,0,1,0,0,0,0,0,1,0,9216,288,72,72,96,288,31.2,0.97,-1.0,125.0,125.0,62.5,-1.0,-1.0,24,48,600,4,8.6,0,0,2,1,0,0,0,128,62.0
20.6,44,64,2048.0,50432,-1.0,-1.0,1,0,0,0,1,0,0,0,0,0,1,0,6912,432,0,108,160,432,19.5,9.7,-1.0,312.0,312.0,-1.0,156.0,19.5,40,80,1555,4,8.0,0,0,2,1,0,0,0,1,20.0
20.6,44,64,2048.0,50432,-1.0,-1.0,1,0,0,0,1,0,0,0,0,0,1,0,6912,432,0,108,160,432,19.5,9.7,-1.0,312.0,312.0,-1.0,156.0,19.5,40,80,1555,4,8.0,0,0,2,1,0,0,0,2,22.0
20.6,44,64,2048.0,50432,-1.0,-1.0,1,0,0,0,1,0,0,0,0,0,1,0,6912,432,0,108,160,432,19.5,9.7,-1.0,312.0,312.0,-1.0,156.0,19.5,40,80,1555,4,8.0,0,0,2,1,0,0,0,4,26.0
20.6,44,64,2048.0,50432,-1.0,-1.0,1,0,0,0,1,0,0,0,0,0,1,0,6912,432,0,108,160,432,19.5,9.7,-1.0,312.0,312.0,-1.0,156.0,19.5,40,80,1555,4,8.0,0,0,2,1,0,0,0,8,29.0
20.6,44,64,2048.0,50432,-1.0,-1.0,1,0,0,0,1,0,0,0,0,0,1,0,6912,432,0,108,160,432,19.5,9.7,-1.0,312.0,312.0,-1.0,156.0,19.5,40,80,1555,4,8.0,0,0,2,1,0,0,0,16,36.0
20.6,44,64,2048.0,50432,-1.0,-1.0,1,0,0,0,1,0,0,0,0,0,1,0,6912,432,0,108,160,432,19.5,9.7,-1.0,312.0,312.0,-1.0,156.0,19.5,40,80,1555,4,8.0,0,0,2,1,0,0,0,32,50.0
20.6,44,64,2048.0,50432,-1.0,-1.0,1,0,0,0,1,0,0,0,0,0,1,0,6912,432,0,108,160,432,19.5,9.7,-1.0,312.0,312.0,-1.0,156.0,19.5,40,80,1555,4,8.0,0,0,2,1,0,0,0,64,71.0
20.6,44,64,2048.0,50432,-1.0,-1.0,1,0,0,0,1,0,0,0,0,0,1,0,6912,432,0,108,160,432,19.5,9.7,-1.0,312.0,312.0,-1.0,156.0,19.5,40,80,1555,4,8.0,0,0,2,1,0,0,0,128,99.0
20.6,44,64,2048.0,50432,-1.0,-1.0,1,0,0,0,1,0,0,0,0,0,1,0,16896,528,0,132,24,528,67.0,34.0,-1.0,1979.0,1979.0,989.0,-1.0,67.0,80,160,3350,5,9.0,1,1,2,0,1,0,0,1,15.0
20.6,44,64,2048.0,50432,-1.0,-1.0,1,0,0,0,1,0,0,0,0,0,1,0,16896,528,0,132,24,528,67.0,34.0,-1.0,1979.0,1979.0,989.0,-1.0,67.0,80,160,3350,5,9.0,1,1,2,0,1,0,0,2,16.0
20.6,44,64,2048.0,50432,-1.0,-1.0,1,0,0,0,1,0,0,0,0,0,1,0,16896,528,0,132,24,528,67.0,34.0,-1.0,1979.0,1979.0,989.0,-1.0,67.0,80,160,3350,5,9.0,1,1,2,0,1,0,0,4,17.0
20.6,44,64,2048.0,50432,-1.0,-1.0,1,0,0,0,1,0,0,0,0,0,1,0,16896,528,0,132,24,528,67.0,34.0,-1.0,1979.0,1979.0,989.0,-1.0,67.0,80,160,3350,5,9.0,1,1,2,0,1,0,0,8,19.0
20.6,44,64,2048.0,50432,-1.0,-1.0,1,0,0,0,1,0,0,0,0,0,1,0,16896,528,0,132,24,528,67.0,34.0,-1.0,1979.0,1979.0,989.0,-1.0,67.0,80,160,3350,5,9.0,1,1,2,0,1,0,0,16,23.0
20.6,44,64,2048.0,50432,-1.0,-1.0,1,0,0,0,1,0,0,0,0,0,1,0,16896,528,0,132,24,528,67.0,34.0,-1.0,1979.0,1979.0,989.0,-1.0,67.0,80,160,3350,5,9.0,1,1,2,0,1,0,0,32,31.0
20.6,44,64,2048.0,50432,-1.0,-1.0,1,0,0,0,1,0,0,0,0,0,1,0,16896,528,0,132,24,528,67.0,34.0,-1.0,1979.0,1979.0,989.0,-1.0,67.0,80,160,3350,5,9.0,1,1,2,0,1,0,0,64,52.0
20.6,44,64,2048.0,50432,-1.0,-1.0,1,0,0,0,1,0,0,0,0,0,1,0,16896,528,0,132,24,528,67.0,34.0,-1.0,1979.0,1979.0,989.0,-1.0,67.0,80,160,3350,5,9.0,1,1,2,0,1,0,0,128,98.0
20.6,44,64,2048.0,50432,-1.0,-1.0,1,0,0,0,1,0,0,0,0,0,1,0,6912,432,0,108,160,432,19.5,9.7,-1.0,312.0,312.0,-1.0,156.0,19.5,40,160,1555,4,8.0,0,0,4,1,0,0,0,1,19.0
20.6,44,64,2048.0,50432,-1.0,-1.0,1,0,0,0,1,0,0,0,0,0,1,0,6912,432,0,108,160,432,19.5,9.7,-1.0,312.0,312.0,-1.0,156.0,19.5,40,160,1555,4,8.0,0,0,4,1,0,0,0,2,20.0
20.6,44,64,2048.0,50432,-1.0,-1.0,1,0,0,0,1,0,0,0,0,0,1,0,6912,432,0,108,160,432,19.5,9.7,-1.0,312.0,312.0,-1.0,156.0,19.5,40,160,1555,4,8.0,0,0,4,1,0,0,0,4,21.0
20.6,44,64,2048.0,50432,-1.0,-1.0,1,0,0,0,1,0,0,0,0,0,1,0,6912,432,0,108,160,432,19.5,9.7,-1.0,312.0,312.0,-1.0,156.0,19.5,40,160,1555,4,8.0,0,0,4,1,0,0,0,8,23.0
20.6,44,64,2048.0,50432,-1.0,-1.0,1,0,0,0,1,0,0,0,0,0,1,0,6912,432,0,108,160,432,19.5,9.7,-1.0,312.0,312.0,-1.0,156.0,19.5,40,160,1555,4,8.0,0,0,4,1,0,0,0,16,27.0
20.6,44,64,2048.0,50432,-1.0,-1.0,1,0,0,0,1,0,0,0,0,0,1,0,6912,432,0,108,160,432,19.5,9.7,-1.0,312.0,312.0,-1.0,156.0,19.5,40,160,1555,4,8.0,0,0,4,1,0,0,0,32,37.0
20.6,44,64,2048.0,50432,-1.0,-1.0,1,0,0,0,1,0,0,0,0,0,1,0,6912,432,0,108,160,432,19.5,9.7,-1.0,312.0,312.0,-1.0,156.0,19.5,40,160,1555,4,8.0,0,0,4,1,0,0,0,64,59.0
20.6,44,64,2048.0,50432,-1.0,-1.0,1,0,0,0,1,0,0,0,0,0,1,0,6912,432,0,108,160,432,19.5,9.7,-1.0,312.0,312.0,-1.0,156.0,19.5,40,160,1555,4,8.0,0,0,4,1,0,0,0,128,102.0
20.6,44,64,2048.0,50432,-1.0,-1.0,1,0,0,0,1,0,0,0,0,0,1,0,16896,528,0,132,24,528,67.0,34.0,-1.0,1979.0,1979.0,989.0,-1.0,67.0,80,320,3350,5,9.0,1,1,4,0,1,0,0,1,14.0
20.6,44,64,2048.0,50432,-1.0,-1.0,1,0,0,0,1,0,0,0,0,0,1,0,16896,528,0,132,24,528,67.0,34.0,-1.0,1979.0,1979.0,989.0,-1.0,67.0,80,320,3350,5,9.0,1,1,4,0,1,0,0,2,16.0
20.6,44,64,2048.0,50432,-1.0,-1.0,1,0,0,0,1,0,0,0,0,0,1,0,16896,528,0,132,24,528,67.0,34.0,-1.0,1979.0,1979.0,989.0,-1.0,67.0,80,320,3350,5,9.0,1,1,4,0,1,0,0,4,16.0
20.6,44,64,2048.0,50432,-1.0,-1.0,1,0,0,0,1,0,0,0,0,0,1,0,16896,528,0,132,24,528,67.0,34.0,-1.0,1979.0,1979.0,989.0,-1.0,67.0,80,320,3350,5,9.0,1,1,4,0,1,0,0,8,18.0
20.6,44,64,2048.0,50432,-1.0,-1.0,1,0,0,0,1,0,0,0,0,0,1,0,16896,528,0,132,24,528,67.0,34.0,-1.0,1979.0,1979.0,989.0,-1.0,67.0,80,320,3350,5,9.0,1,1,4,0,1,0,0,16,21.0
20.6,44,64,2048.0,50432,-1.0,-1.0,1,0,0,0,1,0,0,0,0,0,1,0,16896,528,0,132,24,528,67.0,34.0,-1.0,1979.0,1979.0,989.0,-1.0,67.0,80,320,3350,5,9.0,1,1,4,0,1,0,0,32,26.0
20.6,44,64,2048.0,50432,-1.0,-1.0,1,0,0,0,1,0,0,0,0,0,1,0,16896,528,0,132,24,528,67.0,34.0,-1.0,1979.0,1979.0,989.0,-1.0,67.0,80,320,3350,5,9.0,1,1,4,0,1,0,0,64,39.0
20.6,44,64,2048.0,50432,-1.0,-1.0,1,0,0,0,1,0,0,0,0,0,1,0,16896,528,0,132,24,528,67.0,34.0,-1.0,1979.0,1979.0,989.0,-1.0,67.0,80,320,3350,5,9.0,1,1,4,0,1,0,0,128,69.0
20.6,44,64,2048.0,50432,-1.0,-1.0,1,0,0,0,1,0,0,0,0,0,1,0,2560,320,40,40,64,160,8.1,0.25,65.0,-1.0,-1.0,-1.0,-1.0,-1.0,16,64,300,3,7.5,0,0,4,0,0,1,0,1,52.0
20.6,44,64,2048.0,50432,-1.0,-1.0,1,0,0,0,1,0,0,0,0,0,1,0,2560,320,40,40,64,160,8.1,0.25,65.0,-1.0,-1.0,-1.0,-1.0,-1.0,16,64,300,3,7.5,0,0,4,0,0,1,0,2,54.0
20.6,44,64,2048.0,50432,-1.0,-1.0,1,0,0,0,1,0,0,0,0,0,1,0,2560,320,40,40,64,160,8.1,0.25,65.0,-1.0,-1.0,-1.0,-1.0,-1.0,16,64,300,3,7.5,0,0,4,0,0,1,0,4,59.0
20.6,44,64,2048.0,50432,-1.0,-1.0,1,0,0,0,1,0,0,0,0,0,1,0,2560,320,40,40,64,160,8.1,0.25,65.0,-1.0,-1.0,-1.0,-1.0,-1.0,16,64,300,3,7.5,0,0,4,0,0,1,0,8,66.0
20.6,44,64,2048.0,50432,-1.0,-1.0,1,0,0,0,1,0,0,0,0,0,1,0,2560,320,40,40,64,160,8.1,0.25,65.0,-1.0,-1.0,-1.0,-1.0,-1.0,16,64,300,3,7.5,0,0,4,0,0,1,0,16,78.0
20.6,44,64,2048.0,50432,-1.0,-1.0,1,0,0,0,1,0,0,0,0,0,1,0,2560,320,40,40,64,160,8.1,0.25,65.0,-1.0,-1.0,-1.0,-1.0,-1.0,16,64,300,3,7.5,0,0,4,0,0,1,0,32,95.0
20.6,44,64,2048.0,50432,-1.0,-1.0,1,0,0,0,1,0,0,0,0,0,1,0,2560,320,40,40,64,160,8.1,0.25,65.0,-1.0,-1.0,-1.0,-1.0,-1.0,16,64,300,3,7.5,0,0,4,0,0,1,0,64,97.0
20.6,44,64,2048.0,50432,-1.0,-1.0,1,0,0,0,1,0,0,0,0,0,1,0,2560,320,40,40,64,160,8.1,0.25,65.0,-1.0,-1.0,-1.0,-1.0,-1.0,16,64,300,3,7.5,0,0,4,0,0,1,0,128,104.0
16.0,34,24,2048.0,51200,-1.0,-1.0,0,0,1,0,0,0,0,0,0,0,0,1,16896,528,0,132,24,528,67.0,34.0,-1.0,1979.0,1979.0,989.0,-1.0,67.0,80,80,3350,5,9.0,1,1,1,0,1,0,0,1,24.0
16.0,34,24,2048.0,51200,-1.0,-1.0,0,0,1,0,0,0,0,0,0,0,0,1,16896,528,0,132,24,528,67.0,34.0,-1.0,1979.0,1979.0,989.0,-1.0,67.0,80,80,3350,5,9.0,1,1,1,0,1,0,0,2,25.0
16.0,34,24,2048.0,51200,-1.0,-1.0,0,0,1,0,0,0,0,0,0,0,0,1,16896,528,0,132,24,528,67.0,34.0,-1.0,1979.0,1979.0,989.0,-1.0,67.0,80,80,3350,5,9.0,1,1,1,0,1,0,0,4,28.0
16.0,34,24,2048.0,51200,-1.0,-1.0,0,0,1,0,0,0,0,0,0,0,0,1,16896,528,0,132,24,528,67.0,34.0,-1.0,1979.0,1979.0,989.0,-1.0,67.0,80,80,3350,5,9.0,1,1,1,0,1,0,0,8,30.0
16.0,34,24,2048.0,51200,-1.0,-1.0,0,0,1,0,0,0,0,0,0,0,0,1,16896,528,0,132,24,528,67.0,34.0,-1.0,1979.0,1979.0,989.0,-1.0,67.0,80,80,3350,5,9.0,1,1,1,0,1,0,0,16,31.0
16.0,34,24,2048.0,51200,-1.0,-1.0,0,0,1,0,0,0,0,0,0,0,0,1,16896,528,0,132,24,528,67.0,34.0,-1.0,1979.0,1979.0,989.0,-1.0,67.0,80,80,3350,5,9.0,1,1,1,0,1,0,0,32,32.0
16.0,34,24,2048.0,51200,-1.0,-1.0,0,0,1,0,0,0,0,0,0,0,0,1,16896,528,0,132,24,528,67.0,34.0,-1.0,1979.0,1979.0,989.0,-1.0,67.0,80,80,3350,5,9.0,1,1,1,0,1,0,0,64,32.0
16.0,34,24,2048.0,51200,-1.0,-1.0,0,0,1,0,0,0,0,0,0,0,0,1,16896,528,0,132,24,528,67.0,34.0,-1.0,1979.0,1979.0,989.0,-1.0,67.0,80,80,3350,5,9.0,1,1,1,0,1,0,0,128,33.0
15.5,40,48,8192.0,49152,-1.0,-1.0,1,0,0,1,0,0,0,0,0,0,0,1,6912,432,0,108,160,432,19.5,9.7,-1.0,312.0,312.0,-1.0,156.0,19.5,40,40,1555,4,8.0,0,0,1,1,0,0,0,1,27.0
15.5,40,48,8192.0,49152,-1.0,-1.0,1,0,0,1,0,0,0,0,0,0,0,1,6912,432,0,108,160,432,19.5,9.7,-1.0,312.0,312.0,-1.0,156.0,19.5,40,40,1555,4,8.0,0,0,1,1,0,0,0,2,28.0
15.5,40,48,8192.0,49152,-1.0,-1.0,1,0,0,1,0,0,0,0,0,0,0,1,6912,432,0,108,160,432,19.5,9.7,-1.0,312.0,312.0,-1.0,156.0,19.5,40,40,1555,4,8.0,0,0,1,1,0,0,0,4,29.0
15.5,40,48,8192.0,49152,-1.0,-1.0,1,0,0,1,0,0,0,0,0,0,0,1,6912,432,0,108,160,432,19.5,9.7,-1.0,312.0,312.0,-1.0,156.0,19.5,40,40,1555,4,8.0,0,0,1,1,0,0,0,8,31.0
15.5,40,48,8192.0,49152,-1.0,-1.0,1,0,0,1,0,0,0,0,0,0,0,1,6912,432,0,108,160,432,19.5,9.7,-1.0,312.0,312.0,-1.0,156.0,19.5,40,40,1555,4,8.0,0,0,1,1,0,0,0,16,36.0
15.5,40,48,8192.0,49152,-1.0,-1.0,1,0,0,1,0,0,0,0,0,0,0,1,6912,432,0,108,160,432,19.5,9.7,-1.0,312.0,312.0,-1.0,156.0,19.5,40,40,1555,4,8.0,0,0,1,1,0,0,0,32,43.0
15.5,40,48,8192.0,49152,-1.0,-1.0,1,0,0,1,0,0,0,0,0,0,0,1,6912,432,0,108,160,432,19.5,9.7,-1.0,312.0,312.0,-1.0,156.0,19.5,40,40,1555,4,8.0,0,0,1,1,0,0,0,64,59.0
15.5,40,48,8192.0,49152,-1.0,-1.0,1,0,0,1,0,0,0,0,0,0,0,1,6912,432,0,108,160,432,19.5,9.7,-1.0,312.0,312.0,-1.0,156.0,19.5,40,40,1555,4,8.0,0,0,1,1,0,0,0,128,88.0
15.5,40,48,8192.0,49152,-1.0,-1.0,1,0,0,1,0,0,0,0,0,0,0,1,16896,528,0,132,24,528,67.0,34.0,-1.0,1979.0,1979.0,989.0,-1.0,67.0,80,80,3350,5,9.0,1,1,1,0,1,0,0,1,15.0
15.5,40,48,8192.0,49152,-1.0,-1.0,1,0,0,1,0,0,0,0,0,0,0,1,16896,528,0,132,24,528,67.0,34.0,-1.0,1979.0,1979.0,989.0,-1.0,67.0,80,80,3350,5,9.0,1,1,1,0,1,0,0,2,15.0
15.5,40,48,8192.0,49152,-1.0,-1.0,1,0,0,1,0,0,0,0,0,0,0,1,16896,528,0,132,24,528,67.0,34.0,-1.0,1979.0,1979.0,989.0,-1.0,67.0,80,80,3350,5,9.0,1,1,1,0,1,0,0,4,17.0
15.5,40,48,8192.0,49152,-1.0,-1.0,1,0,0,1,0,0,0,0,0,0,0,1,16896,528,0,132,24,528,67.0,34.0,-1.0,1979.0,1979.0,989.0,-1.0,67.0,80,80,3350,5,9.0,1,1,1,0,1,0,0,8,18.0
15.5,40,48,8192.0,49152,-1.0,-1.0,1,0,0,1,0,0,0,0,0,0,0,1,16896,528,0,132,24,528,67.0,34.0,-1.0,1979.0,1979.0,989.0,-1.0,67.0,80,80,3350,5,9.0,1,1,1,0,1,0,0,16,21.0
15.5,40,48,8192.0,49152,-1.0,-1.0,1,0,0,1,0,0,0,0,0,0,0,1,16896,528,0,132,24,528,67.0,34.0,-1.0,1979.0,1979.0,989.0,-1.0,67.0,80,80,3350,5,9.0,1,1,1,0,1,0,0,32,25.0
15.5,40,48,8192.0,49152,-1.0,-1.0,1,0,0,1,0,0,0,0,0,0,0,1,16896,528,0,132,24,528,67.0,34.0,-1.0,1979.0,1979.0,989.0,-1.0,67.0,80,80,3350,5,9.0,1,1,1,0,1,0,0,64,36.0
15.5,40,48,8192.0,49152,-1.0,-1.0,1,0,0,1,0,0,0,0,0,0,0,1,16896,528,0,132,24,528,67.0,34.0,-1.0,1979.0,1979.0,989.0,-1.0,67.0,80,80,3350,5,9.0,1,1,1,0,1,0,0,128,58.0
15.5,40,48,8192.0,49152,-1.0,-1.0,1,0,0,1,0,0,0,0,0,0,0,1,9216,288,72,72,96,288,31.2,0.97,-1.0,125.0,125.0,62.5,-1.0,-1.0,24,48,600,4,8.6,0,0,2,1,0,0,0,1,38.0
15.5,40,48,8192.0,49152,-1.0,-1.0,1,0,0,1,0,0,0,0,0,0,0,1,9216,288,72,72,96,288,31.2,0.97,-1.0,125.0,125.0,62.5,-1.0,-1.0,24,48,600,4,8.6,0,0,2,1,0,0,0,2,43.0
15.5,40,48,8192.0,49152,-1.0,-1.0,1,0,0,1,0,0,0,0,0,0,0,1,9216,288,72,72,96,288,31.2,0.97,-1.0,125.0,125.0,62.5,-1.0,-1.0,24,48,600,4,8.6,0,0,2,1,0,0,0,4,46.0
15.5,40,48,8192.0,49152,-1.0,-1.0,1,0,0,1,0,0,0,0,0,0,0,1,9216,288,72,72,96,288,31.2,0.97,-1.0,125.0,125.0,62.5,-1.0,-1.0,24,48,600,4,8.6,0,0,2,1,0,0,0,8,49.0
15.5,40,48,8192.0,49152,-1.0,-1.0,1,0,0,1,0,0,0,0,0,0,0,1,9216,288,72,72,96,288,31.2,0.97,-1.0,125.0,125.0,62.5,-1.0,-1.0,24,48,600,4,8.6,0,0,2,1,0,0,0,16,54.0
15.5,40,48,8192.0,49152,-1.0,-1.0,1,0,0,1,0,0,0,0,0,0,0,1,9216,288,72,72,96,288,31.2,0.97,-1.0,125.0,125.0,62.5,-1.0,-1.0,24,48,600,4,8.6,0,0,2,1,0,0,0,32,64.0
15.5,40,48,8192.0,49152,-1.0,-1.0,1,0,0,1,0,0,0,0,0,0,0,1,9216,288,72,72,96,288,31.2,0.97,-1.0,125.0,125.0,62.5,-1.0,-1.0,24,48,600,4,8.6,0,0,2,1,0,0,0,64,82.0
15.5,40,48,8192.0,49152,-1.0,-1.0,1,0,0,1,0,0,0,0,0,0,0,1,9216,288,72,72,96,288,31.2,0.97,-1.0,125.0,125.0,62.5,-1.0,-1.0,24,48,600,4,8.6,0,0,2,1,0,0,0,128,121.0
15.5,40,48,8192.0,49152,-1.0,-1.0,1,0,0,1,0,0,0,0,0,0,0,1,6912,432,0,108,160,432,19.5,9.7,-1.0,312.0,312.0,-1.0,156.0,19.5,40,80,1555,4,8.0,0,0,2,1,0,0,0,1,18.0
15.5,40,48,8192.0,49152,-1.0,-1.0,1,0,0,1,0,0,0,0,0,0,0,1,6912,432,0,108,160,432,19.5,9.7,-1.0,312.0,312.0,-1.0,156.0,19.5,40,80,1555,4,8.0,0,0,2,1,0,0,0,2,19.0
15.5,40,48,8192.0,49152,-1.0,-1.0,1,0,0,1,0,0,0,0,0,0,0,1,6912,432,0,108,160,432,19.5,9.7,-1.0,312.0,312.0,-1.0,156.0,19.5,40,80,1555,4,8.0,0,0,2,1,0,0,0,4,21.0
15.5,40,48,8192.0,49152,-1.0,-1.0,1,0,0,1,0,0,0,0,0,0,0,1,6912,432,0,108,160,432,19.5,9.7,-1.0,312.0,312.0,-1.0,156.0,19.5,40,80,1555,4,8.0,0,0,2,1,0,0,0,8,23.0
15.5,40,48,8192.0,49152,-1.0,-1.0,1,0,0,1,0,0,0,0,0,0,0,1,6912,432,0,108,160,432,19.5,9.7,-1.0,312.0,312.0,-1.0,156.0,19.5,40,80,1555,4,8.0,0,0,2,1,0,0,0,16,27.0
15.5,40,48,8192.0,49152,-1.0,-1.0,1,0,0,1,0,0,0,0,0,0,0,1,6912,432,0,108,160,432,19.5,9.7,-1.0,312.0,312.0,-1.0,156.0,19.5,40,80,1555,4,8.0,0,0,2,1,0,0,0,32,34.0
15.5,40,48,8192.0,49152,-1.0,-1.0,1,0,0,1,0,0,0,0,0,0,0,1,6912,432,0,108,160,432,19.5,9.7,-1.0,312.0,312.0,-1.0,156.0,19.5,40,80,1555,4,8.0,0,0,2,1,0,0,0,64,49.0
15.5,40,48,8192.0,49152,-1.0,-1.0,1,0,0,1,0,0,0,0,0,0,0,1,6912,432,0,108,160,432,19.5,9.7,-1.0,312.0,312.0,-1.0,156.0,19.5,40,80,1555,4,8.0,0,0,2,1,0,0,0,128,79.0
15.5,40,48,8192.0,49152,-1.0,-1.0,1,0,0,1,0,0,0,0,0,0,0,1,16896,528,0,132,24,528,67.0,34.0,-1.0,1979.0,1979.0,989.0,-1.0,67.0,80,160,3350,5,9.0,1,1,2,0,1,0,0,1,13.0
15.5,40,48,8192.0,49152,-1.0,-1.0,1,0,0,1,0,0,0,0,0,0,0,1,16896,528,0,132,24,528,67.0,34.0,-1.0,1979.0,1979.0,989.0,-1.0,67.0,80,160,3350,5,9.0,1,1,2,0,1,0,0,2,14.0
15.5,40,48,8192.0,49152,-1.0,-1.0,1,0,0,1,0,0,0,0,0,0,0,1,16896,528,0,132,24,528,67.0,34.0,-1.0,1979.0,1979.0,989.0,-1.0,67.0,80,160,3350,5,9.0,1,1,2,0,1,0,0,4,15.0
15.5,40,48,8192.0,49152,-1.0,-1.0,1,0,0,1,0,0,0,0,0,0,0,1,16896,528,0,132,24,528,67.0,34.0,-1.0,1979.0,1979.0,989.0,-1.0,67.0,80,160,3350,5,9.0,1,1,2,0,1,0,0,8,16.0
15.5,40,48,8192.0,49152,-1.0,-1.0,1,0,0,1,0,0,0,0,0,0,0,1,16896,528,0,132,24,528,67.0,34.0,-1.0,1979.0,1979.0,989.0,-1.0,67.0,80,160,3350,5,9.0,1,1,2,0,1,0,0,16,18.0
15.5,40,48,8192.0,49152,-1.0,-1.0,1,0,0,1,0,0,0,0,0,0,0,1,16896,528,0,132,24,528,67.0,34.0,-1.0,1979.0,1979.0,989.0,-1.0,67.0,80,160,3350,5,9.0,1,1,2,0,1,0,0,32,22.0
15.5,40,48,8192.0,49152,-1.0,-1.0,1,0,0,1,0,0,0,0,0,0,0,1,16896,528,0,132,24,528,67.0,34.0,-1.0,1979.0,1979.0,989.0,-1.0,67.0,80,160,3350,5,9.0,1,1,2,0,1,0,0,64,32.0
15.5,40,48,8192.0,49152,-1.0,-1.0,1,0,0,1,0,0,0,0,0,0,0,1,16896,528,0,132,24,528,67.0,34.0,-1.0,1979.0,1979.0,989.0,-1.0,67.0,80,160,3350,5,9.0,1,1,2,0,1,0,0,128,53.0
15.5,40,48,8192.0,49152,-1.0,-1.0,1,0,0,1,0,0,0,0,0,0,0,1,6912,432,0,108,160,432,19.5,9.7,-1.0,312.0,312.0,-1.0,156.0,19.5,40,160,1555,4,8.0,0,0,4,1,0,0,0,1,18.0
15.5,40,48,8192.0,49152,-1.0,-1.0,1,0,0,1,0,0,0,0,0,0,0,1,6912,432,0,108,160,432,19.5,9.7,-1.0,312.0,312.0,-1.0,156.0,19.5,40,160,1555,4,8.0,0,0,4,1,0,0,0,2,19.0
15.5,40,48,8192.0,49152,-1.0,-1.0,1,0,0,1,0,0,0,0,0,0,0,1,6912,432,0,108,160,432,19.5,9.7,-1.0,312.0,312.0,-1.0,156.0,19.5,40,160,1555,4,8.0,0,0,4,1,0,0,0,4,20.0
15.5,40,48,8192.0,49152,-1.0,-1.0,1,0,0,1,0,0,0,0,0,0,0,1,6912,432,0,108,160,432,19.5,9.7,-1.0,312.0,312.0,-1.0,156.0,19.5,40,160,1555,4,8.0,0,0,4,1,0,0,0,8,21.0
15.5,40,48,8192.0,49152,-1.0,-1.0,1,0,0,1,0,0,0,0,0,0,0,1,6912,432,0,108,160,432,19.5,9.7,-1.0,312.0,312.0,-1.0,156.0,19.5,40,160,1555,4,8.0,0,0,4,1,0,0,0,16,24.0
15.5,40,48,8192.0,49152,-1.0,-1.0,1,0,0,1,0,0,0,0,0,0,0,1,6912,432,0,108,160,432,19.5,9.7,-1.0,312.0,312.0,-1.0,156.0,19.5,40,160,1555,4,8.0,0,0,4,1,0,0,0,32,31.0
15.5,40,48,8192.0,49152,-1.0,-1.0,1,0,0,1,0,0,0,0,0,0,0,1,6912,432,0,108,160,432,19.5,9.7,-1.0,312.0,312.0,-1.0,156.0,19.5,40,160,1555,4,8.0,0,0,4,1,0,0,0,64,45.0
15.5,40,48,8192.0,49152,-1.0,-1.0,1,0,0,1,0,0,0,0,0,0,0,1,6912,432,0,108,160,432,19.5,9.7,-1.0,312.0,312.0,-1.0,156.0,19.5,40,160,1555,4,8.0,0,0,4,1,0,0,0,128,75.0
15.5,40,48,8192.0,49152,-1.0,-1.0,1,0,0,1,0,0,0,0,0,0,0,1,16896,528,0,132,24,528,67.0,34.0,-1.0,1979.0,1979.0,989.0,-1.0,67.0,80,320,3350,5,9.0,1,1,4,0,1,0,0,1,13.0
15.5,40,48,8192.0,49152,-1.0,-1.0,1,0,0,1,0,0,0,0,0,0,0,1,16896,528,0,132,24,528,67.0,34.0,-1.0,1979.0,1979.0,989.0,-1.0,67.0,80,320,3350,5,9.0,1,1,4,0,1,0,0,2,14.0
15.5,40,48,8192.0,49152,-1.0,-1.0,1,0,0,1,0,0,0,0,0,0,0,1,16896,528,0,132,24,528,67.0,34.0,-1.0,1979.0,1979.0,989.0,-1.0,67.0,80,320,3350,5,9.0,1,1,4,0,1,0,0,4,15.0
15.5,40,48,8192.0,49152,-1.0,-1.0,1,0,0,1,0,0,0,0,0,0,0,1,16896,528,0,132,24,528,67.0,34.0,-1.0,1979.0,1979.0,989.0,-1.0,67.0,80,320,3350,5,9.0,1,1,4,0,1,0,0,8,16.0
15.5,40,48,8192.0,49152,-1.0,-1.0,1,0,0,1,0,0,0,0,0,0,0,1,16896,528,0,132,24,528,67.0,34.0,-1.0,1979.0,1979.0,989.0,-1.0,67.0,80,320,3350,5,9.0,1,1,4,0,1,0,0,16,18.0
15.5,40,48,8192.0,49152,-1.0,-1.0,1,0,0,1,0,0,0,0,0,0,0,1,16896,528,0,132,24,528,67.0,34.0,-1.0,1979.0,1979.0,989.0,-1.0,67.0,80,320,3350,5,9.0,1,1,4,0,1,0,0,32,22.0
15.5,40,48,8192.0,49152,-1.0,-1.0,1,0,0,1,0,0,0,0,0,0,0,1,16896,528,0,132,24,528,67.0,34.0,-1.0,1979.0,1979.0,989.0,-1.0,67.0,80,320,3350,5,9.0,1,1,4,0,1,0,0,64,31.0
15.5,40,48,8192.0,49152,-1.0,-1.0,1,0,0,1,0,0,0,0,0,0,0,1,16896,528,0,132,24,528,67.0,34.0,-1.0,1979.0,1979.0,989.0,-1.0,67.0,80,320,3350,5,9.0,1,1,4,0,1,0,0,128,50.0
15.5,40,48,8192.0,49152,-1.0,-1.0,1,0,0,1,0,0,0,0,0,0,0,1,2560,320,40,40,64,160,8.1,0.25,65.0,-1.0,-1.0,-1.0,-1.0,-1.0,16,64,300,3,7.5,0,0,4,0,0,1,0,1,39.0
15.5,40,48,8192.0,49152,-1.0,-1.0,1,0,0,1,0,0,0,0,0,0,0,1,2560,320,40,40,64,160,8.1,0.25,65.0,-1.0,-1.0,-1.0,-1.0,-1.0,16,64,300,3,7.5,0,0,4,0,0,1,0,2,43.0
15.5,40,48,8192.0,49152,-1.0,-1.0,1,0,0,1,0,0,0,0,0,0,0,1,2560,320,40,40,64,160,8.1,0.25,65.0,-1.0,-1.0,-1.0,-1.0,-1.0,16,64,300,3,7.5,0,0,4,0,0,1,0,4,45.0
15.5,40,48,8192.0,49152,-1.0,-1.0,1,0,0,1,0,0,0,0,0,0,0,1,2560,320,40,40,64,160,8.1,0.25,65.0,-1.0,-1.0,-1.0,-1.0,-1.0,16,64,300,3,7.5,0,0,4,0,0,1,0,8,50.0
15.5,40,48,8192.0,49152,-1.0,-1.0,1,0,0,1,0,0,0,0,0,0,0,1,2560,320,40,40,64,160,8.1,0.25,65.0,-1.0,-1.0,-1.0,-1.0,-1.0,16,64,300,3,7.5,0,0,4,0,0,1,0,16,56.0
15.5,40,48,8192.0,49152,-1.0,-1.0,1,0,0,1,0,0,0,0,0,0,0,1,2560,320,40,40,64,160,8.1,0.25,65.0,-1.0,-1.0,-1.0,-1.0,-1.0,16,64,300,3,7.5,0,0,4,0,0,1,0,32,72.0
15.5,40,48,8192.0,49152,-1.0,-1.0,1,0,0,1,0,0,0,0,0,0,0,1,2560,320,40,40,64,160,8.1,0.25,65.0,-1.0,-1.0,-1.0,-1.0,-1.0,16,64,300,3,7.5,0,0,4,0,0,1,0,64,103.0
15.5,40,48,8192.0,49152,-1.0,-1.0,1,0,0,1,0,0,0,0,0,0,0,1,2560,320,40,40,64,160,8.1,0.25,65.0,-1.0,-1.0,-1.0,-1.0,-1.0,16,64,300,3,7.5,0,0,4,0,0,1,0,128,145.0
13.0,24,64,-1.0,250112,128.0,32.0,0,1,0,0,0,0,0,1,0,0,0,1,6912,432,0,108,160,432,19.5,9.7,-1.0,312.0,312.0,-1.0,156.0,19.5,40,40,1555,4,8.0,0,0,1,1,0,0,0,1,22.0
13.0,24,64,-1.0,250112,128.0,32.0,0,1,0,0,0,0,0,1,0,0,0,1,6912,432,0,108,160,432,19.5,9.7,-1.0,312.0,312.0,-1.0,156.0,19.5,40,40,1555,4,8.0,0,0,1,1,0,0,0,2,22.0
13.0,24,64,-1.0,250112,128.0,32.0,0,1,0,0,0,0,0,1,0,0,0,1,6912,432,0,108,160,432,19.5,9.7,-1.0,312.0,312.0,-1.0,156.0,19.5,40,40,1555,4,8.0,0,0,1,1,0,0,0,4,23.0
13.0,24,64,-1.0,250112,128.0,32.0,0,1,0,0,0,0,0,1,0,0,0,1,6912,432,0,108,160,432,19.5,9.7,-1.0,312.0,312.0,-1.0,156.0,19.5,40,40,1555,4,8.0,0,0,1,1,0,0,0,8,25.0
13.0,24,64,-1.0,250112,128.0,32.0,0,1,0,0,0,0,0,1,0,0,0,1,6912,432,0,108,160,432,19.5,9.7,-1.0,312.0,312.0,-1.0,156.0,19.5,40,40,1555,4,8.0,0,0,1,1,0,0,0,16,26.0
13.0,24,64,-1.0,250112,128.0,32.0,0,1,0,0,0,0,0,1,0,0,0,1,6912,432,0,108,160,432,19.5,9.7,-1.0,312.0,312.0,-1.0,156.0,19.5,40,40,1555,4,8.0,0,0,1,1,0,0,0,32,25.0
13.0,24,64,-1.0,250112,128.0,32.0,0,1,0,0,0,0,0,1,0,0,0,1,6912,432,0,108,160,432,19.5,9.7,-1.0,312.0,312.0,-1.0,156.0,19.5,40,40,1555,4,8.0,0,0,1,1,0,0,0,64,26.0
13.0,24,64,-1.0,250112,128.0,32.0,0,1,0,0,0,0,0,1,0,0,0,1,6912,432,0,108,160,432,19.5,9.7,-1.0,312.0,312.0,-1.0,156.0,19.5,40,40,1555,4,8.0,0,0,1,1,0,0,0,128,26.0
13.0,24,64,-1.0,250112,128.0,32.0,0,1,0,0,0,0,0,1,0,0,0,1,16896,528,0,132,24,528,67.0,34.0,-1.0,1979.0,1979.0,989.0,-1.0,67.0,80,80,3350,5,9.0,1,1,1,0,1,0,0,1,16.0
13.0,24,64,-1.0,250112,128.0,32.0,0,1,0,0,0,0,0,1,0,0,0,1,16896,528,0,132,24,528,67.0,34.0,-1.0,1979.0,1979.0,989.0,-1.0,67.0,80,80,3350,5,9.0,1,1,1,0,1,0,0,2,17.0
13.0,24,64,-1.0,250112,128.0,32.0,0,1,0,0,0,0,0,1,0,0,0,1,16896,528,0,132,24,528,67.0,34.0,-1.0,1979.0,1979.0,989.0,-1.0,67.0,80,80,3350,5,9.0,1,1,1,0,1,0,0,4,18.0
13.0,24,64,-1.0,250112,128.0,32.0,0,1,0,0,0,0,0,1,0,0,0,1,16896,528,0,132,24,528,67.0,34.0,-1.0,1979.0,1979.0,989.0,-1.0,67.0,80,80,3350,5,9.0,1,1,1,0,1,0,0,8,20.0
13.0,24,64,-1.0,250112,128.0,32.0,0,1,0,0,0,0,0,1,0,0,0,1,16896,528,0,132,24,528,67.0,34.0,-1.0,1979.0,1979.0,989.0,-1.0,67.0,80,80,3350,5,9.0,1,1,1,0,1,0,0,16,28.0
13.0,24,64,-1.0,250112,128.0,32.0,0,1,0,0,0,0,0,1,0,0,0,1,16896,528,0,132,24,528,67.0,34.0,-1.0,1979.0,1979.0,989.0,-1.0,67.0,80,80,3350,5,9.0,1,1,1,0,1,0,0,32,50.0
13.0,24,64,-1.0,250112,128.0,32.0,0,1,0,0,0,0,0,1,0,0,0,1,16896,528,0,132,24,528,67.0,34.0,-1.0,1979.0,1979.0,989.0,-1.0,67.0,80,80,3350,5,9.0,1,1,1,0,1,0,0,64,93.0
13.0,24,64,-1.0,250112,128.0,32.0,0,1,0,0,0,0,0,1,0,0,0,1,16896,528,0,132,24,528,67.0,34.0,-1.0,1979.0,1979.0,989.0,-1.0,67.0,80,80,3350,5,9.0,1,1,1,0,1,0,0,128,183.0
3.0,24,32,512.0,32128,128.0,32.0,0,1,0,0,0,0,0,0,1,0,0,1,9216,288,72,72,96,288,31.2,0.97,-1.0,125.0,125.0,62.5,-1.0,-1.0,24,24,600,4,8.6,0,0,1,1,0,0,0,1,21.0
3.0,24,32,512.0,32128,128.0,32.0,0,1,0,0,0,0,0,0,1,0,0,1,9216,288,72,72,96,288,31.2,0.97,-1.0,125.0,125.0,62.5,-1.0,-1.0,24,24,600,4,8.6,0,0,1,1,0,0,0,2,21.0
3.0,24,32,512.0,32128,128.0,32.0,0,1,0,0,0,0,0,0,1,0,0,1,9216,288,72,72,96,288,31.2,0.97,-1.0,125.0,125.0,62.5,-1.0,-1.0,24,24,600,4,8.6,0,0,1,1,0,0,0,4,22.0
3.0,24,32,512.0,32128,128.0,32.0,0,1,0,0,0,0,0,0,1,0,0,1,9216,288,72,72,96,288,31.2,0.97,-1.0,125.0,125.0,62.5,-1.0,-1.0,24,24,600,4,8.6,0,0,1,1,0,0,0,8,23.0
3.0,24,32,512.0,32128,128.0,32.0,0,1,0,0,0,0,0,0,1,0,0,1,9216,288,72,72,96,288,31.2,0.97,-1.0,125.0,125.0,62.5,-1.0,-1.0,24,24,600,4,8.6,0,0,1,1,0,0,0,16,29.0
3.0,24,32,512.0,32128,128.0,32.0,0,1,0,0,0,0,0,0,1,0,0,1,9216,288,72,72,96,288,31.2,0.97,-1.0,125.0,125.0,62.5,-1.0,-1.0,24,24,600,4,8.6,0,0,1,1,0,0,0,32,37.0
3.0,24,32,512.0,32128,128.0,32.0,0,1,0,0,0,0,0,0,1,0,0,1,9216,288,72,72,96,288,31.2,0.97,-1.0,125.0,125.0,62.5,-1.0,-1.0,24,24,600,4,8.6,0,0,1,1,0,0,0,64,59.0
3.0,24,32,512.0,32128,128.0,32.0,0,1,0,0,0,0,0,0,1,0,0,1,9216,288,72,72,96,288,31.2,0.97,-1.0,125.0,125.0,62.5,-1.0,-1.0,24,24,600,4,8.6,0,0,1,1,0,0,0,128,71.0
3.0,24,32,512.0,32128,128.0,32.0,0,1,0,0,0,0,0,0,1,0,0,1,6912,432,0,108,160,432,19.5,9.7,-1.0,312.0,312.0,-1.0,156.0,19.5,40,40,1555,4,8.0,0,0,1,1,0,0,0,1,20.0
3.0,24,32,512.0,32128,128.0,32.0,0,1,0,0,0,0,0,0,1,0,0,1,6912,432,0,108,160,432,19.5,9.7,-1.0,312.0,312.0,-1.0,156.0,19.5,40,40,1555,4,8.0,0,0,1,1,0,0,0,2,21.0
3.0,24,32,512.0,32128,128.0,32.0,0,1,0,0,0,0,0,0,1,0,0,1,6912,432,0,108,160,432,19.5,9.7,-1.0,312.0,312.0,-1.0,156.0,19.5,40,40,1555,4,8.0,0,0,1,1,0,0,0,4,21.0
3.0,24,32,512.0,32128,128.0,32.0,0,1,0,0,0,0,0,0,1,0,0,1,6912,432,0,108,160,432,19.5,9.7,-1.0,312.0,312.0,-1.0,156.0,19.5,40,40,1555,4,8.0,0,0,1,1,0,0,0,8,22.0
3.0,24,32,512.0,32128,128.0,32.0,0,1,0,0,0,0,0,0,1,0,0,1,6912,432,0,108,160,432,19.5,9.7,-1.0,312.0,312.0,-1.0,156.0,19.5,40,40,1555,4,8.0,0,0,1,1,0,0,0,16,23.0
3.0,24,32,512.0,32128,128.0,32.0,0,1,0,0,0,0,0,0,1,0,0,1,6912,432,0,108,160,432,19.5,9.7,-1.0,312.0,312.0,-1.0,156.0,19.5,40,40,1555,4,8.0,0,0,1,1,0,0,0,32,24.0
3.0,24,32,512.0,32128,128.0,32.0,0,1,0,0,0,0,0,0,1,0,0,1,6912,432,0,108,160,432,19.5,9.7,-1.0,312.0,312.0,-1.0,156.0,19.5,40,40,1555,4,8.0,0,0,1,1,0,0,0,64,23.0
3.0,24,32,512.0,32128,128.0,32.0,0,1,0,0,0,0,0,0,1,0,0,1,6912,432,0,108,160,432,19.5,9.7,-1.0,312.0,312.0,-1.0,156.0,19.5,40,40,1555,4,8.0,0,0,1,1,0,0,0,128,24.0
3.0,24,32,512.0,32128,128.0,32.0,0,1,0,0,0,0,0,0,1,0,0,1,16896,528,0,132,24,528,67.0,34.0,-1.0,1979.0,1979.0,989.0,-1.0,67.0,80,80,3350,5,9.0,1,1,1,0,1,0,0,1,15.0
3.0,24,32,512.0,32128,128.0,32.0,0,1,0,0,0,0,0,0,1,0,0,1,16896,528,0,132,24,528,67.0,34.0,-1.0,1979.0,1979.0,989.0,-1.0,67.0,80,80,3350,5,9.0,1,1,1,0,1,0,0,2,16.0
3.0,24,32,512.0,32128,128.0,32.0,0,1,0,0,0,0,0,0,1,0,0,1,16896,528,0,132,24,528,67.0,34.0,-1.0,1979.0,1979.0,989.0,-1.0,67.0,80,80,3350,5,9.0,1,1,1,0,1,0,0,4,16.0
3.0,24,32,512.0,32128,128.0,32.0,0,1,0,0,0,0,0,0,1,0,0,1,16896,528,0,132,24,528,67.0,34.0,-1.0,1979.0,1979.0,989.0,-1.0,67.0,80,80,3350,5,9.0,1,1,1,0,1,0,0,8,17.0
3.0,24,32,512.0,32128,128.0,32.0,0,1,0,0,0,0,0,0,1,0,0,1,16896,528,0,132,24,528,67.0,34.0,-1.0,1979.0,1979.0,989.0,-1.0,67.0,80,80,3350,5,9.0,1,1,1,0,1,0,0,16,18.0
3.0,24,32,512.0,32128,128.0,32.0,0,1,0,0,0,0,0,0,1,0,0,1,16896,528,0,132,24,528,67.0,34.0,-1.0,1979.0,1979.0,989.0,-1.0,67.0,80,80,3350,5,9.0,1,1,1,0,1,0,0,32,32.0
3.0,24,32,512.0,32128,128.0,32.0,0,1,0,0,0,0,0,0,1,0,0,1,16896,528,0,132,24,528,67.0,34.0,-1.0,1979.0,1979.0,989.0,-1.0,67.0,80,80,3350,5,9.0,1,1,1,0,1,0,0,64,56.0
3.0,24,32,512.0,32128,128.0,32.0,0,1,0,0,0,0,0,0,1,0,0,1,16896,528,0,132,24,528,67.0,34.0,-1.0,1979.0,1979.0,989.0,-1.0,67.0,80,80,3350,5,9.0,1,1,1,0,1,0,0,128,101.0
3.0,24,32,512.0,32128,128.0,32.0,0,1,0,0,0,0,0,0,1,0,0,1,2560,320,40,40,64,160,8.1,0.25,65.0,-1.0,-1.0,-1.0,-1.0,-1.0,16,16,300,3,7.5,0,0,1,0,0,1,0,1,20.0
3.0,24,32,512.0,32128,128.0,32.0,0,1,0,0,0,0,0,0,1,0,0,1,2560,320,40,40,64,160,8.1,0.25,65.0,-1.0,-1.0,-1.0,-1.0,-1.0,16,16,300,3,7.5,0,0,1,0,0,1,0,2,28.0
3.0,24,32,512.0,32128,128.0,32.0,0,1,0,0,0,0,0,0,1,0,0,1,2560,320,40,40,64,160,8.1,0.25,65.0,-1.0,-1.0,-1.0,-1.0,-1.0,16,16,300,3,7.5,0,0,1,0,0,1,0,4,29.0
3.0,24,32,512.0,32128,128.0,32.0,0,1,0,0,0,0,0,0,1,0,0,1,2560,320,40,40,64,160,8.1,0.25,65.0,-1.0,-1.0,-1.0,-1.0,-1.0,16,16,300,3,7.5,0,0,1,0,0,1,0,8,32.0
3.0,24,32,512.0,32128,128.0,32.0,0,1,0,0,0,0,0,0,1,0,0,1,2560,320,40,40,64,160,8.1,0.25,65.0,-1.0,-1.0,-1.0,-1.0,-1.0,16,16,300,3,7.5,0,0,1,0,0,1,0,16,35.0
3.0,24,32,512.0,32128,128.0,32.0,0,1,0,0,0,0,0,0,1,0,0,1,2560,320,40,40,64,160,8.1,0.25,65.0,-1.0,-1.0,-1.0,-1.0,-1.0,16,16,300,3,7.5,0,0,1,0,0,1,0,32,37.0
3.0,24,32,512.0,32128,128.0,32.0,0,1,0,0,0,0,0,0,1,0,0,1,2560,320,40,40,64,160,8.1,0.25,65.0,-1.0,-1.0,-1.0,-1.0,-1.0,16,16,300,3,7.5,0,0,1,0,0,1,0,64,37.0
3.0,24,32,512.0,32128,128.0,32.0,0,1,0,0,0,0,0,0,1,0,0,1,2560,320,40,40,64,160,8.1,0.25,65.0,-1.0,-1.0,-1.0,-1.0,-1.0,16,16,300,3,7.5,0,0,1,0,0,1,0,128,36.0
3.0,24,32,512.0,32128,128.0,32.0,0,1,0,0,0,0,0,0,1,0,0,1,5120,640,0,80,128,320,14.0,7.0,120.0,112.0,-1.0,-1.0,-1.0,-1.0,16,16,900,3,7.0,0,0,1,0,0,0,1,1,23.0
3.0,24,32,512.0,32128,128.0,32.0,0,1,0,0,0,0,0,0,1,0,0,1,5120,640,0,80,128,320,14.0,7.0,120.0,112.0,-1.0,-1.0,-1.0,-1.0,16,16,900,3,7.0,0,0,1,0,0,0,1,2,24.0
3.0,24,32,512.0,32128,128.0,32.0,0,1,0,0,0,0,0,0,1,0,0,1,5120,640,0,80,128,320,14.0,7.0,120.0,112.0,-1.0,-1.0,-1.0,-1.0,16,16,900,3,7.0,0,0,1,0,0,0,1,4,25.0
3.0,24,32,512.0,32128,128.0,32.0,0,1,0,0,0,0,0,0,1,0,0,1,5120,640,0,80,128,320,14.0,7.0,120.0,112.0,-1.0,-1.0,-1.0,-1.0,16,16,900,3,7.0,0,0,1,0,0,0,1,8,26.0
3.0,24,32,512.0,32128,128.0,32.0,0,1,0,0,0,0,0,0,1,0,0,1,5120,640,0,80,128,320,14.0,7.0,120.0,112.0,-1.0,-1.0,-1.0,-1.0,16,16,900,3,7.0,0,0,1,0,0,0,1,16,27.0
3.0,24,32,512.0,32128,128.0,32.0,0,1,0,0,0,0,0,0,1,0,0,1,5120,640,0,80,128,320,14.0,7.0,120.0,112.0,-1.0,-1.0,-1.0,-1.0,16,16,900,3,7.0,0,0,1,0,0,0,1,32,27.0
3.0,24,32,512.0,32128,128.0,32.0,0,1,0,0,0,0,0,0,1,0,0,1,5120,640,0,80,128,320,14.0,7.0,120.0,112.0,-1.0,-1.0,-1.0,-1.0,16,16,900,3,7.0,0,0,1,0,0,0,1,64,27.0
3.0,24,32,512.0,32128,128.0,32.0,0,1,0,0,0,0,0,0,1,0,0,1,5120,640,0,80,128,320,14.0,7.0,120.0,112.0,-1.0,-1.0,-1.0,-1.0,16,16,900,3,7.0,0,0,1,0,0,0,1,128,27.0
3.0,24,32,512.0,32128,128.0,32.0,0,1,0,0,0,0,0,0,1,0,0,1,9216,288,72,72,96,288,31.2,0.97,-1.0,125.0,125.0,62.5,-1.0,-1.0,24,48,600,4,8.6,0,0,2,1,0,0,0,1,26.0
3.0,24,32,512.0,32128,128.0,32.0,0,1,0,0,0,0,0,0,1,0,0,1,9216,288,72,72,96,288,31.2,0.97,-1.0,125.0,125.0,62.5,-1.0,-1.0,24,48,600,4,8.6,0,0,2,1,0,0,0,2,30.0
3.0,24,32,512.0,32128,128.0,32.0,0,1,0,0,0,0,0,0,1,0,0,1,9216,288,72,72,96,288,31.2,0.97,-1.0,125.0,125.0,62.5,-1.0,-1.0,24,48,600,4,8.6,0,0,2,1,0,0,0,4,30.0
3.0,24,32,512.0,32128,128.0,32.0,0,1,0,0,0,0,0,0,1,0,0,1,9216,288,72,72,96,288,31.2,0.97,-1.0,125.0,125.0,62.5,-1.0,-1.0,24,48,600,4,8.6,0,0,2,1,0,0,0,8,32.0
3.0,24,32,512.0,32128,128.0,32.0,0,1,0,0,0,0,0,0,1,0,0,1,9216,288,72,72,96,288,31.2,0.97,-1.0,125.0,125.0,62.5,-1.0,-1.0,24,48,600,4,8.6,0,0,2,1,0,0,0,16,34.0
3.0,24,32,512.0,32128,128.0,32.0,0,1,0,0,0,0,0,0,1,0,0,1,9216,288,72,72,96,288,31.2,0.97,-1.0,125.0,125.0,62.5,-1.0,-1.0,24,48,600,4,8.6,0,0,2,1,0,0,0,32,47.0
3.0,24,32,512.0,32128,128.0,32.0,0,1,0,0,0,0,0,0,1,0,0,1,9216,288,72,72,96,288,31.2,0.97,-1.0,125.0,125.0,62.5,-1.0,-1.0,24,48,600,4,8.6,0,0,2,1,0,0,0,64,67.0
3.0,24,32,512.0,32128,128.0,32.0,0,1,0,0,0,0,0,0,1,0,0,1,9216,288,72,72,96,288,31.2,0.97,-1.0,125.0,125.0,62.5,-1.0,-1.0,24,48,600,4,8.6,0,0,2,1,0,0,0,128,167.0
3.0,24,32,512.0,32128,128.0,32.0,0,1,0,0,0,0,0,0,1,0,0,1,6912,432,0,108,160,432,19.5,9.7,-1.0,312.0,312.0,-1.0,156.0,19.5,40,80,1555,4,8.0,0,0,2,1,0,0,0,1,25.0
3.0,24,32,512.0,32128,128.0,32.0,0,1,0,0,0,0,0,0,1,0,0,1,6912,432,0,108,160,432,19.5,9.7,-1.0,312.0,312.0,-1.0,156.0,19.5,40,80,1555,4,8.0,0,0,2,1,0,0,0,2,29.0
3.0,24,32,512.0,32128,128.0,32.0,0,1,0,0,0,0,0,0,1,0,0,1,6912,432,0,108,160,432,19.5,9.7,-1.0,312.0,312.0,-1.0,156.0,19.5,40,80,1555,4,8.0,0,0,2,1,0,0,0,4,31.0
3.0,24,32,512.0,32128,128.0,32.0,0,1,0,0,0,0,0,0,1,0,0,1,6912,432,0,108,160,432,19.5,9.7,-1.0,312.0,312.0,-1.0,156.0,19.5,40,80,1555,4,8.0,0,0,2,1,0,0,0,8,32.0
3.0,24,32,512.0,32128,128.0,32.0,0,1,0,0,0,0,0,0,1,0,0,1,6912,432,0,108,160,432,19.5,9.7,-1.0,312.0,312.0,-1.0,156.0,19.5,40,80,1555,4,8.0,0,0,2,1,0,0,0,16,35.0
3.0,24,32,512.0,32128,128.0,32.0,0,1,0,0,0,0,0,0,1,0,0,1,6912,432,0,108,160,432,19.5,9.7,-1.0,312.0,312.0,-1.0,156.0,19.5,40,80,1555,4,8.0,0,0,2,1,0,0,0,32,47.0
3.0,24,32,512.0,32128,128.0,32.0,0,1,0,0,0,0,0,0,1,0,0,1,6912,432,0,108,160,432,19.5,9.7,-1.0,312.0,312.0,-1.0,156.0,19.5,40,80,1555,4,8.0,0,0,2,1,0,0,0,64,66.0
3.0,24,32,512.0,32128,128.0,32.0,0,1,0,0,0,0,0,0,1,0,0,1,6912,432,0,108,160,432,19.5,9.7,-1.0,312.0,312.0,-1.0,156.0,19.5,40,80,1555,4,8.0,0,0,2,1,0,0,0,128,91.0
3.0,24,32,512.0,32128,128.0,32.0,0,1,0,0,0,0,0,0,1,0,0,1,16896,528,0,132,24,528,67.0,34.0,-1.0,1979.0,1979.0,989.0,-1.0,67.0,80,160,3350,5,9.0,1,1,2,0,1,0,0,1,17.0
3.0,24,32,512.0,32128,128.0,32.0,0,1,0,0,0,0,0,0,1,0,0,1,16896,528,0,132,24,528,67.0,34.0,-1.0,1979.0,1979.0,989.0,-1.0,67.0,80,160,3350,5,9.0,1,1,2,0,1,0,0,2,21.0
3.0,24,32,512.0,32128,128.0,32.0,0,1,0,0,0,0,0,0,1,0,0,1,16896,528,0,132,24,528,67.0,34.0,-1.0,1979.0,1979.0,989.0,-1.0,67.0,80,160,3350,5,9.0,1,1,2,0,1,0,0,4,22.0
3.0,24,32,512.0,32128,128.0,32.0,0,1,0,0,0,0,0,0,1,0,0,1,16896,528,0,132,24,528,67.0,34.0,-1.0,1979.0,1979.0,989.0,-1.0,67.0,80,160,3350,5,9.0,1,1,2,0,1,0,0,8,23.0
3.0,24,32,512.0,32128,128.0,32.0,0,1,0,0,0,0,0,0,1,0,0,1,16896,528,0,132,24,528,67.0,34.0,-1.0,1979.0,1979.0,989.0,-1.0,67.0,80,160,3350,5,9.0,1,1,2,0,1,0,0,16,25.0
3.0,24,32,512.0,32128,128.0,32.0,0,1,0,0,0,0,0,0,1,0,0,1,16896,528,0,132,24,528,67.0,34.0,-1.0,1979.0,1979.0,989.0,-1.0,67.0,80,160,3350,5,9.0,1,1,2,0,1,0,0,32,33.0
3.0,24,32,512.0,32128,128.0,32.0,0,1,0,0,0,0,0,0,1,0,0,1,16896,528,0,132,24,528,67.0,34.0,-1.0,1979.0,1979.0,989.0,-1.0,67.0,80,160,3350,5,9.0,1,1,2,0,1,0,0,64,46.0
3.0,24,32,512.0,32128,128.0,32.0,0,1,0,0,0,0,0,0,1,0,0,1,16896,528,0,132,24,528,67.0,34.0,-1.0,1979.0,1979.0,989.0,-1.0,67.0,80,160,3350,5,9.0,1,1,2,0,1,0,0,128,74.0
3.0,24,32,512.0,32128,128.0,32.0,0,1,0,0,0,0,0,0,1,0,0,1,2560,320,40,40,64,160,8.1,0.25,65.0,-1.0,-1.0,-1.0,-1.0,-1.0,16,32,300,3,7.5,0,0,2,0,0,1,0,1,26.0
3.0,24,32,512.0,32128,128.0,32.0,0,1,0,0,0,0,0,0,1,0,0,1,2560,320,40,40,64,160,8.1,0.25,65.0,-1.0,-1.0,-1.0,-1.0,-1.0,16,32,300,3,7.5,0,0,2,0,0,1,0,2,30.0
3.0,24,32,512.0,32128,128.0,32.0,0,1,0,0,0,0,0,0,1,0,0,1,2560,320,40,40,64,160,8.1,0.25,65.0,-1.0,-1.0,-1.0,-1.0,-1.0,16,32,300,3,7.5,0,0,2,0,0,1,0,4,31.0
3.0,24,32,512.0,32128,128.0,32.0,0,1,0,0,0,0,0,0,1,0,0,1,2560,320,40,40,64,160,8.1,0.25,65.0,-1.0,-1.0,-1.0,-1.0,-1.0,16,32,300,3,7.5,0,0,2,0,0,1,0,8,32.0
3.0,24,32,512.0,32128,128.0,32.0,0,1,0,0,0,0,0,0,1,0,0,1,2560,320,40,40,64,160,8.1,0.25,65.0,-1.0,-1.0,-1.0,-1.0,-1.0,16,32,300,3,7.5,0,0,2,0,0,1,0,16,38.0
3.0,24,32,512.0,32128,128.0,32.0,0,1,0,0,0,0,0,0,1,0,0,1,2560,320,40,40,64,160,8.1,0.25,65.0,-1.0,-1.0,-1.0,-1.0,-1.0,16,32,300,3,7.5,0,0,2,0,0,1,0,32,62.0
3.0,24,32,512.0,32128,128.0,32.0,0,1,0,0,0,0,0,0,1,0,0,1,2560,320,40,40,64,160,8.1,0.25,65.0,-1.0,-1.0,-1.0,-1.0,-1.0,16,32,300,3,7.5,0,0,2,0,0,1,0,64,120.0
3.0,24,32,512.0,32128,128.0,32.0,0,1,0,0,0,0,0,0,1,0,0,1,2560,320,40,40,64,160,8.1,0.25,65.0,-1.0,-1.0,-1.0,-1.0,-1.0,16,32,300,3,7.5,0,0,2,0,0,1,0,128,181.0
3.0,24,32,512.0,32128,128.0,32.0,0,1,0,0,0,0,0,0,1,0,0,1,5120,640,0,80,128,320,14.0,7.0,120.0,112.0,-1.0,-1.0,-1.0,-1.0,16,32,900,3,7.0,0,0,2,0,0,0,1,1,29.0
3.0,24,32,512.0,32128,128.0,32.0,0,1,0,0,0,0,0,0,1,0,0,1,5120,640,0,80,128,320,14.0,7.0,120.0,112.0,-1.0,-1.0,-1.0,-1.0,16,32,900,3,7.0,0,0,2,0,0,0,1,2,34.0
3.0,24,32,512.0,32128,128.0,32.0,0,1,0,0,0,0,0,0,1,0,0,1,5120,640,0,80,128,320,14.0,7.0,120.0,112.0,-1.0,-1.0,-1.0,-1.0,16,32,900,3,7.0,0,0,2,0,0,0,1,4,34.0
3.0,24,32,512.0,32128,128.0,32.0,0,1,0,0,0,0,0,0,1,0,0,1,5120,640,0,80,128,320,14.0,7.0,120.0,112.0,-1.0,-1.0,-1.0,-1.0,16,32,900,3,7.0,0,0,2,0,0,0,1,8,36.0
3.0,24,32,512.0,32128,128.0,32.0,0,1,0,0,0,0,0,0,1,0,0,1,5120,640,0,80,128,320,14.0,7.0,120.0,112.0,-1.0,-1.0,-1.0,-1.0,16,32,900,3,7.0,0,0,2,0,0,0,1,16,39.0
3.0,24,32,512.0,32128,128.0,32.0,0,1,0,0,0,0,0,0,1,0,0,1,5120,640,0,80,128,320,14.0,7.0,120.0,112.0,-1.0,-1.0,-1.0,-1.0,16,32,900,3,7.0,0,0,2,0,0,0,1,32,49.0
3.0,24,32,512.0,32128,128.0,32.0,0,1,0,0,0,0,0,0,1,0,0,1,5120,640,0,80,128,320,14.0,7.0,120.0,112.0,-1.0,-1.0,-1.0,-1.0,16,32,900,3,7.0,0,0,2,0,0,0,1,64,62.0
3.0,24,32,512.0,32128,128.0,32.0,0,1,0,0,0,0,0,0,1,0,0,1,5120,640,0,80,128,320,14.0,7.0,120.0,112.0,-1.0,-1.0,-1.0,-1.0,16,32,900,3,7.0,0,0,2,0,0,0,1,128,123.0
3.0,24,32,512.0,32128,128.0,32.0,0,1,0,0,0,0,0,0,1,0,0,1,6912,432,0,108,160,432,19.5,9.7,-1.0,312.0,312.0,-1.0,156.0,19.5,40,160,1555,4,8.0,0,0,4,1,0,0,0,1,28.0
3.0,24,32,512.0,32128,128.0,32.0,0,1,0,0,0,0,0,0,1,0,0,1,6912,432,0,108,160,432,19.5,9.7,-1.0,312.0,312.0,-1.0,156.0,19.5,40,160,1555,4,8.0,0,0,4,1,0,0,0,2,30.0
3.0,24,32,512.0,32128,128.0,32.0,0,1,0,0,0,0,0,0,1,0,0,1,6912,432,0,108,160,432,19.5,9.7,-1.0,312.0,312.0,-1.0,156.0,19.5,40,160,1555,4,8.0,0,0,4,1,0,0,0,4,31.0
3.0,24,32,512.0,32128,128.0,32.0,0,1,0,0,0,0,0,0,1,0,0,1,6912,432,0,108,160,432,19.5,9.7,-1.0,312.0,312.0,-1.0,156.0,19.5,40,160,1555,4,8.0,0,0,4,1,0,0,0,8,33.0
3.0,24,32,512.0,32128,128.0,32.0,0,1,0,0,0,0,0,0,1,0,0,1,6912,432,0,108,160,432,19.5,9.7,-1.0,312.0,312.0,-1.0,156.0,19.5,40,160,1555,4,8.0,0,0,4,1,0,0,0,16,37.0
3.0,24,32,512.0,32128,128.0,32.0,0,1,0,0,0,0,0,0,1,0,0,1,6912,432,0,108,160,432,19.5,9.7,-1.0,312.0,312.0,-1.0,156.0,19.5,40,160,1555,4,8.0,0,0,4,1,0,0,0,32,45.0
3.0,24,32,512.0,32128,128.0,32.0,0,1,0,0,0,0,0,0,1,0,0,1,6912,432,0,108,160,432,19.5,9.7,-1.0,312.0,312.0,-1.0,156.0,19.5,40,160,1555,4,8.0,0,0,4,1,0,0,0,64,58.0
3.0,24,32,512.0,32128,128.0,32.0,0,1,0,0,0,0,0,0,1,0,0,1,6912,432,0,108,160,432,19.5,9.7,-1.0,312.0,312.0,-1.0,156.0,19.5,40,160,1555,4,8.0,0,0,4,1,0,0,0,128,81.0
3.0,24,32,512.0,32128,128.0,32.0,0,1,0,0,0,0,0,0,1,0,0,1,16896,528,0,132,24,528,67.0,34.0,-1.0,1979.0,1979.0,989.0,-1.0,67.0,80,320,3350,5,9.0,1,1,4,0,1,0,0,1,17.0
3.0,24,32,512.0,32128,128.0,32.0,0,1,0,0,0,0,0,0,1,0,0,1,16896,528,0,132,24,528,67.0,34.0,-1.0,1979.0,1979.0,989.0,-1.0,67.0,80,320,3350,5,9.0,1,1,4,0,1,0,0,2,22.0
3.0,24,32,512.0,32128,128.0,32.0,0,1,0,0,0,0,0,0,1,0,0,1,16896,528,0,132,24,528,67.0,34.0,-1.0,1979.0,1979.0,989.0,-1.0,67.0,80,320,3350,5,9.0,1,1,4,0,1,0,0,4,23.0
3.0,24,32,512.0,32128,128.0,32.0,0,1,0,0,0,0,0,0,1,0,0,1,16896,528,0,132,24,528,67.0,34.0,-1.0,1979.0,1979.0,989.0,-1.0,67.0,80,320,3350,5,9.0,1,1,4,0,1,0,0,8,24.0
3.0,24,32,512.0,32128,128.0,32.0,0,1,0,0,0,0,0,0,1,0,0,1,16896,528,0,132,24,528,67.0,34.0,-1.0,1979.0,1979.0,989.0,-1.0,67.0,80,320,3350,5,9.0,1,1,4,0,1,0,0,16,26.0
3.0,24,32,512.0,32128,128.0,32.0,0,1,0,0,0,0,0,0,1,0,0,1,16896,528,0,132,24,528,67.0,34.0,-1.0,1979.0,1979.0,989.0,-1.0,67.0,80,320,3350,5,9.0,1,1,4,0,1,0,0,32,32.0
3.0,24,32,512.0,32128,128.0,32.0,0,1,0,0,0,0,0,0,1,0,0,1,16896,528,0,132,24,528,67.0,34.0,-1.0,1979.0,1979.0,989.0,-1.0,67.0,80,320,3350,5,9.0,1,1,4,0,1,0,0,64,41.0
3.0,24,32,512.0,32128,128.0,32.0,0,1,0,0,0,0,0,0,1,0,0,1,16896,528,0,132,24,528,67.0,34.0,-1.0,1979.0,1979.0,989.0,-1.0,67.0,80,320,3350,5,9.0,1,1,4,0,1,0,0,128,60.0
3.0,24,32,512.0,32128,128.0,32.0,0,1,0,0,0,0,0,0,1,0,0,1,2560,320,40,40,64,160,8.1,0.25,65.0,-1.0,-1.0,-1.0,-1.0,-1.0,16,64,300,3,7.5,0,0,4,0,0,1,0,1,26.0
3.0,24,32,512.0,32128,128.0,32.0,0,1,0,0,0,0,0,0,1,0,0,1,2560,320,40,40,64,160,8.1,0.25,65.0,-1.0,-1.0,-1.0,-1.0,-1.0,16,64,300,3,7.5,0,0,4,0,0,1,0,2,30.0
3.0,24,32,512.0,32128,128.0,32.0,0,1,0,0,0,0,0,0,1,0,0,1,2560,320,40,40,64,160,8.1,0.25,65.0,-1.0,-1.0,-1.0,-1.0,-1.0,16,64,300,3,7.5,0,0,4,0,0,1,0,4,31.0
3.0,24,32,512.0,32128,128.0,32.0,0,1,0,0,0,0,0,0,1,0,0,1,2560,320,40,40,64,160,8.1,0.25,65.0,-1.0,-1.0,-1.0,-1.0,-1.0,16,64,300,3,7.5,0,0,4,0,0,1,0,8,33.0
3.0,24,32,512.0,32128,128.0,32.0,0,1,0,0,0,0,0,0,1,0,0,1,2560,320,40,40,64,160,8.1,0.25,65.0,-1.0,-1.0,-1.0,-1.0,-1.0,16,64,300,3,7.5,0,0,4,0,0,1,0,16,36.0
3.0,24,32,512.0,32128,128.0,32.0,0,1,0,0,0,0,0,0,1,0,0,1,2560,320,40,40,64,160,8.1,0.25,65.0,-1.0,-1.0,-1.0,-1.0,-1.0,16,64,300,3,7.5,0,0,4,0,0,1,0,32,50.0
3.0,24,32,512.0,32128,128.0,32.0,0,1,0,0,0,0,0,0,1,0,0,1,2560,320,40,40,64,160,8.1,0.25,65.0,-1.0,-1.0,-1.0,-1.0,-1.0,16,64,300,3,7.5,0,0,4,0,0,1,0,64,86.0
3.0,24,32,512.0,32128,128.0,32.0,0,1,0,0,0,0,0,0,1,0,0,1,2560,320,40,40,64,160,8.1,0.25,65.0,-1.0,-1.0,-1.0,-1.0,-1.0,16,64,300,3,7.5,0,0,4,0,0,1,0,128,229.0
3.0,24,32,512.0,32128,128.0,32.0,0,1,0,0,0,0,0,0,1,0,0,1,5120,640,0,80,128,320,14.0,7.0,120.0,112.0,-1.0,-1.0,-1.0,-1.0,16,64,900,3,7.0,0,0,4,0,0,0,1,1,29.0
3.0,24,32,512.0,32128,128.0,32.0,0,1,0,0,0,0,0,0,1,0,0,1,5120,640,0,80,128,320,14.0,7.0,120.0,112.0,-1.0,-1.0,-1.0,-1.0,16,64,900,3,7.0,0,0,4,0,0,0,1,2,34.0
3.0,24,32,512.0,32128,128.0,32.0,0,1,0,0,0,0,0,0,1,0,0,1,5120,640,0,80,128,320,14.0,7.0,120.0,112.0,-1.0,-1.0,-1.0,-1.0,16,64,900,3,7.0,0,0,4,0,0,0,1,4,34.0
3.0,24,32,512.0,32128,128.0,32.0,0,1,0,0,0,0,0,0,1,0,0,1,5120,640,0,80,128,320,14.0,7.0,120.0,112.0,-1.0,-1.0,-1.0,-1.0,16,64,900,3,7.0,0,0,4,0,0,0,1,8,36.0
3.0,24,32,512.0,32128,128.0,32.0,0,1,0,0,0,0,0,0,1,0,0,1,5120,640,0,80,128,320,14.0,7.0,120.0,112.0,-1.0,-1.0,-1.0,-1.0,16,64,900,3,7.0,0,0,4,0,0,0,1,16,40.0
3.0,24,32,512.0,32128,128.0,32.0,0,1,0,0,0,0,0,0,1,0,0,1,5120,640,0,80,128,320,14.0,7.0,120.0,112.0,-1.0,-1.0,-1.0,-1.0,16,64,900,3,7.0,0,0,4,0,0,0,1,32,49.0
3.0,24,32,512.0,32128,128.0,32.0,0,1,0,0,0,0,0,0,1,0,0,1,5120,640,0,80,128,320,14.0,7.0,120.0,112.0,-1.0,-1.0,-1.0,-1.0,16,64,900,3,7.0,0,0,4,0,0,0,1,64,64.0
3.0,24,32,512.0,32128,128.0,32.0,0,1,0,0,0,0,0,0,1,0,0,1,5120,640,0,80,128,320,14.0,7.0,120.0,112.0,-1.0,-1.0,-1.0,-1.0,16,64,900,3,7.0,0,0,4,0,0,0,1,128,93.0
11.0,24,64,-1.0,32128,128.0,32.0,0,1,0,0,0,0,0,0,1,0,0,1,6912,432,0,108,160,432,19.5,9.7,-1.0,312.0,312.0,-1.0,156.0,19.5,40,40,1555,4,8.0,0,0,1,1,0,0,0,1,20.0
11.0,24,64,-1.0,32128,128.0,32.0,0,1,0,0,0,0,0,0,1,0,0,1,6912,432,0,108,160,432,19.5,9.7,-1.0,312.0,312.0,-1.0,156.0,19.5,40,40,1555,4,8.0,0,0,1,1,0,0,0,2,21.0
11.0,24,64,-1.0,32128,128.0,32.0,0,1,0,0,0,0,0,0,1,0,0,1,6912,432,0,108,160,432,19.5,9.7,-1.0,312.0,312.0,-1.0,156.0,19.5,40,40,1555,4,8.0,0,0,1,1,0,0,0,4,21.0
11.0,24,64,-1.0,32128,128.0,32.0,0,1,0,0,0,0,0,0,1,0,0,1,6912,432,0,108,160,432,19.5,9.7,-1.0,312.0,312.0,-1.0,156.0,19.5,40,40,1555,4,8.0,0,0,1,1,0,0,0,8,22.0
11.0,24,64,-1.0,32128,128.0,32.0,0,1,0,0,0,0,0,0,1,0,0,1,6912,432,0,108,160,432,19.5,9.7,-1.0,312.0,312.0,-1.0,156.0,19.5,40,40,1555,4,8.0,0,0,1,1,0,0,0,16,23.0
11.0,24,64,-1.0,32128,128.0,32.0,0,1,0,0,0,0,0,0,1,0,0,1,6912,432,0,108,160,432,19.5,9.7,-1.0,312.0,312.0,-1.0,156.0,19.5,40,40,1555,4,8.0,0,0,1,1,0,0,0,32,23.0
11.0,24,64,-1.0,32128,128.0,32.0,0,1,0,0,0,0,0,0,1,0,0,1,6912,432,0,108,160,432,19.5,9.7,-1.0,312.0,312.0,-1.0,156.0,19.5,40,40,1555,4,8.0,0,0,1,1,0,0,0,64,23.0
11.0,24,64,-1.0,32128,128.0,32.0,0,1,0,0,0,0,0,0,1,0,0,1,6912,432,0,108,160,432,19.5,9.7,-1.0,312.0,312.0,-1.0,156.0,19.5,40,40,1555,4,8.0,0,0,1,1,0,0,0,128,23.0
11.0,24,64,-1.0,32128,128.0,32.0,0,1,0,0,0,0,0,0,1,0,0,1,16896,528,0,132,24,528,67.0,34.0,-1.0,1979.0,1979.0,989.0,-1.0,67.0,80,80,3350,5,9.0,1,1,1,0,1,0,0,1,15.0
11.0,24,64,-1.0,32128,128.0,32.0,0,1,0,0,0,0,0,0,1,0,0,1,16896,528,0,132,24,528,67.0,34.0,-1.0,1979.0,1979.0,989.0,-1.0,67.0,80,80,3350,5,9.0,1,1,1,0,1,0,0,2,17.0
11.0,24,64,-1.0,32128,128.0,32.0,0,1,0,0,0,0,0,0,1,0,0,1,16896,528,0,132,24,528,67.0,34.0,-1.0,1979.0,1979.0,989.0,-1.0,67.0,80,80,3350,5,9.0,1,1,1,0,1,0,0,4,17.0
11.0,24,64,-1.0,32128,128.0,32.0,0,1,0,0,0,0,0,0,1,0,0,1,16896,528,0,132,24,528,67.0,34.0,-1.0,1979.0,1979.0,989.0,-1.0,67.0,80,80,3350,5,9.0,1,1,1,0,1,0,0,8,18.0
11.0,24,64,-1.0,32128,128.0,32.0,0,1,0,0,0,0,0,0,1,0,0,1,16896,528,0,132,24,528,67.0,34.0,-1.0,1979.0,1979.0,989.0,-1.0,67.0,80,80,3350,5,9.0,1,1,1,0,1,0,0,16,24.0
11.0,24,64,-1.0,32128,128.0,32.0,0,1,0,0,0,0,0,0,1,0,0,1,16896,528,0,132,24,528,67.0,34.0,-1.0,1979.0,1979.0,989.0,-1.0,67.0,80,80,3350,5,9.0,1,1,1,0,1,0,0,32,47.0
11.0,24,64,-1.0,32128,128.0,32.0,0,1,0,0,0,0,0,0,1,0,0,1,16896,528,0,132,24,528,67.0,34.0,-1.0,1979.0,1979.0,989.0,-1.0,67.0,80,80,3350,5,9.0,1,1,1,0,1,0,0,64,84.0
11.0,24,64,-1.0,32128,128.0,32.0,0,1,0,0,0,0,0,0,1,0,0,1,16896,528,0,132,24,528,67.0,34.0,-1.0,1979.0,1979.0,989.0,-1.0,67.0,80,80,3350,5,9.0,1,1,1,0,1,0,0,128,182.0
11.0,24,64,-1.0,32128,128.0,32.0,0,1,0,0,0,0,0,0,1,0,0,1,9216,288,72,72,96,288,31.2,0.97,-1.0,125.0,125.0,62.5,-1.0,-1.0,24,48,600,4,8.6,0,0,2,1,0,0,0,1,27.0
11.0,24,64,-1.0,32128,128.0,32.0,0,1,0,0,0,0,0,0,1,0,0,1,9216,288,72,72,96,288,31.2,0.97,-1.0,125.0,125.0,62.5,-1.0,-1.0,24,48,600,4,8.6,0,0,2,1,0,0,0,2,30.0
11.0,24,64,-1.0,32128,128.0,32.0,0,1,0,0,0,0,0,0,1,0,0,1,9216,288,72,72,96,288,31.2,0.97,-1.0,125.0,125.0,62.5,-1.0,-1.0,24,48,600,4,8.6,0,0,2,1,0,0,0,4,31.0
11.0,24,64,-1.0,32128,128.0,32.0,0,1,0,0,0,0,0,0,1,0,0,1,9216,288,72,72,96,288,31.2,0.97,-1.0,125.0,125.0,62.5,-1.0,-1.0,24,48,600,4,8.6,0,0,2,1,0,0,0,8,32.0
11.0,24,64,-1.0,32128,128.0,32.0,0,1,0,0,0,0,0,0,1,0,0,1,9216,288,72,72,96,288,31.2,0.97,-1.0,125.0,125.0,62.5,-1.0,-1.0,24,48,600,4,8.6,0,0,2,1,0,0,0,16,34.0
11.0,24,64,-1.0,32128,128.0,32.0,0,1,0,0,0,0,0,0,1,0,0,1,9216,288,72,72,96,288,31.2,0.97,-1.0,125.0,125.0,62.5,-1.0,-1.0,24,48,600,4,8.6,0,0,2,1,0,0,0,32,37.0
11.0,24,64,-1.0,32128,128.0,32.0,0,1,0,0,0,0,0,0,1,0,0,1,9216,288,72,72,96,288,31.2,0.97,-1.0,125.0,125.0,62.5,-1.0,-1.0,24,48,600,4,8.6,0,0,2,1,0,0,0,64,36.0
11.0,24,64,-1.0,32128,128.0,32.0,0,1,0,0,0,0,0,0,1,0,0,1,9216,288,72,72,96,288,31.2,0.97,-1.0,125.0,125.0,62.5,-1.0,-1.0,24,48,600,4,8.6,0,0,2,1,0,0,0,128,38.0
11.0,24,64,-1.0,32128,128.0,32.0,0,1,0,0,0,0,0,0,1,0,0,1,6912,432,0,108,160,432,19.5,9.7,-1.0,312.0,312.0,-1.0,156.0,19.5,40,80,1555,4,8.0,0,0,2,1,0,0,0,1,25.0
11.0,24,64,-1.0,32128,128.0,32.0,0,1,0,0,0,0,0,0,1,0,0,1,6912,432,0,108,160,432,19.5,9.7,-1.0,312.0,312.0,-1.0,156.0,19.5,40,80,1555,4,8.0,0,0,2,1,0,0,0,2,29.0
11.0,24,64,-1.0,32128,128.0,32.0,0,1,0,0,0,0,0,0,1,0,0,1,6912,432,0,108,160,432,19.5,9.7,-1.0,312.0,312.0,-1.0,156.0,19.5,40,80,1555,4,8.0,0,0,2,1,0,0,0,4,30.0
11.0,24,64,-1.0,32128,128.0,32.0,0,1,0,0,0,0,0,0,1,0,0,1,6912,432,0,108,160,432,19.5,9.7,-1.0,312.0,312.0,-1.0,156.0,19.5,40,80,1555,4,8.0,0,0,2,1,0,0,0,8,31.0
11.0,24,64,-1.0,32128,128.0,32.0,0,1,0,0,0,0,0,0,1,0,0,1,6912,432,0,108,160,432,19.5,9.7,-1.0,312.0,312.0,-1.0,156.0,19.5,40,80,1555,4,8.0,0,0,2,1,0,0,0,16,34.0
11.0,24,64,-1.0,32128,128.0,32.0,0,1,0,0,0,0,0,0,1,0,0,1,6912,432,0,108,160,432,19.5,9.7,-1.0,312.0,312.0,-1.0,156.0,19.5,40,80,1555,4,8.0,0,0,2,1,0,0,0,32,52.0
11.0,24,64,-1.0,32128,128.0,32.0,0,1,0,0,0,0,0,0,1,0,0,1,6912,432,0,108,160,432,19.5,9.7,-1.0,312.0,312.0,-1.0,156.0,19.5,40,80,1555,4,8.0,0,0,2,1,0,0,0,64,71.0
11.0,24,64,-1.0,32128,128.0,32.0,0,1,0,0,0,0,0,0,1,0,0,1,6912,432,0,108,160,432,19.5,9.7,-1.0,312.0,312.0,-1.0,156.0,19.5,40,80,1555,4,8.0,0,0,2,1,0,0,0,128,139.0
11.0,24,64,-1.0,32128,128.0,32.0,0,1,0,0,0,0,0,0,1,0,0,1,16896,528,0,132,24,528,67.0,34.0,-1.0,1979.0,1979.0,989.0,-1.0,67.0,80,160,3350,5,9.0,1,1,2,0,1,0,0,1,19.0
11.0,24,64,-1.0,32128,128.0,32.0,0,1,0,0,0,0,0,0,1,0,0,1,16896,528,0,132,24,528,67.0,34.0,-1.0,1979.0,1979.0,989.0,-1.0,67.0,80,160,3350,5,9.0,1,1,2,0,1,0,0,2,24.0
11.0,24,64,-1.0,32128,128.0,32.0,0,1,0,0,0,0,0,0,1,0,0,1,16896,528,0,132,24,528,67.0,34.0,-1.0,1979.0,1979.0,989.0,-1.0,67.0,80,160,3350,5,9.0,1,1,2,0,1,0,0,4,24.0
11.0,24,64,-1.0,32128,128.0,32.0,0,1,0,0,0,0,0,0,1,0,0,1,16896,528,0,132,24,528,67.0,34.0,-1.0,1979.0,1979.0,989.0,-1.0,67.0,80,160,3350,5,9.0,1,1,2,0,1,0,0,8,25.0
11.0,24,64,-1.0,32128,128.0,32.0,0,1,0,0,0,0,0,0,1,0,0,1,16896,528,0,132,24,528,67.0,34.0,-1.0,1979.0,1979.0,989.0,-1.0,67.0,80,160,3350,5,9.0,1,1,2,0,1,0,0,16,27.0
11.0,24,64,-1.0,32128,128.0,32.0,0,1,0,0,0,0,0,0,1,0,0,1,16896,528,0,132,24,528,67.0,34.0,-1.0,1979.0,1979.0,989.0,-1.0,67.0,80,160,3350,5,9.0,1,1,2,0,1,0,0,32,39.0
11.0,24,64,-1.0,32128,128.0,32.0,0,1,0,0,0,0,0,0,1,0,0,1,16896,528,0,132,24,528,67.0,34.0,-1.0,1979.0,1979.0,989.0,-1.0,67.0,80,160,3350,5,9.0,1,1,2,0,1,0,0,64,61.0
11.0,24,64,-1.0,32128,128.0,32.0,0,1,0,0,0,0,0,0,1,0,0,1,16896,528,0,132,24,528,67.0,34.0,-1.0,1979.0,1979.0,989.0,-1.0,67.0,80,160,3350,5,9.0,1,1,2,0,1,0,0,128,93.0
11.0,24,64,-1.0,32128,128.0,32.0,0,1,0,0,0,0,0,0,1,0,0,1,6912,432,0,108,160,432,19.5,9.7,-1.0,312.0,312.0,-1.0,156.0,19.5,40,160,1555,4,8.0,0,0,4,1,0,0,0,1,26.0
11.0,24,64,-1.0,32128,128.0,32.0,0,1,0,0,0,0,0,0,1,0,0,1,6912,432,0,108,160,432,19.5,9.7,-1.0,312.0,312.0,-1.0,156.0,19.5,40,160,1555,4,8.0,0,0,4,1,0,0,0,2,30.0
11.0,24,64,-1.0,32128,128.0,32.0,0,1,0,0,0,0,0,0,1,0,0,1,6912,432,0,108,160,432,19.5,9.7,-1.0,312.0,312.0,-1.0,156.0,19.5,40,160,1555,4,8.0,0,0,4,1,0,0,0,4,31.0
11.0,24,64,-1.0,32128,128.0,32.0,0,1,0,0,0,0,0,0,1,0,0,1,6912,432,0,108,160,432,19.5,9.7,-1.0,312.0,312.0,-1.0,156.0,19.5,40,160,1555,4,8.0,0,0,4,1,0,0,0,8,33.0
11.0,24,64,-1.0,32128,128.0,32.0,0,1,0,0,0,0,0,0,1,0,0,1,6912,432,0,108,160,432,19.5,9.7,-1.0,312.0,312.0,-1.0,156.0,19.5,40,160,1555,4,8.0,0,0,4,1,0,0,0,16,36.0
11.0,24,64,-1.0,32128,128.0,32.0,0,1,0,0,0,0,0,0,1,0,0,1,6912,432,0,108,160,432,19.5,9.7,-1.0,312.0,312.0,-1.0,156.0,19.5,40,160,1555,4,8.0,0,0,4,1,0,0,0,32,47.0
11.0,24,64,-1.0,32128,128.0,32.0,0,1,0,0,0,0,0,0,1,0,0,1,6912,432,0,108,160,432,19.5,9.7,-1.0,312.0,312.0,-1.0,156.0,19.5,40,160,1555,4,8.0,0,0,4,1,0,0,0,64,66.0
11.0,24,64,-1.0,32128,128.0,32.0,0,1,0,0,0,0,0,0,1,0,0,1,6912,432,0,108,160,432,19.5,9.7,-1.0,312.0,312.0,-1.0,156.0,19.5,40,160,1555,4,8.0,0,0,4,1,0,0,0,128,89.0
11.0,24,64,-1.0,32128,128.0,32.0,0,1,0,0,0,0,0,0,1,0,0,1,16896,528,0,132,24,528,67.0,34.0,-1.0,1979.0,1979.0,989.0,-1.0,67.0,80,320,3350,5,9.0,1,1,4,0,1,0,0,1,18.0
11.0,24,64,-1.0,32128,128.0,32.0,0,1,0,0,0,0,0,0,1,0,0,1,16896,528,0,132,24,528,67.0,34.0,-1.0,1979.0,1979.0,989.0,-1.0,67.0,80,320,3350,5,9.0,1,1,4,0,1,0,0,2,23.0
11.0,24,64,-1.0,32128,128.0,32.0,0,1,0,0,0,0,0,0,1,0,0,1,16896,528,0,132,24,528,67.0,34.0,-1.0,1979.0,1979.0,989.0,-1.0,67.0,80,320,3350,5,9.0,1,1,4,0,1,0,0,4,24.0
11.0,24,64,-1.0,32128,128.0,32.0,0,1,0,0,0,0,0,0,1,0,0,1,16896,528,0,132,24,528,67.0,34.0,-1.0,1979.0,1979.0,989.0,-1.0,67.0,80,320,3350,5,9.0,1,1,4,0,1,0,0,8,25.0
11.0,24,64,-1.0,32128,128.0,32.0,0,1,0,0,0,0,0,0,1,0,0,1,16896,528,0,132,24,528,67.0,34.0,-1.0,1979.0,1979.0,989.0,-1.0,67.0,80,320,3350,5,9.0,1,1,4,0,1,0,0,16,27.0
11.0,24,64,-1.0,32128,128.0,32.0,0,1,0,0,0,0,0,0,1,0,0,1,16896,528,0,132,24,528,67.0,34.0,-1.0,1979.0,1979.0,989.0,-1.0,67.0,80,320,3350,5,9.0,1,1,4,0,1,0,0,32,34.0
11.0,24,64,-1.0,32128,128.0,32.0,0,1,0,0,0,0,0,0,1,0,0,1,16896,528,0,132,24,528,67.0,34.0,-1.0,1979.0,1979.0,989.0,-1.0,67.0,80,320,3350,5,9.0,1,1,4,0,1,0,0,64,48.0
11.0,24,64,-1.0,32128,128.0,32.0,0,1,0,0,0,0,0,0,1,0,0,1,16896,528,0,132,24,528,67.0,34.0,-1.0,1979.0,1979.0,989.0,-1.0,67.0,80,320,3350,5,9.0,1,1,4,0,1,0,0,128,76.0
11.0,24,64,-1.0,32128,128.0,32.0,0,1,0,0,0,0,0,0,1,0,0,1,2560,320,40,40,64,160,8.1,0.25,65.0,-1.0,-1.0,-1.0,-1.0,-1.0,16,64,300,3,7.5,0,0,4,0,0,1,0,1,27.0
11.0,24,64,-1.0,32128,128.0,32.0,0,1,0,0,0,0,0,0,1,0,0,1,2560,320,40,40,64,160,8.1,0.25,65.0,-1.0,-1.0,-1.0,-1.0,-1.0,16,64,300,3,7.5,0,0,4,0,0,1,0,2,30.0
11.0,24,64,-1.0,32128,128.0,32.0,0,1,0,0,0,0,0,0,1,0,0,1,2560,320,40,40,64,160,8.1,0.25,65.0,-1.0,-1.0,-1.0,-1.0,-1.0,16,64,300,3,7.5,0,0,4,0,0,1,0,4,32.0
11.0,24,64,-1.0,32128,128.0,32.0,0,1,0,0,0,0,0,0,1,0,0,1,2560,320,40,40,64,160,8.1,0.25,65.0,-1.0,-1.0,-1.0,-1.0,-1.0,16,64,300,3,7.5,0,0,4,0,0,1,0,8,35.0
11.0,24,64,-1.0,32128,128.0,32.0,0,1,0,0,0,0,0,0,1,0,0,1,2560,320,40,40,64,160,8.1,0.25,65.0,-1.0,-1.0,-1.0,-1.0,-1.0,16,64,300,3,7.5,0,0,4,0,0,1,0,16,45.0
11.0,24,64,-1.0,32128,128.0,32.0,0,1,0,0,0,0,0,0,1,0,0,1,2560,320,40,40,64,160,8.1,0.25,65.0,-1.0,-1.0,-1.0,-1.0,-1.0,16,64,300,3,7.5,0,0,4,0,0,1,0,32,55.0
11.0,24,64,-1.0,32128,128.0,32.0,0,1,0,0,0,0,0,0,1,0,0,1,2560,320,40,40,64,160,8.1,0.25,65.0,-1.0,-1.0,-1.0,-1.0,-1.0,16,64,300,3,7.5,0,0,4,0,0,1,0,64,59.0
11.0,24,64,-1.0,32128,128.0,32.0,0,1,0,0,0,0,0,0,1,0,0,1,2560,320,40,40,64,160,8.1,0.25,65.0,-1.0,-1.0,-1.0,-1.0,-1.0,16,64,300,3,7.5,0,0,4,0,0,1,0,128,71.0
11.0,24,64,-1.0,32128,128.0,32.0,0,1,0,0,0,0,0,0,1,0,0,1,5120,640,0,80,128,320,14.0,7.0,120.0,112.0,-1.0,-1.0,-1.0,-1.0,16,64,900,3,7.0,0,0,4,0,0,0,1,1,29.0
11.0,24,64,-1.0,32128,128.0,32.0,0,1,0,0,0,0,0,0,1,0,0,1,5120,640,0,80,128,320,14.0,7.0,120.0,112.0,-1.0,-1.0,-1.0,-1.0,16,64,900,3,7.0,0,0,4,0,0,0,1,2,34.0
11.0,24,64,-1.0,32128,128.0,32.0,0,1,0,0,0,0,0,0,1,0,0,1,5120,640,0,80,128,320,14.0,7.0,120.0,112.0,-1.0,-1.0,-1.0,-1.0,16,64,900,3,7.0,0,0,4,0,0,0,1,4,34.0
11.0,24,64,-1.0,32128,128.0,32.0,0,1,0,0,0,0,0,0,1,0,0,1,5120,640,0,80,128,320,14.0,7.0,120.0,112.0,-1.0,-1.0,-1.0,-1.0,16,64,900,3,7.0,0,0,4,0,0,0,1,8,36.0
11.0,24,64,-1.0,32128,128.0,32.0,0,1,0,0,0,0,0,0,1,0,0,1,5120,640,0,80,128,320,14.0,7.0,120.0,112.0,-1.0,-1.0,-1.0,-1.0,16,64,900,3,7.0,0,0,4,0,0,0,1,16,44.0
11.0,24,64,-1.0,32128,128.0,32.0,0,1,0,0,0,0,0,0,1,0,0,1,5120,640,0,80,128,320,14.0,7.0,120.0,112.0,-1.0,-1.0,-1.0,-1.0,16,64,900,3,7.0,0,0,4,0,0,0,1,32,45.0
11.0,24,64,-1.0,32128,128.0,32.0,0,1,0,0,0,0,0,0,1,0,0,1,5120,640,0,80,128,320,14.0,7.0,120.0,112.0,-1.0,-1.0,-1.0,-1.0,16,64,900,3,7.0,0,0,4,0,0,0,1,64,49.0
11.0,24,64,-1.0,32128,128.0,32.0,0,1,0,0,0,0,0,0,1,0,0,1,5120,640,0,80,128,320,14.0,7.0,120.0,112.0,-1.0,-1.0,-1.0,-1.0,16,64,900,3,7.0,0,0,4,0,0,0,1,128,62.0
20.0,32,16,512.0,32128,128.0,32.0,0,1,0,0,0,0,0,0,1,1,0,0,16896,528,0,132,24,528,67.0,34.0,-1.0,1979.0,1979.0,989.0,-1.0,67.0,80,80,3350,5,9.0,1,1,1,0,1,0,0,1,19.0
20.0,32,16,512.0,32128,128.0,32.0,0,1,0,0,0,0,0,0,1,1,0,0,16896,528,0,132,24,528,67.0,34.0,-1.0,1979.0,1979.0,989.0,-1.0,67.0,80,80,3350,5,9.0,1,1,1,0,1,0,0,2,20.0
20.0,32,16,512.0,32128,128.0,32.0,0,1,0,0,0,0,0,0,1,1,0,0,16896,528,0,132,24,528,67.0,34.0,-1.0,1979.0,1979.0,989.0,-1.0,67.0,80,80,3350,5,9.0,1,1,1,0,1,0,0,4,21.0
20.0,32,16,512.0,32128,128.0,32.0,0,1,0,0,0,0,0,0,1,1,0,0,16896,528,0,132,24,528,67.0,34.0,-1.0,1979.0,1979.0,989.0,-1.0,67.0,80,80,3350,5,9.0,1,1,1,0,1,0,0,8,23.0
20.0,32,16,512.0,32128,128.0,32.0,0,1,0,0,0,0,0,0,1,1,0,0,16896,528,0,132,24,528,67.0,34.0,-1.0,1979.0,1979.0,989.0,-1.0,67.0,80,80,3350,5,9.0,1,1,1,0,1,0,0,16,28.0
20.0,32,16,512.0,32128,128.0,32.0,0,1,0,0,0,0,0,0,1,1,0,0,16896,528,0,132,24,528,67.0,34.0,-1.0,1979.0,1979.0,989.0,-1.0,67.0,80,80,3350,5,9.0,1,1,1,0,1,0,0,32,34.0
20.0,32,16,512.0,32128,128.0,32.0,0,1,0,0,0,0,0,0,1,1,0,0,16896,528,0,132,24,528,67.0,34.0,-1.0,1979.0,1979.0,989.0,-1.0,67.0,80,80,3350,5,9.0,1,1,1,0,1,0,0,64,43.0
20.0,32,16,512.0,32128,128.0,32.0,0,1,0,0,0,0,0,0,1,1,0,0,16896,528,0,132,24,528,67.0,34.0,-1.0,1979.0,1979.0,989.0,-1.0,67.0,80,80,3350,5,9.0,1,1,1,0,1,0,0,128,40.0
20.0,32,16,512.0,32128,128.0,32.0,0,1,0,0,0,0,0,0,1,1,0,0,6912,432,0,108,160,432,19.5,9.7,-1.0,312.0,312.0,-1.0,156.0,19.5,40,80,1555,4,8.0,0,0,2,1,0,0,0,1,35.0
20.0,32,16,512.0,32128,128.0,32.0,0,1,0,0,0,0,0,0,1,1,0,0,6912,432,0,108,160,432,19.5,9.7,-1.0,312.0,312.0,-1.0,156.0,19.5,40,80,1555,4,8.0,0,0,2,1,0,0,0,2,40.0
20.0,32,16,512.0,32128,128.0,32.0,0,1,0,0,0,0,0,0,1,1,0,0,6912,432,0,108,160,432,19.5,9.7,-1.0,312.0,312.0,-1.0,156.0,19.5,40,80,1555,4,8.0,0,0,2,1,0,0,0,4,41.0
20.0,32,16,512.0,32128,128.0,32.0,0,1,0,0,0,0,0,0,1,1,0,0,6912,432,0,108,160,432,19.5,9.7,-1.0,312.0,312.0,-1.0,156.0,19.5,40,80,1555,4,8.0,0,0,2,1,0,0,0,8,42.0
20.0,32,16,512.0,32128,128.0,32.0,0,1,0,0,0,0,0,0,1,1,0,0,6912,432,0,108,160,432,19.5,9.7,-1.0,312.0,312.0,-1.0,156.0,19.5,40,80,1555,4,8.0,0,0,2,1,0,0,0,16,45.0
20.0,32,16,512.0,32128,128.0,32.0,0,1,0,0,0,0,0,0,1,1,0,0,6912,432,0,108,160,432,19.5,9.7,-1.0,312.0,312.0,-1.0,156.0,19.5,40,80,1555,4,8.0,0,0,2,1,0,0,0,32,48.0
20.0,32,16,512.0,32128,128.0,32.0,0,1,0,0,0,0,0,0,1,1,0,0,6912,432,0,108,160,432,19.5,9.7,-1.0,312.0,312.0,-1.0,156.0,19.5,40,80,1555,4,8.0,0,0,2,1,0,0,0,64,50.0
20.0,32,16,512.0,32128,128.0,32.0,0,1,0,0,0,0,0,0,1,1,0,0,6912,432,0,108,160,432,19.5,9.7,-1.0,312.0,312.0,-1.0,156.0,19.5,40,80,1555,4,8.0,0,0,2,1,0,0,0,128,52.0
20.0,32,16,512.0,32128,128.0,32.0,0,1,0,0,0,0,0,0,1,1,0,0,16896,528,0,132,24,528,67.0,34.0,-1.0,1979.0,1979.0,989.0,-1.0,67.0,80,160,3350,5,9.0,1,1,2,0,1,0,0,1,24.0
20.0,32,16,512.0,32128,128.0,32.0,0,1,0,0,0,0,0,0,1,1,0,0,16896,528,0,132,24,528,67.0,34.0,-1.0,1979.0,1979.0,989.0,-1.0,67.0,80,160,3350,5,9.0,1,1,2,0,1,0,0,2,30.0
20.0,32,16,512.0,32128,128.0,32.0,0,1,0,0,0,0,0,0,1,1,0,0,16896,528,0,132,24,528,67.0,34.0,-1.0,1979.0,1979.0,989.0,-1.0,67.0,80,160,3350,5,9.0,1,1,2,0,1,0,0,4,31.0
20.0,32,16,512.0,32128,128.0,32.0,0,1,0,0,0,0,0,0,1,1,0,0,16896,528,0,132,24,528,67.0,34.0,-1.0,1979.0,1979.0,989.0,-1.0,67.0,80,160,3350,5,9.0,1,1,2,0,1,0,0,8,32.0
20.0,32,16,512.0,32128,128.0,32.0,0,1,0,0,0,0,0,0,1,1,0,0,16896,528,0,132,24,528,67.0,34.0,-1.0,1979.0,1979.0,989.0,-1.0,67.0,80,160,3350,5,9.0,1,1,2,0,1,0,0,16,34.0
20.0,32,16,512.0,32128,128.0,32.0,0,1,0,0,0,0,0,0,1,1,0,0,16896,528,0,132,24,528,67.0,34.0,-1.0,1979.0,1979.0,989.0,-1.0,67.0,80,160,3350,5,9.0,1,1,2,0,1,0,0,32,49.0
20.0,32,16,512.0,32128,128.0,32.0,0,1,0,0,0,0,0,0,1,1,0,0,16896,528,0,132,24,528,67.0,34.0,-1.0,1979.0,1979.0,989.0,-1.0,67.0,80,160,3350,5,9.0,1,1,2,0,1,0,0,64,74.0
20.0,32,16,512.0,32128,128.0,32.0,0,1,0,0,0,0,0,0,1,1,0,0,16896,528,0,132,24,528,67.0,34.0,-1.0,1979.0,1979.0,989.0,-1.0,67.0,80,160,3350,5,9.0,1,1,2,0,1,0,0,128,122.0
20.0,32,16,512.0,32128,128.0,32.0,0,1,0,0,0,0,0,0,1,1,0,0,6912,432,0,108,160,432,19.5,9.7,-1.0,312.0,312.0,-1.0,156.0,19.5,40,160,1555,4,8.0,0,0,4,1,0,0,0,1,35.0
20.0,32,16,512.0,32128,128.0,32.0,0,1,0,0,0,0,0,0,1,1,0,0,6912,432,0,108,160,432,19.5,9.7,-1.0,312.0,312.0,-1.0,156.0,19.5,40,160,1555,4,8.0,0,0,4,1,0,0,0,2,41.0
20.0,32,16,512.0,32128,128.0,32.0,0,1,0,0,0,0,0,0,1,1,0,0,6912,432,0,108,160,432,19.5,9.7,-1.0,312.0,312.0,-1.0,156.0,19.5,40,160,1555,4,8.0,0,0,4,1,0,0,0,4,42.0
20.0,32,16,512.0,32128,128.0,32.0,0,1,0,0,0,0,0,0,1,1,0,0,6912,432,0,108,160,432,19.5,9.7,-1.0,312.0,312.0,-1.0,156.0,19.5,40,160,1555,4,8.0,0,0,4,1,0,0,0,8,44.0
20.0,32,16,512.0,32128,128.0,32.0,0,1,0,0,0,0,0,0,1,1,0,0,6912,432,0,108,160,432,19.5,9.7,-1.0,312.0,312.0,-1.0,156.0,19.5,40,160,1555,4,8.0,0,0,4,1,0,0,0,16,50.0
20.0,32,16,512.0,32128,128.0,32.0,0,1,0,0,0,0,0,0,1,1,0,0,6912,432,0,108,160,432,19.5,9.7,-1.0,312.0,312.0,-1.0,156.0,19.5,40,160,1555,4,8.0,0,0,4,1,0,0,0,32,60.0
20.0,32,16,512.0,32128,128.0,32.0,0,1,0,0,0,0,0,0,1,1,0,0,6912,432,0,108,160,432,19.5,9.7,-1.0,312.0,312.0,-1.0,156.0,19.5,40,160,1555,4,8.0,0,0,4,1,0,0,0,64,80.0
20.0,32,16,512.0,32128,128.0,32.0,0,1,0,0,0,0,0,0,1,1,0,0,6912,432,0,108,160,432,19.5,9.7,-1.0,312.0,312.0,-1.0,156.0,19.5,40,160,1555,4,8.0,0,0,4,1,0,0,0,128,122.0
20.0,32,16,512.0,32128,128.0,32.0,0,1,0,0,0,0,0,0,1,1,0,0,16896,528,0,132,24,528,67.0,34.0,-1.0,1979.0,1979.0,989.0,-1.0,67.0,80,320,3350,5,9.0,1,1,4,0,1,0,0,1,23.0
20.0,32,16,512.0,32128,128.0,32.0,0,1,0,0,0,0,0,0,1,1,0,0,16896,528,0,132,24,528,67.0,34.0,-1.0,1979.0,1979.0,989.0,-1.0,67.0,80,320,3350,5,9.0,1,1,4,0,1,0,0,2,29.0
20.0,32,16,512.0,32128,128.0,32.0,0,1,0,0,0,0,0,0,1,1,0,0,16896,528,0,132,24,528,67.0,34.0,-1.0,1979.0,1979.0,989.0,-1.0,67.0,80,320,3350,5,9.0,1,1,4,0,1,0,0,4,30.0
20.0,32,16,512.0,32128,128.0,32.0,0,1,0,0,0,0,0,0,1,1,0,0,16896,528,0,132,24,528,67.0,34.0,-1.0,1979.0,1979.0,989.0,-1.0,67.0,80,320,3350,5,9.0,1,1,4,0,1,0,0,8,31.0
20.0,32,16,512.0,32128,128.0,32.0,0,1,0,0,0,0,0,0,1,1,0,0,16896,528,0,132,24,528,67.0,34.0,-1.0,1979.0,1979.0,989.0,-1.0,67.0,80,320,3350,5,9.0,1,1,4,0,1,0,0,16,34.0
20.0,32,16,512.0,32128,128.0,32.0,0,1,0,0,0,0,0,0,1,1,0,0,16896,528,0,132,24,528,67.0,34.0,-1.0,1979.0,1979.0,989.0,-1.0,67.0,80,320,3350,5,9.0,1,1,4,0,1,0,0,32,42.0
20.0,32,16,512.0,32128,128.0,32.0,0,1,0,0,0,0,0,0,1,1,0,0,16896,528,0,132,24,528,67.0,34.0,-1.0,1979.0,1979.0,989.0,-1.0,67.0,80,320,3350,5,9.0,1,1,4,0,1,0,0,64,58.0
20.0,32,16,512.0,32128,128.0,32.0,0,1,0,0,0,0,0,0,1,1,0,0,16896,528,0,132,24,528,67.0,34.0,-1.0,1979.0,1979.0,989.0,-1.0,67.0,80,320,3350,5,9.0,1,1,4,0,1,0,0,128,89.0
6.7,32,32,-1.0,50432,-1.0,-1.0,0,0,0,0,0,0,1,0,0,1,0,0,6912,432,0,108,160,432,19.5,9.7,-1.0,312.0,312.0,-1.0,156.0,19.5,40,40,1555,4,8.0,0,0,1,1,0,0,0,1,15.0
6.7,32,32,-1.0,50432,-1.0,-1.0,0,0,0,0,0,0,1,0,0,1,0,0,6912,432,0,108,160,432,19.5,9.7,-1.0,312.0,312.0,-1.0,156.0,19.5,40,40,1555,4,8.0,0,0,1,1,0,0,0,2,17.0
6.7,32,32,-1.0,50432,-1.0,-1.0,0,0,0,0,0,0,1,0,0,1,0,0,6912,432,0,108,160,432,19.5,9.7,-1.0,312.0,312.0,-1.0,156.0,19.5,40,40,1555,4,8.0,0,0,1,1,0,0,0,4,22.0
6.7,32,32,-1.0,50432,-1.0,-1.0,0,0,0,0,0,0,1,0,0,1,0,0,6912,432,0,108,160,432,19.5,9.7,-1.0,312.0,312.0,-1.0,156.0,19.5,40,40,1555,4,8.0,0,0,1,1,0,0,0,8,27.0
6.7,32,32,-1.0,50432,-1.0,-1.0,0,0,0,0,0,0,1,0,0,1,0,0,6912,432,0,108,160,432,19.5,9.7,-1.0,312.0,312.0,-1.0,156.0,19.5,40,40,1555,4,8.0,0,0,1,1,0,0,0,16,30.0
6.7,32,32,-1.0,50432,-1.0,-1.0,0,0,0,0,0,0,1,0,0,1,0,0,6912,432,0,108,160,432,19.5,9.7,-1.0,312.0,312.0,-1.0,156.0,19.5,40,40,1555,4,8.0,0,0,1,1,0,0,0,32,34.0
6.7,32,32,-1.0,50432,-1.0,-1.0,0,0,0,0,0,0,1,0,0,1,0,0,6912,432,0,108,160,432,19.5,9.7,-1.0,312.0,312.0,-1.0,156.0,19.5,40,40,1555,4,8.0,0,0,1,1,0,0,0,64,33.0
6.7,32,32,-1.0,50432,-1.0,-1.0,0,0,0,0,0,0,1,0,0,1,0,0,6912,432,0,108,160,432,19.5,9.7,-1.0,312.0,312.0,-1.0,156.0,19.5,40,40,1555,4,8.0,0,0,1,1,0,0,0,128,33.0
6.7,32,32,-1.0,50432,-1.0,-1.0,0,0,0,0,0,0,1,0,0,1,0,0,16896,528,0,132,24,528,67.0,34.0,-1.0,1979.0,1979.0,989.0,-1.0,67.0,80,80,3350,5,9.0,1,1,1,0,1,0,0,1,10.0
6.7,32,32,-1.0,50432,-1.0,-1.0,0,0,0,0,0,0,1,0,0,1,0,0,16896,528,0,132,24,528,67.0,34.0,-1.0,1979.0,1979.0,989.0,-1.0,67.0,80,80,3350,5,9.0,1,1,1,0,1,0,0,2,11.0
6.7,32,32,-1.0,50432,-1.0,-1.0,0,0,0,0,0,0,1,0,0,1,0,0,16896,528,0,132,24,528,67.0,34.0,-1.0,1979.0,1979.0,989.0,-1.0,67.0,80,80,3350,5,9.0,1,1,1,0,1,0,0,4,14.0
6.7,32,32,-1.0,50432,-1.0,-1.0,0,0,0,0,0,0,1,0,0,1,0,0,16896,528,0,132,24,528,67.0,34.0,-1.0,1979.0,1979.0,989.0,-1.0,67.0,80,80,3350,5,9.0,1,1,1,0,1,0,0,8,22.0
6.7,32,32,-1.0,50432,-1.0,-1.0,0,0,0,0,0,0,1,0,0,1,0,0,16896,528,0,132,24,528,67.0,34.0,-1.0,1979.0,1979.0,989.0,-1.0,67.0,80,80,3350,5,9.0,1,1,1,0,1,0,0,16,35.0
6.7,32,32,-1.0,50432,-1.0,-1.0,0,0,0,0,0,0,1,0,0,1,0,0,16896,528,0,132,24,528,67.0,34.0,-1.0,1979.0,1979.0,989.0,-1.0,67.0,80,80,3350,5,9.0,1,1,1,0,1,0,0,32,59.0
6.7,32,32,-1.0,50432,-1.0,-1.0,0,0,0,0,0,0,1,0,0,1,0,0,16896,528,0,132,24,528,67.0,34.0,-1.0,1979.0,1979.0,989.0,-1.0,67.0,80,80,3350,5,9.0,1,1,1,0,1,0,0,64,90.0
6.7,32,32,-1.0,50432,-1.0,-1.0,0,0,0,0,0,0,1,0,0,1,0,0,16896,528,0,132,24,528,67.0,34.0,-1.0,1979.0,1979.0,989.0,-1.0,67.0,80,80,3350,5,9.0,1,1,1,0,1,0,0,128,108.0
13.0,40,40,2048.0,32000,-1.0,-1.0,1,0,0,0,0,1,0,0,0,0,1,0,6912,432,0,108,160,432,19.5,9.7,-1.0,312.0,312.0,-1.0,156.0,19.5,40,40,1555,4,8.0,0,0,1,1,0,0,0,1,24.0
13.0,40,40,2048.0,32000,-1.0,-1.0,1,0,0,0,0,1,0,0,0,0,1,0,6912,432,0,108,160,432,19.5,9.7,-1.0,312.0,312.0,-1.0,156.0,19.5,40,40,1555,4,8.0,0,0,1,1,0,0,0,2,25.0
13.0,40,40,2048.0,32000,-1.0,-1.0,1,0,0,0,0,1,0,0,0,0,1,0,6912,432,0,108,160,432,19.5,9.7,-1.0,312.0,312.0,-1.0,156.0,19.5,40,40,1555,4,8.0,0,0,1,1,0,0,0,4,28.0
13.0,40,40,2048.0,32000,-1.0,-1.0,1,0,0,0,0,1,0,0,0,0,1,0,6912,432,0,108,160,432,19.5,9.7,-1.0,312.0,312.0,-1.0,156.0,19.5,40,40,1555,4,8.0,0,0,1,1,0,0,0,8,32.0
13.0,40,40,2048.0,32000,-1.0,-1.0,1,0,0,0,0,1,0,0,0,0,1,0,6912,432,0,108,160,432,19.5,9.7,-1.0,312.0,312.0,-1.0,156.0,19.5,40,40,1555,4,8.0,0,0,1,1,0,0,0,16,38.0
13.0,40,40,2048.0,32000,-1.0,-1.0,1,0,0,0,0,1,0,0,0,0,1,0,6912,432,0,108,160,432,19.5,9.7,-1.0,312.0,312.0,-1.0,156.0,19.5,40,40,1555,4,8.0,0,0,1,1,0,0,0,32,48.0
13.0,40,40,2048.0,32000,-1.0,-1.0,1,0,0,0,0,1,0,0,0,0,1,0,6912,432,0,108,160,432,19.5,9.7,-1.0,312.0,312.0,-1.0,156.0,19.5,40,40,1555,4,8.0,0,0,1,1,0,0,0,64,44.0
13.0,40,40,2048.0,32000,-1.0,-1.0,1,0,0,0,0,1,0,0,0,0,1,0,6912,432,0,108,160,432,19.5,9.7,-1.0,312.0,312.0,-1.0,156.0,19.5,40,40,1555,4,8.0,0,0,1,1,0,0,0,128,116.0
13.0,40,40,2048.0,32000,-1.0,-1.0,1,0,0,0,0,1,0,0,0,0,1,0,16896,528,0,132,24,528,67.0,34.0,-1.0,1979.0,1979.0,989.0,-1.0,67.0,80,80,3350,5,9.0,1,1,1,0,1,0,0,1,13.0
13.0,40,40,2048.0,32000,-1.0,-1.0,1,0,0,0,0,1,0,0,0,0,1,0,16896,528,0,132,24,528,67.0,34.0,-1.0,1979.0,1979.0,989.0,-1.0,67.0,80,80,3350,5,9.0,1,1,1,0,1,0,0,2,14.0
13.0,40,40,2048.0,32000,-1.0,-1.0,1,0,0,0,0,1,0,0,0,0,1,0,16896,528,0,132,24,528,67.0,34.0,-1.0,1979.0,1979.0,989.0,-1.0,67.0,80,80,3350,5,9.0,1,1,1,0,1,0,0,4,16.0
13.0,40,40,2048.0,32000,-1.0,-1.0,1,0,0,0,0,1,0,0,0,0,1,0,16896,528,0,132,24,528,67.0,34.0,-1.0,1979.0,1979.0,989.0,-1.0,67.0,80,80,3350,5,9.0,1,1,1,0,1,0,0,8,18.0
13.0,40,40,2048.0,32000,-1.0,-1.0,1,0,0,0,0,1,0,0,0,0,1,0,16896,528,0,132,24,528,67.0,34.0,-1.0,1979.0,1979.0,989.0,-1.0,67.0,80,80,3350,5,9.0,1,1,1,0,1,0,0,16,23.0
13.0,40,40,2048.0,32000,-1.0,-1.0,1,0,0,0,0,1,0,0,0,0,1,0,16896,528,0,132,24,528,67.0,34.0,-1.0,1979.0,1979.0,989.0,-1.0,67.0,80,80,3350,5,9.0,1,1,1,0,1,0,0,32,35.0
13.0,40,40,2048.0,32000,-1.0,-1.0,1,0,0,0,0,1,0,0,0,0,1,0,16896,528,0,132,24,528,67.0,34.0,-1.0,1979.0,1979.0,989.0,-1.0,67.0,80,80,3350,5,9.0,1,1,1,0,1,0,0,64,60.0
13.0,40,40,2048.0,32000,-1.0,-1.0,1,0,0,0,0,1,0,0,0,0,1,0,16896,528,0,132,24,528,67.0,34.0,-1.0,1979.0,1979.0,989.0,-1.0,67.0,80,80,3350,5,9.0,1,1,1,0,1,0,0,128,92.0
13.0,40,40,2048.0,32000,-1.0,-1.0,1,0,0,0,0,1,0,0,0,0,1,0,9216,288,72,72,96,288,31.2,0.97,-1.0,125.0,125.0,62.5,-1.0,-1.0,24,48,600,4,8.6,0,0,2,1,0,0,0,1,33.0
13.0,40,40,2048.0,32000,-1.0,-1.0,1,0,0,0,0,1,0,0,0,0,1,0,9216,288,72,72,96,288,31.2,0.97,-1.0,125.0,125.0,62.5,-1.0,-1.0,24,48,600,4,8.6,0,0,2,1,0,0,0,2,36.0
13.0,40,40,2048.0,32000,-1.0,-1.0,1,0,0,0,0,1,0,0,0,0,1,0,9216,288,72,72,96,288,31.2,0.97,-1.0,125.0,125.0,62.5,-1.0,-1.0,24,48,600,4,8.6,0,0,2,1,0,0,0,4,42.0
13.0,40,40,2048.0,32000,-1.0,-1.0,1,0,0,0,0,1,0,0,0,0,1,0,9216,288,72,72,96,288,31.2,0.97,-1.0,125.0,125.0,62.5,-1.0,-1.0,24,48,600,4,8.6,0,0,2,1,0,0,0,8,46.0
13.0,40,40,2048.0,32000,-1.0,-1.0,1,0,0,0,0,1,0,0,0,0,1,0,9216,288,72,72,96,288,31.2,0.97,-1.0,125.0,125.0,62.5,-1.0,-1.0,24,48,600,4,8.6,0,0,2,1,0,0,0,16,55.0
13.0,40,40,2048.0,32000,-1.0,-1.0,1,0,0,0,0,1,0,0,0,0,1,0,9216,288,72,72,96,288,31.2,0.97,-1.0,125.0,125.0,62.5,-1.0,-1.0,24,48,600,4,8.6,0,0,2,1,0,0,0,32,71.0
13.0,40,40,2048.0,32000,-1.0,-1.0,1,0,0,0,0,1,0,0,0,0,1,0,9216,288,72,72,96,288,31.2,0.97,-1.0,125.0,125.0,62.5,-1.0,-1.0,24,48,600,4,8.6,0,0,2,1,0,0,0,64,86.0
13.0,40,40,2048.0,32000,-1.0,-1.0,1,0,0,0,0,1,0,0,0,0,1,0,9216,288,72,72,96,288,31.2,0.97,-1.0,125.0,125.0,62.5,-1.0,-1.0,24,48,600,4,8.6,0,0,2,1,0,0,0,128,151.0
13.0,40,40,2048.0,32000,-1.0,-1.0,1,0,0,0,0,1,0,0,0,0,1,0,6912,432,0,108,160,432,19.5,9.7,-1.0,312.0,312.0,-1.0,156.0,19.5,40,80,1555,4,8.0,0,0,2,1,0,0,0,1,18.0
13.0,40,40,2048.0,32000,-1.0,-1.0,1,0,0,0,0,1,0,0,0,0,1,0,6912,432,0,108,160,432,19.5,9.7,-1.0,312.0,312.0,-1.0,156.0,19.5,40,80,1555,4,8.0,0,0,2,1,0,0,0,2,19.0
13.0,40,40,2048.0,32000,-1.0,-1.0,1,0,0,0,0,1,0,0,0,0,1,0,6912,432,0,108,160,432,19.5,9.7,-1.0,312.0,312.0,-1.0,156.0,19.5,40,80,1555,4,8.0,0,0,2,1,0,0,0,4,21.0
13.0,40,40,2048.0,32000,-1.0,-1.0,1,0,0,0,0,1,0,0,0,0,1,0,6912,432,0,108,160,432,19.5,9.7,-1.0,312.0,312.0,-1.0,156.0,19.5,40,80,1555,4,8.0,0,0,2,1,0,0,0,8,24.0
13.0,40,40,2048.0,32000,-1.0,-1.0,1,0,0,0,0,1,0,0,0,0,1,0,6912,432,0,108,160,432,19.5,9.7,-1.0,312.0,312.0,-1.0,156.0,19.5,40,80,1555,4,8.0,0,0,2,1,0,0,0,16,29.0
13.0,40,40,2048.0,32000,-1.0,-1.0,1,0,0,0,0,1,0,0,0,0,1,0,6912,432,0,108,160,432,19.5,9.7,-1.0,312.0,312.0,-1.0,156.0,19.5,40,80,1555,4,8.0,0,0,2,1,0,0,0,32,40.0
13.0,40,40,2048.0,32000,-1.0,-1.0,1,0,0,0,0,1,0,0,0,0,1,0,6912,432,0,108,160,432,19.5,9.7,-1.0,312.0,312.0,-1.0,156.0,19.5,40,80,1555,4,8.0,0,0,2,1,0,0,0,64,65.0
13.0,40,40,2048.0,32000,-1.0,-1.0,1,0,0,0,0,1,0,0,0,0,1,0,6912,432,0,108,160,432,19.5,9.7,-1.0,312.0,312.0,-1.0,156.0,19.5,40,80,1555,4,8.0,0,0,2,1,0,0,0,128,102.0
13.0,40,40,2048.0,32000,-1.0,-1.0,1,0,0,0,0,1,0,0,0,0,1,0,16896,528,0,132,24,528,67.0,34.0,-1.0,1979.0,1979.0,989.0,-1.0,67.0,80,160,3350,5,9.0,1,1,2,0,1,0,0,1,13.0
13.0,40,40,2048.0,32000,-1.0,-1.0,1,0,0,0,0,1,0,0,0,0,1,0,16896,528,0,132,24,528,67.0,34.0,-1.0,1979.0,1979.0,989.0,-1.0,67.0,80,160,3350,5,9.0,1,1,2,0,1,0,0,2,14.0
13.0,40,40,2048.0,32000,-1.0,-1.0,1,0,0,0,0,1,0,0,0,0,1,0,16896,528,0,132,24,528,67.0,34.0,-1.0,1979.0,1979.0,989.0,-1.0,67.0,80,160,3350,5,9.0,1,1,2,0,1,0,0,4,15.0
13.0,40,40,2048.0,32000,-1.0,-1.0,1,0,0,0,0,1,0,0,0,0,1,0,16896,528,0,132,24,528,67.0,34.0,-1.0,1979.0,1979.0,989.0,-1.0,67.0,80,160,3350,5,9.0,1,1,2,0,1,0,0,8,16.0
13.0,40,40,2048.0,32000,-1.0,-1.0,1,0,0,0,0,1,0,0,0,0,1,0,16896,528,0,132,24,528,67.0,34.0,-1.0,1979.0,1979.0,989.0,-1.0,67.0,80,160,3350,5,9.0,1,1,2,0,1,0,0,16,19.0
13.0,40,40,2048.0,32000,-1.0,-1.0,1,0,0,0,0,1,0,0,0,0,1,0,16896,528,0,132,24,528,67.0,34.0,-1.0,1979.0,1979.0,989.0,-1.0,67.0,80,160,3350,5,9.0,1,1,2,0,1,0,0,32,27.0
13.0,40,40,2048.0,32000,-1.0,-1.0,1,0,0,0,0,1,0,0,0,0,1,0,16896,528,0,132,24,528,67.0,34.0,-1.0,1979.0,1979.0,989.0,-1.0,67.0,80,160,3350,5,9.0,1,1,2,0,1,0,0,64,45.0
13.0,40,40,2048.0,32000,-1.0,-1.0,1,0,0,0,0,1,0,0,0,0,1,0,16896,528,0,132,24,528,67.0,34.0,-1.0,1979.0,1979.0,989.0,-1.0,67.0,80,160,3350,5,9.0,1,1,2,0,1,0,0,128,84.0
13.0,40,40,2048.0,32000,-1.0,-1.0,1,0,0,0,0,1,0,0,0,0,1,0,6912,432,0,108,160,432,19.5,9.7,-1.0,312.0,312.0,-1.0,156.0,19.5,40,160,1555,4,8.0,0,0,4,1,0,0,0,1,17.0
13.0,40,40,2048.0,32000,-1.0,-1.0,1,0,0,0,0,1,0,0,0,0,1,0,6912,432,0,108,160,432,19.5,9.7,-1.0,312.0,312.0,-1.0,156.0,19.5,40,160,1555,4,8.0,0,0,4,1,0,0,0,2,18.0
13.0,40,40,2048.0,32000,-1.0,-1.0,1,0,0,0,0,1,0,0,0,0,1,0,6912,432,0,108,160,432,19.5,9.7,-1.0,312.0,312.0,-1.0,156.0,19.5,40,160,1555,4,8.0,0,0,4,1,0,0,0,4,19.0
13.0,40,40,2048.0,32000,-1.0,-1.0,1,0,0,0,0,1,0,0,0,0,1,0,6912,432,0,108,160,432,19.5,9.7,-1.0,312.0,312.0,-1.0,156.0,19.5,40,160,1555,4,8.0,0,0,4,1,0,0,0,8,21.0
13.0,40,40,2048.0,32000,-1.0,-1.0,1,0,0,0,0,1,0,0,0,0,1,0,6912,432,0,108,160,432,19.5,9.7,-1.0,312.0,312.0,-1.0,156.0,19.5,40,160,1555,4,8.0,0,0,4,1,0,0,0,16,25.0
13.0,40,40,2048.0,32000,-1.0,-1.0,1,0,0,0,0,1,0,0,0,0,1,0,6912,432,0,108,160,432,19.5,9.7,-1.0,312.0,312.0,-1.0,156.0,19.5,40,160,1555,4,8.0,0,0,4,1,0,0,0,32,33.0
13.0,40,40,2048.0,32000,-1.0,-1.0,1,0,0,0,0,1,0,0,0,0,1,0,6912,432,0,108,160,432,19.5,9.7,-1.0,312.0,312.0,-1.0,156.0,19.5,40,160,1555,4,8.0,0,0,4,1,0,0,0,64,52.0
13.0,40,40,2048.0,32000,-1.0,-1.0,1,0,0,0,0,1,0,0,0,0,1,0,6912,432,0,108,160,432,19.5,9.7,-1.0,312.0,312.0,-1.0,156.0,19.5,40,160,1555,4,8.0,0,0,4,1,0,0,0,128,91.0
13.0,40,40,2048.0,32000,-1.0,-1.0,1,0,0,0,0,1,0,0,0,0,1,0,16896,528,0,132,24,528,67.0,34.0,-1.0,1979.0,1979.0,989.0,-1.0,67.0,80,320,3350,5,9.0,1,1,4,0,1,0,0,1,12.0
13.0,40,40,2048.0,32000,-1.0,-1.0,1,0,0,0,0,1,0,0,0,0,1,0,16896,528,0,132,24,528,67.0,34.0,-1.0,1979.0,1979.0,989.0,-1.0,67.0,80,320,3350,5,9.0,1,1,4,0,1,0,0,2,14.0
13.0,40,40,2048.0,32000,-1.0,-1.0,1,0,0,0,0,1,0,0,0,0,1,0,16896,528,0,132,24,528,67.0,34.0,-1.0,1979.0,1979.0,989.0,-1.0,67.0,80,320,3350,5,9.0,1,1,4,0,1,0,0,4,14.0
13.0,40,40,2048.0,32000,-1.0,-1.0,1,0,0,0,0,1,0,0,0,0,1,0,16896,528,0,132,24,528,67.0,34.0,-1.0,1979.0,1979.0,989.0,-1.0,67.0,80,320,3350,5,9.0,1,1,4,0,1,0,0,8,16.0
13.0,40,40,2048.0,32000,-1.0,-1.0,1,0,0,0,0,1,0,0,0,0,1,0,16896,528,0,132,24,528,67.0,34.0,-1.0,1979.0,1979.0,989.0,-1.0,67.0,80,320,3350,5,9.0,1,1,4,0,1,0,0,16,18.0
13.0,40,40,2048.0,32000,-1.0,-1.0,1,0,0,0,0,1,0,0,0,0,1,0,16896,528,0,132,24,528,67.0,34.0,-1.0,1979.0,1979.0,989.0,-1.0,67.0,80,320,3350,5,9.0,1,1,4,0,1,0,0,32,23.0
13.0,40,40,2048.0,32000,-1.0,-1.0,1,0,0,0,0,1,0,0,0,0,1,0,16896,528,0,132,24,528,67.0,34.0,-1.0,1979.0,1979.0,989.0,-1.0,67.0,80,320,3350,5,9.0,1,1,4,0,1,0,0,64,35.0
13.0,40,40,2048.0,32000,-1.0,-1.0,1,0,0,0,0,1,0,0,0,0,1,0,16896,528,0,132,24,528,67.0,34.0,-1.0,1979.0,1979.0,989.0,-1.0,67.0,80,320,3350,5,9.0,1,1,4,0,1,0,0,128,63.0
13.0,40,40,2048.0,32000,-1.0,-1.0,1,0,0,0,0,1,0,0,0,0,1,0,2560,320,40,40,64,160,8.1,0.25,65.0,-1.0,-1.0,-1.0,-1.0,-1.0,16,64,300,3,7.5,0,0,4,0,0,1,0,1,32.0
13.0,40,40,2048.0,32000,-1.0,-1.0,1,0,0,0,0,1,0,0,0,0,1,0,2560,320,40,40,64,160,8.1,0.25,65.0,-1.0,-1.0,-1.0,-1.0,-1.0,16,64,300,3,7.5,0,0,4,0,0,1,0,2,36.0
13.0,40,40,2048.0,32000,-1.0,-1.0,1,0,0,0,0,1,0,0,0,0,1,0,2560,320,40,40,64,160,8.1,0.25,65.0,-1.0,-1.0,-1.0,-1.0,-1.0,16,64,300,3,7.5,0,0,4,0,0,1,0,4,40.0
13.0,40,40,2048.0,32000,-1.0,-1.0,1,0,0,0,0,1,0,0,0,0,1,0,2560,320,40,40,64,160,8.1,0.25,65.0,-1.0,-1.0,-1.0,-1.0,-1.0,16,64,300,3,7.5,0,0,4,0,0,1,0,8,46.0
13.0,40,40,2048.0,32000,-1.0,-1.0,1,0,0,0,0,1,0,0,0,0,1,0,2560,320,40,40,64,160,8.1,0.25,65.0,-1.0,-1.0,-1.0,-1.0,-1.0,16,64,300,3,7.5,0,0,4,0,0,1,0,16,58.0
13.0,40,40,2048.0,32000,-1.0,-1.0,1,0,0,0,0,1,0,0,0,0,1,0,2560,320,40,40,64,160,8.1,0.25,65.0,-1.0,-1.0,-1.0,-1.0,-1.0,16,64,300,3,7.5,0,0,4,0,0,1,0,32,82.0
13.0,40,40,2048.0,32000,-1.0,-1.0,1,0,0,0,0,1,0,0,0,0,1,0,2560,320,40,40,64,160,8.1,0.25,65.0,-1.0,-1.0,-1.0,-1.0,-1.0,16,64,300,3,7.5,0,0,4,0,0,1,0,64,119.0
13.0,40,40,2048.0,32000,-1.0,-1.0,1,0,0,0,0,1,0,0,0,0,1,0,2560,320,40,40,64,160,8.1,0.25,65.0,-1.0,-1.0,-1.0,-1.0,-1.0,16,64,300,3,7.5,0,0,4,0,0,1,0,128,255.0
7.0,32,32,2048.0,32000,-1.0,-1.0,1,0,0,0,0,1,0,0,0,0,1,0,9216,288,72,72,96,288,31.2,0.97,-1.0,125.0,125.0,62.5,-1.0,-1.0,24,24,600,4,8.6,0,0,1,1,0,0,0,1,31.0
7.0,32,32,2048.0,32000,-1.0,-1.0,1,0,0,0,0,1,0,0,0,0,1,0,9216,288,72,72,96,288,31.2,0.97,-1.0,125.0,125.0,62.5,-1.0,-1.0,24,24,600,4,8.6,0,0,1,1,0,0,0,2,35.0
7.0,32,32,2048.0,32000,-1.0,-1.0,1,0,0,0,0,1,0,0,0,0,1,0,9216,288,72,72,96,288,31.2,0.97,-1.0,125.0,125.0,62.5,-1.0,-1.0,24,24,600,4,8.6,0,0,1,1,0,0,0,4,39.0
7.0,32,32,2048.0,32000,-1.0,-1.0,1,0,0,0,0,1,0,0,0,0,1,0,9216,288,72,72,96,288,31.2,0.97,-1.0,125.0,125.0,62.5,-1.0,-1.0,24,24,600,4,8.6,0,0,1,1,0,0,0,8,43.0
7.0,32,32,2048.0,32000,-1.0,-1.0,1,0,0,0,0,1,0,0,0,0,1,0,9216,288,72,72,96,288,31.2,0.97,-1.0,125.0,125.0,62.5,-1.0,-1.0,24,24,600,4,8.6,0,0,1,1,0,0,0,16,51.0
7.0,32,32,2048.0,32000,-1.0,-1.0,1,0,0,0,0,1,0,0,0,0,1,0,9216,288,72,72,96,288,31.2,0.97,-1.0,125.0,125.0,62.5,-1.0,-1.0,24,24,600,4,8.6,0,0,1,1,0,0,0,32,61.0
7.0,32,32,2048.0,32000,-1.0,-1.0,1,0,0,0,0,1,0,0,0,0,1,0,9216,288,72,72,96,288,31.2,0.97,-1.0,125.0,125.0,62.5,-1.0,-1.0,24,24,600,4,8.6,0,0,1,1,0,0,0,64,1182.0
7.0,32,32,2048.0,32000,-1.0,-1.0,1,0,0,0,0,1,0,0,0,0,1,0,9216,288,72,72,96,288,31.2,0.97,-1.0,125.0,125.0,62.5,-1.0,-1.0,24,24,600,4,8.6,0,0,1,1,0,0,0,128,161.0
7.0,32,32,2048.0,32000,-1.0,-1.0,1,0,0,0,0,1,0,0,0,0,1,0,6912,432,0,108,160,432,19.5,9.7,-1.0,312.0,312.0,-1.0,156.0,19.5,40,40,1555,4,8.0,0,0,1,1,0,0,0,1,13.0
7.0,32,32,2048.0,32000,-1.0,-1.0,1,0,0,0,0,1,0,0,0,0,1,0,6912,432,0,108,160,432,19.5,9.7,-1.0,312.0,312.0,-1.0,156.0,19.5,40,40,1555,4,8.0,0,0,1,1,0,0,0,2,14.0
7.0,32,32,2048.0,32000,-1.0,-1.0,1,0,0,0,0,1,0,0,0,0,1,0,6912,432,0,108,160,432,19.5,9.7,-1.0,312.0,312.0,-1.0,156.0,19.5,40,40,1555,4,8.0,0,0,1,1,0,0,0,4,16.0
7.0,32,32,2048.0,32000,-1.0,-1.0,1,0,0,0,0,1,0,0,0,0,1,0,6912,432,0,108,160,432,19.5,9.7,-1.0,312.0,312.0,-1.0,156.0,19.5,40,40,1555,4,8.0,0,0,1,1,0,0,0,8,20.0
7.0,32,32,2048.0,32000,-1.0,-1.0,1,0,0,0,0,1,0,0,0,0,1,0,6912,432,0,108,160,432,19.5,9.7,-1.0,312.0,312.0,-1.0,156.0,19.5,40,40,1555,4,8.0,0,0,1,1,0,0,0,16,25.0
7.0,32,32,2048.0,32000,-1.0,-1.0,1,0,0,0,0,1,0,0,0,0,1,0,6912,432,0,108,160,432,19.5,9.7,-1.0,312.0,312.0,-1.0,156.0,19.5,40,40,1555,4,8.0,0,0,1,1,0,0,0,32,38.0
7.0,32,32,2048.0,32000,-1.0,-1.0,1,0,0,0,0,1,0,0,0,0,1,0,6912,432,0,108,160,432,19.5,9.7,-1.0,312.0,312.0,-1.0,156.0,19.5,40,40,1555,4,8.0,0,0,1,1,0,0,0,64,59.0
7.0,32,32,2048.0,32000,-1.0,-1.0,1,0,0,0,0,1,0,0,0,0,1,0,6912,432,0,108,160,432,19.5,9.7,-1.0,312.0,312.0,-1.0,156.0,19.5,40,40,1555,4,8.0,0,0,1,1,0,0,0,128,89.0
7.0,32,32,2048.0,32000,-1.0,-1.0,1,0,0,0,0,1,0,0,0,0,1,0,16896,528,0,132,24,528,67.0,34.0,-1.0,1979.0,1979.0,989.0,-1.0,67.0,80,80,3350,5,9.0,1,1,1,0,1,0,0,1,8.0
7.0,32,32,2048.0,32000,-1.0,-1.0,1,0,0,0,0,1,0,0,0,0,1,0,16896,528,0,132,24,528,67.0,34.0,-1.0,1979.0,1979.0,989.0,-1.0,67.0,80,80,3350,5,9.0,1,1,1,0,1,0,0,2,9.0
7.0,32,32,2048.0,32000,-1.0,-1.0,1,0,0,0,0,1,0,0,0,0,1,0,16896,528,0,132,24,528,67.0,34.0,-1.0,1979.0,1979.0,989.0,-1.0,67.0,80,80,3350,5,9.0,1,1,1,0,1,0,0,4,10.0
7.0,32,32,2048.0,32000,-1.0,-1.0,1,0,0,0,0,1,0,0,0,0,1,0,16896,528,0,132,24,528,67.0,34.0,-1.0,1979.0,1979.0,989.0,-1.0,67.0,80,80,3350,5,9.0,1,1,1,0,1,0,0,8,12.0
7.0,32,32,2048.0,32000,-1.0,-1.0,1,0,0,0,0,1,0,0,0,0,1,0,16896,528,0,132,24,528,67.0,34.0,-1.0,1979.0,1979.0,989.0,-1.0,67.0,80,80,3350,5,9.0,1,1,1,0,1,0,0,16,16.0
7.0,32,32,2048.0,32000,-1.0,-1.0,1,0,0,0,0,1,0,0,0,0,1,0,16896,528,0,132,24,528,67.0,34.0,-1.0,1979.0,1979.0,989.0,-1.0,67.0,80,80,3350,5,9.0,1,1,1,0,1,0,0,32,24.0
7.0,32,32,2048.0,32000,-1.0,-1.0,1,0,0,0,0,1,0,0,0,0,1,0,16896,528,0,132,24,528,67.0,34.0,-1.0,1979.0,1979.0,989.0,-1.0,67.0,80,80,3350,5,9.0,1,1,1,0,1,0,0,64,44.0
7.0,32,32,2048.0,32000,-1.0,-1.0,1,0,0,0,0,1,0,0,0,0,1,0,16896,528,0,132,24,528,67.0,34.0,-1.0,1979.0,1979.0,989.0,-1.0,67.0,80,80,3350,5,9.0,1,1,1,0,1,0,0,128,78.0
7.0,32,32,2048.0,32000,-1.0,-1.0,1,0,0,0,0,1,0,0,0,0,1,0,9216,288,72,72,96,288,31.2,0.97,-1.0,125.0,125.0,62.5,-1.0,-1.0,24,48,600,4,8.6,0,0,2,1,0,0,0,1,19.0
7.0,32,32,2048.0,32000,-1.0,-1.0,1,0,0,0,0,1,0,0,0,0,1,0,9216,288,72,72,96,288,31.2,0.97,-1.0,125.0,125.0,62.5,-1.0,-1.0,24,48,600,4,8.6,0,0,2,1,0,0,0,2,21.0
7.0,32,32,2048.0,32000,-1.0,-1.0,1,0,0,0,0,1,0,0,0,0,1,0,9216,288,72,72,96,288,31.2,0.97,-1.0,125.0,125.0,62.5,-1.0,-1.0,24,48,600,4,8.6,0,0,2,1,0,0,0,4,23.0
7.0,32,32,2048.0,32000,-1.0,-1.0,1,0,0,0,0,1,0,0,0,0,1,0,9216,288,72,72,96,288,31.2,0.97,-1.0,125.0,125.0,62.5,-1.0,-1.0,24,48,600,4,8.6,0,0,2,1,0,0,0,8,28.0
7.0,32,32,2048.0,32000,-1.0,-1.0,1,0,0,0,0,1,0,0,0,0,1,0,9216,288,72,72,96,288,31.2,0.97,-1.0,125.0,125.0,62.5,-1.0,-1.0,24,48,600,4,8.6,0,0,2,1,0,0,0,16,34.0
7.0,32,32,2048.0,32000,-1.0,-1.0,1,0,0,0,0,1,0,0,0,0,1,0,9216,288,72,72,96,288,31.2,0.97,-1.0,125.0,125.0,62.5,-1.0,-1.0,24,48,600,4,8.6,0,0,2,1,0,0,0,32,47.0
7.0,32,32,2048.0,32000,-1.0,-1.0,1,0,0,0,0,1,0,0,0,0,1,0,9216,288,72,72,96,288,31.2,0.97,-1.0,125.0,125.0,62.5,-1.0,-1.0,24,48,600,4,8.6,0,0,2,1,0,0,0,64,78.0
7.0,32,32,2048.0,32000,-1.0,-1.0,1,0,0,0,0,1,0,0,0,0,1,0,9216,288,72,72,96,288,31.2,0.97,-1.0,125.0,125.0,62.5,-1.0,-1.0,24,48,600,4,8.6,0,0,2,1,0,0,0,128,112.0
7.0,32,32,2048.0,32000,-1.0,-1.0,1,0,0,0,0,1,0,0,0,0,1,0,6912,432,0,108,160,432,19.5,9.7,-1.0,312.0,312.0,-1.0,156.0,19.5,40,80,1555,4,8.0,0,0,2,1,0,0,0,1,14.0
7.0,32,32,2048.0,32000,-1.0,-1.0,1,0,0,0,0,1,0,0,0,0,1,0,6912,432,0,108,160,432,19.5,9.7,-1.0,312.0,312.0,-1.0,156.0,19.5,40,80,1555,4,8.0,0,0,2,1,0,0,0,2,15.0
7.0,32,32,2048.0,32000,-1.0,-1.0,1,0,0,0,0,1,0,0,0,0,1,0,6912,432,0,108,160,432,19.5,9.7,-1.0,312.0,312.0,-1.0,156.0,19.5,40,80,1555,4,8.0,0,0,2,1,0,0,0,4,16.0
7.0,32,32,2048.0,32000,-1.0,-1.0,1,0,0,0,0,1,0,0,0,0,1,0,6912,432,0,108,160,432,19.5,9.7,-1.0,312.0,312.0,-1.0,156.0,19.5,40,80,1555,4,8.0,0,0,2,1,0,0,0,8,18.0
7.0,32,32,2048.0,32000,-1.0,-1.0,1,0,0,0,0,1,0,0,0,0,1,0,6912,432,0,108,160,432,19.5,9.7,-1.0,312.0,312.0,-1.0,156.0,19.5,40,80,1555,4,8.0,0,0,2,1,0,0,0,16,22.0
7.0,32,32,2048.0,32000,-1.0,-1.0,1,0,0,0,0,1,0,0,0,0,1,0,6912,432,0,108,160,432,19.5,9.7,-1.0,312.0,312.0,-1.0,156.0,19.5,40,80,1555,4,8.0,0,0,2,1,0,0,0,32,31.0
7.0,32,32,2048.0,32000,-1.0,-1.0,1,0,0,0,0,1,0,0,0,0,1,0,6912,432,0,108,160,432,19.5,9.7,-1.0,312.0,312.0,-1.0,156.0,19.5,40,80,1555,4,8.0,0,0,2,1,0,0,0,64,50.0
7.0,32,32,2048.0,32000,-1.0,-1.0,1,0,0,0,0,1,0,0,0,0,1,0,6912,432,0,108,160,432,19.5,9.7,-1.0,312.0,312.0,-1.0,156.0,19.5,40,80,1555,4,8.0,0,0,2,1,0,0,0,128,93.0
7.0,32,32,2048.0,32000,-1.0,-1.0,1,0,0,0,0,1,0,0,0,0,1,0,16896,528,0,132,24,528,67.0,34.0,-1.0,1979.0,1979.0,989.0,-1.0,67.0,80,160,3350,5,9.0,1,1,2,0,1,0,0,1,10.0
7.0,32,32,2048.0,32000,-1.0,-1.0,1,0,0,0,0,1,0,0,0,0,1,0,16896,528,0,132,24,528,67.0,34.0,-1.0,1979.0,1979.0,989.0,-1.0,67.0,80,160,3350,5,9.0,1,1,2,0,1,0,0,2,11.0
7.0,32,32,2048.0,32000,-1.0,-1.0,1,0,0,0,0,1,0,0,0,0,1,0,16896,528,0,132,24,528,67.0,34.0,-1.0,1979.0,1979.0,989.0,-1.0,67.0,80,160,3350,5,9.0,1,1,2,0,1,0,0,4,12.0
7.0,32,32,2048.0,32000,-1.0,-1.0,1,0,0,0,0,1,0,0,0,0,1,0,16896,528,0,132,24,528,67.0,34.0,-1.0,1979.0,1979.0,989.0,-1.0,67.0,80,160,3350,5,9.0,1,1,2,0,1,0,0,8,14.0
7.0,32,32,2048.0,32000,-1.0,-1.0,1,0,0,0,0,1,0,0,0,0,1,0,16896,528,0,132,24,528,67.0,34.0,-1.0,1979.0,1979.0,989.0,-1.0,67.0,80,160,3350,5,9.0,1,1,2,0,1,0,0,16,16.0
7.0,32,32,2048.0,32000,-1.0,-1.0,1,0,0,0,0,1,0,0,0,0,1,0,16896,528,0,132,24,528,67.0,34.0,-1.0,1979.0,1979.0,989.0,-1.0,67.0,80,160,3350,5,9.0,1,1,2,0,1,0,0,32,22.0
7.0,32,32,2048.0,32000,-1.0,-1.0,1,0,0,0,0,1,0,0,0,0,1,0,16896,528,0,132,24,528,67.0,34.0,-1.0,1979.0,1979.0,989.0,-1.0,67.0,80,160,3350,5,9.0,1,1,2,0,1,0,0,64,35.0
7.0,32,32,2048.0,32000,-1.0,-1.0,1,0,0,0,0,1,0,0,0,0,1,0,16896,528,0,132,24,528,67.0,34.0,-1.0,1979.0,1979.0,989.0,-1.0,67.0,80,160,3350,5,9.0,1,1,2,0,1,0,0,128,65.0
7.0,32,32,2048.0,32000,-1.0,-1.0,1,0,0,0,0,1,0,0,0,0,1,0,2560,320,40,40,64,160,8.1,0.25,65.0,-1.0,-1.0,-1.0,-1.0,-1.0,16,32,300,3,7.5,0,0,2,0,0,1,0,1,32.0
7.0,32,32,2048.0,32000,-1.0,-1.0,1,0,0,0,0,1,0,0,0,0,1,0,2560,320,40,40,64,160,8.1,0.25,65.0,-1.0,-1.0,-1.0,-1.0,-1.0,16,32,300,3,7.5,0,0,2,0,0,1,0,2,37.0
7.0,32,32,2048.0,32000,-1.0,-1.0,1,0,0,0,0,1,0,0,0,0,1,0,2560,320,40,40,64,160,8.1,0.25,65.0,-1.0,-1.0,-1.0,-1.0,-1.0,16,32,300,3,7.5,0,0,2,0,0,1,0,4,41.0
7.0,32,32,2048.0,32000,-1.0,-1.0,1,0,0,0,0,1,0,0,0,0,1,0,2560,320,40,40,64,160,8.1,0.25,65.0,-1.0,-1.0,-1.0,-1.0,-1.0,16,32,300,3,7.5,0,0,2,0,0,1,0,8,48.0
7.0,32,32,2048.0,32000,-1.0,-1.0,1,0,0,0,0,1,0,0,0,0,1,0,2560,320,40,40,64,160,8.1,0.25,65.0,-1.0,-1.0,-1.0,-1.0,-1.0,16,32,300,3,7.5,0,0,2,0,0,1,0,16,59.0
7.0,32,32,2048.0,32000,-1.0,-1.0,1,0,0,0,0,1,0,0,0,0,1,0,2560,320,40,40,64,160,8.1,0.25,65.0,-1.0,-1.0,-1.0,-1.0,-1.0,16,32,300,3,7.5,0,0,2,0,0,1,0,32,88.0
7.0,32,32,2048.0,32000,-1.0,-1.0,1,0,0,0,0,1,0,0,0,0,1,0,2560,320,40,40,64,160,8.1,0.25,65.0,-1.0,-1.0,-1.0,-1.0,-1.0,16,32,300,3,7.5,0,0,2,0,0,1,0,64,112.0
7.0,32,32,2048.0,32000,-1.0,-1.0,1,0,0,0,0,1,0,0,0,0,1,0,2560,320,40,40,64,160,8.1,0.25,65.0,-1.0,-1.0,-1.0,-1.0,-1.0,16,32,300,3,7.5,0,0,2,0,0,1,0,128,212.0
7.0,32,32,2048.0,32000,-1.0,-1.0,1,0,0,0,0,1,0,0,0,0,1,0,6912,432,0,108,160,432,19.5,9.7,-1.0,312.0,312.0,-1.0,156.0,19.5,40,160,1555,4,8.0,0,0,4,1,0,0,0,1,14.0
7.0,32,32,2048.0,32000,-1.0,-1.0,1,0,0,0,0,1,0,0,0,0,1,0,6912,432,0,108,160,432,19.5,9.7,-1.0,312.0,312.0,-1.0,156.0,19.5,40,160,1555,4,8.0,0,0,4,1,0,0,0,2,15.0
7.0,32,32,2048.0,32000,-1.0,-1.0,1,0,0,0,0,1,0,0,0,0,1,0,6912,432,0,108,160,432,19.5,9.7,-1.0,312.0,312.0,-1.0,156.0,19.5,40,160,1555,4,8.0,0,0,4,1,0,0,0,4,16.0
7.0,32,32,2048.0,32000,-1.0,-1.0,1,0,0,0,0,1,0,0,0,0,1,0,6912,432,0,108,160,432,19.5,9.7,-1.0,312.0,312.0,-1.0,156.0,19.5,40,160,1555,4,8.0,0,0,4,1,0,0,0,8,18.0
7.0,32,32,2048.0,32000,-1.0,-1.0,1,0,0,0,0,1,0,0,0,0,1,0,6912,432,0,108,160,432,19.5,9.7,-1.0,312.0,312.0,-1.0,156.0,19.5,40,160,1555,4,8.0,0,0,4,1,0,0,0,16,21.0
7.0,32,32,2048.0,32000,-1.0,-1.0,1,0,0,0,0,1,0,0,0,0,1,0,6912,432,0,108,160,432,19.5,9.7,-1.0,312.0,312.0,-1.0,156.0,19.5,40,160,1555,4,8.0,0,0,4,1,0,0,0,32,27.0
7.0,32,32,2048.0,32000,-1.0,-1.0,1,0,0,0,0,1,0,0,0,0,1,0,6912,432,0,108,160,432,19.5,9.7,-1.0,312.0,312.0,-1.0,156.0,19.5,40,160,1555,4,8.0,0,0,4,1,0,0,0,64,42.0
7.0,32,32,2048.0,32000,-1.0,-1.0,1,0,0,0,0,1,0,0,0,0,1,0,6912,432,0,108,160,432,19.5,9.7,-1.0,312.0,312.0,-1.0,156.0,19.5,40,160,1555,4,8.0,0,0,4,1,0,0,0,128,76.0
7.0,32,32,2048.0,32000,-1.0,-1.0,1,0,0,0,0,1,0,0,0,0,1,0,16896,528,0,132,24,528,67.0,34.0,-1.0,1979.0,1979.0,989.0,-1.0,67.0,80,320,3350,5,9.0,1,1,4,0,1,0,0,1,10.0
7.0,32,32,2048.0,32000,-1.0,-1.0,1,0,0,0,0,1,0,0,0,0,1,0,16896,528,0,132,24,528,67.0,34.0,-1.0,1979.0,1979.0,989.0,-1.0,67.0,80,320,3350,5,9.0,1,1,4,0,1,0,0,2,11.0
7.0,32,32,2048.0,32000,-1.0,-1.0,1,0,0,0,0,1,0,0,0,0,1,0,16896,528,0,132,24,528,67.0,34.0,-1.0,1979.0,1979.0,989.0,-1.0,67.0,80,320,3350,5,9.0,1,1,4,0,1,0,0,4,12.0
7.0,32,32,2048.0,32000,-1.0,-1.0,1,0,0,0,0,1,0,0,0,0,1,0,16896,528,0,132,24,528,67.0,34.0,-1.0,1979.0,1979.0,989.0,-1.0,67.0,80,320,3350,5,9.0,1,1,4,0,1,0,0,8,13.0
7.0,32,32,2048.0,32000,-1.0,-1.0,1,0,0,0,0,1,0,0,0,0,1,0,16896,528,0,132,24,528,67.0,34.0,-1.0,1979.0,1979.0,989.0,-1.0,67.0,80,320,3350,5,9.0,1,1,4,0,1,0,0,16,15.0
7.0,32,32,2048.0,32000,-1.0,-1.0,1,0,0,0,0,1,0,0,0,0,1,0,16896,528,0,132,24,528,67.0,34.0,-1.0,1979.0,1979.0,989.0,-1.0,67.0,80,320,3350,5,9.0,1,1,4,0,1,0,0,32,20.0
7.0,32,32,2048.0,32000,-1.0,-1.0,1,0,0,0,0,1,0,0,0,0,1,0,16896,528,0,132,24,528,67.0,34.0,-1.0,1979.0,1979.0,989.0,-1.0,67.0,80,320,3350,5,9.0,1,1,4,0,1,0,0,64,30.0
7.0,32,32,2048.0,32000,-1.0,-1.0,1,0,0,0,0,1,0,0,0,0,1,0,16896,528,0,132,24,528,67.0,34.0,-1.0,1979.0,1979.0,989.0,-1.0,67.0,80,320,3350,5,9.0,1,1,4,0,1,0,0,128,53.0
7.0,32,32,2048.0,32000,-1.0,-1.0,1,0,0,0,0,1,0,0,0,0,1,0,2560,320,40,40,64,160,8.1,0.25,65.0,-1.0,-1.0,-1.0,-1.0,-1.0,16,64,300,3,7.5,0,0,4,0,0,1,0,1,18.0
7.0,32,32,2048.0,32000,-1.0,-1.0,1,0,0,0,0,1,0,0,0,0,1,0,2560,320,40,40,64,160,8.1,0.25,65.0,-1.0,-1.0,-1.0,-1.0,-1.0,16,64,300,3,7.5,0,0,4,0,0,1,0,2,21.0
7.0,32,32,2048.0,32000,-1.0,-1.0,1,0,0,0,0,1,0,0,0,0,1,0,2560,320,40,40,64,160,8.1,0.25,65.0,-1.0,-1.0,-1.0,-1.0,-1.0,16,64,300,3,7.5,0,0,4,0,0,1,0,4,24.0
7.0,32,32,2048.0,32000,-1.0,-1.0,1,0,0,0,0,1,0,0,0,0,1,0,2560,320,40,40,64,160,8.1,0.25,65.0,-1.0,-1.0,-1.0,-1.0,-1.0,16,64,300,3,7.5,0,0,4,0,0,1,0,8,28.0
7.0,32,32,2048.0,32000,-1.0,-1.0,1,0,0,0,0,1,0,0,0,0,1,0,2560,320,40,40,64,160,8.1,0.25,65.0,-1.0,-1.0,-1.0,-1.0,-1.0,16,64,300,3,7.5,0,0,4,0,0,1,0,16,37.0
7.0,32,32,2048.0,32000,-1.0,-1.0,1,0,0,0,0,1,0,0,0,0,1,0,2560,320,40,40,64,160,8.1,0.25,65.0,-1.0,-1.0,-1.0,-1.0,-1.0,16,64,300,3,7.5,0,0,4,0,0,1,0,32,55.0
7.0,32,32,2048.0,32000,-1.0,-1.0,1,0,0,0,0,1,0,0,0,0,1,0,2560,320,40,40,64,160,8.1,0.25,65.0,-1.0,-1.0,-1.0,-1.0,-1.0,16,64,300,3,7.5,0,0,4,0,0,1,0,64,88.0
7.0,32,32,2048.0,32000,-1.0,-1.0,1,0,0,0,0,1,0,0,0,0,1,0,2560,320,40,40,64,160,8.1,0.25,65.0,-1.0,-1.0,-1.0,-1.0,-1.0,16,64,300,3,7.5,0,0,4,0,0,1,0,128,140.0
