LLM,Metric,Method,Rank,Mean,Std,IQR,n_runs
EleutherAI_gpt-neox-20b,R2,DaL,8,0.17388890949432564,0.053230605497574385,0.026269339789466245,28
EleutherAI_gpt-neox-20b,R2,llm_pilot,6,0.47744906986034835,0.019692974221898665,0.029978799602845163,30
EleutherAI_gpt-neox-20b,R2,lr,6,0.3113091548053181,0.008133349002713845,0.012009208510302016,30
EleutherAI_gpt-neox-20b,R2,nn,5,0.4382394415492914,0.020586554679667107,0.02605739291530529,30
EleutherAI_gpt-neox-20b,R2,rf,4,0.5810585330506056,0.028950734913622652,0.032525060003449346,30
EleutherAI_gpt-neox-20b,R2,ridge,7,0.31130916688717397,0.00813326385991193,0.012008935728737569,30
EleutherAI_gpt-neox-20b,R2,dcpl_gate_lr,2,0.5992903948176808,0.02227010738751168,0.03114899296160445,30
EleutherAI_gpt-neox-20b,R2,dcpl_gate_nn,3,0.6062199347921136,0.021152062068029765,0.02938845923847533,30
EleutherAI_gpt-neox-20b,R2,dcpl_gate_rf,3,0.5739847896606167,0.02455209982325648,0.03945687374467821,30
EleutherAI_gpt-neox-20b,R2,dcpl_gate_ridge,1,0.5992904001502846,0.022270106431385665,0.031148995247062383,30
EleutherAI_gpt-neox-20b,MAE,DaL,7,211.05010386622604,12.06969034610145,15.445877760986377,28
EleutherAI_gpt-neox-20b,MAE,llm_pilot,6,152.59652505852722,2.172766365252706,3.077965268091134,30
EleutherAI_gpt-neox-20b,MAE,lr,6,196.36641086028163,2.113382417956123,3.605618812714539,30
EleutherAI_gpt-neox-20b,MAE,nn,5,158.77275237678,3.762827024004059,4.812628084294772,30
EleutherAI_gpt-neox-20b,MAE,rf,2,130.12104833675355,1.5960196237181656,1.8871242977959923,30
EleutherAI_gpt-neox-20b,MAE,ridge,4,196.36508933166263,2.113383337109962,3.6056701018459023,30
EleutherAI_gpt-neox-20b,MAE,dcpl_gate_lr,4,130.15208261636508,1.6916473659933635,2.5128383206368596,30
EleutherAI_gpt-neox-20b,MAE,dcpl_gate_nn,4,126.70447852232525,2.2334711421647473,3.031370128239857,30
EleutherAI_gpt-neox-20b,MAE,dcpl_gate_rf,1,129.37313486967133,1.5266624226402332,2.2417105741191676,30
EleutherAI_gpt-neox-20b,MAE,dcpl_gate_ridge,3,130.15209701088583,1.6916280067178298,2.512905964746608,30
EleutherAI_gpt-neox-20b,RMSE,DaL,8,536.4741370606556,16.44081446351126,8.554297748451404,28
EleutherAI_gpt-neox-20b,RMSE,llm_pilot,6,425.7326040893024,13.196093692362522,18.707232802042768,30
EleutherAI_gpt-neox-20b,RMSE,lr,6,488.84718568615864,13.214088562836775,17.513697221710515,30
EleutherAI_gpt-neox-20b,RMSE,nn,5,441.4414595112923,14.260498188125405,19.749786330182985,30
EleutherAI_gpt-neox-20b,RMSE,rf,4,380.8884205028598,11.848960437964996,12.554256097330267,30
EleutherAI_gpt-neox-20b,RMSE,ridge,7,488.8471837123986,13.214160509286494,17.51377459738046,30
EleutherAI_gpt-neox-20b,RMSE,dcpl_gate_lr,2,372.65035808399006,11.25122267239061,15.009031395862223,30
EleutherAI_gpt-neox-20b,RMSE,dcpl_gate_nn,3,369.4245708848893,10.872624358809796,13.617819396327548,30
EleutherAI_gpt-neox-20b,RMSE,dcpl_gate_rf,3,384.14531755911054,9.281393332274675,7.893611190913703,30
EleutherAI_gpt-neox-20b,RMSE,dcpl_gate_ridge,1,372.6503555900485,11.251221717421744,15.009029721740376,30
EleutherAI_gpt-neox-20b,MRE,DaL,8,511.4232416703979,73.47971984601328,121.65158750302072,28
EleutherAI_gpt-neox-20b,MRE,llm_pilot,7,195.3588516232482,13.205302118545124,16.391219484871215,30
EleutherAI_gpt-neox-20b,MRE,lr,7,399.1649491189504,13.699162449502419,16.223500330367813,30
EleutherAI_gpt-neox-20b,MRE,nn,3,153.49499084093424,16.11655251995196,19.006558059439584,30
EleutherAI_gpt-neox-20b,MRE,rf,6,122.67064273778178,2.758410022264281,4.183696103542914,30
EleutherAI_gpt-neox-20b,MRE,ridge,6,399.15704127678214,13.69888680701851,16.223240703090482,30
EleutherAI_gpt-neox-20b,MRE,dcpl_gate_lr,4,176.3270750128545,8.012750403575795,7.991414966140127,30
EleutherAI_gpt-neox-20b,MRE,dcpl_gate_nn,2,138.37505044894678,16.98567687820807,28.48603142307175,30
EleutherAI_gpt-neox-20b,MRE,dcpl_gate_rf,1,123.25463891376742,2.593138208714766,3.8968009698551214,30
EleutherAI_gpt-neox-20b,MRE,dcpl_gate_ridge,5,176.32722253283717,8.012475742635795,7.990475344656431,30
Salesforce_codegen2-16B,R2,DaL,5,0.1311870825167822,0.04709923929217009,0.0182359326433518,29
Salesforce_codegen2-16B,R2,llm_pilot,3,0.3611807394177967,0.10485550454728226,0.13047182759578158,30
Salesforce_codegen2-16B,R2,lr,3,0.23774420955580391,0.02475377332626302,0.028022801681181292,30
Salesforce_codegen2-16B,R2,nn,3,0.30482048768096465,0.06961858990442422,0.10043318715420127,30
Salesforce_codegen2-16B,R2,rf,3,0.2876748517803017,0.14137093124634886,0.12892695704019233,30
Salesforce_codegen2-16B,R2,ridge,3,0.2377520126474775,0.024737916492890536,0.028021353499426777,30
Salesforce_codegen2-16B,R2,dcpl_gate_lr,2,0.31110073153300566,0.09191116789370864,0.11049945895288898,30
Salesforce_codegen2-16B,R2,dcpl_gate_nn,2,0.2981796720244283,0.09619558572059647,0.10988319804519175,30
Salesforce_codegen2-16B,R2,dcpl_gate_rf,4,0.2014253141847467,0.13396943008844506,0.13434393981931916,30
Salesforce_codegen2-16B,R2,dcpl_gate_ridge,1,0.31156898621293855,0.09209883601144128,0.11049991132355069,30
Salesforce_codegen2-16B,MAE,DaL,7,143.1969419538991,12.091245900659743,9.670285699755652,29
Salesforce_codegen2-16B,MAE,llm_pilot,4,116.0922116087376,6.545886265705628,8.50441665188606,30
Salesforce_codegen2-16B,MAE,lr,4,141.0159639037107,5.812157451432021,8.840093801158815,30
Salesforce_codegen2-16B,MAE,nn,2,125.1549507848291,6.160502255047245,8.196614945628482,30
Salesforce_codegen2-16B,MAE,rf,5,121.76003912738929,6.203105063645548,9.420728538298064,30
Salesforce_codegen2-16B,MAE,ridge,5,141.00191145372702,5.812706821690898,8.838279319064071,30
Salesforce_codegen2-16B,MAE,dcpl_gate_lr,5,126.25207058666054,7.486505290986237,10.181869316955684,30
Salesforce_codegen2-16B,MAE,dcpl_gate_nn,1,123.79505777813087,9.35262361389209,10.517668508962316,30
Salesforce_codegen2-16B,MAE,dcpl_gate_rf,6,134.0361367140357,7.371384217123086,11.825085453382172,30
Salesforce_codegen2-16B,MAE,dcpl_gate_ridge,3,125.99809208290824,6.986029280559624,10.157208206901515,30
Salesforce_codegen2-16B,RMSE,DaL,4,383.60937467717054,11.487678756075262,18.87897821196094,29
Salesforce_codegen2-16B,RMSE,llm_pilot,2,316.9840865536557,37.036121764871,59.57283729879566,30
Salesforce_codegen2-16B,RMSE,lr,2,347.8567779885222,38.52402095987748,41.08067310654087,30
Salesforce_codegen2-16B,RMSE,nn,2,330.90318940826506,30.764366915318416,29.294584946910845,30
Salesforce_codegen2-16B,RMSE,rf,3,333.373376175894,34.890646821600534,56.999112505044536,30
Salesforce_codegen2-16B,RMSE,ridge,3,347.85557554025974,38.52796981796161,41.08653769495538,30
Salesforce_codegen2-16B,RMSE,dcpl_gate_lr,3,329.3442761433855,35.457309268430656,55.95433880610085,30
Salesforce_codegen2-16B,RMSE,dcpl_gate_nn,3,332.9418127154071,41.43883933253384,60.31680091764662,30
Salesforce_codegen2-16B,RMSE,dcpl_gate_rf,3,353.8152289639796,36.95516209495041,49.85856521250565,30
Salesforce_codegen2-16B,RMSE,dcpl_gate_ridge,1,329.2303290467489,35.4961968867883,55.95885816595205,30
Salesforce_codegen2-16B,MRE,DaL,7,880.8689730818779,269.2364180531625,102.72930152952983,29
Salesforce_codegen2-16B,MRE,llm_pilot,2,385.1345520209748,27.807174103765703,46.55046880791451,30
Salesforce_codegen2-16B,MRE,lr,2,549.4613494644256,54.973229733428745,50.04118785069659,30
Salesforce_codegen2-16B,MRE,nn,1,396.7409240269135,71.49312823684463,91.24944020424749,30
Salesforce_codegen2-16B,MRE,rf,1,287.37548537655687,21.855211110404106,35.28615658512831,30
Salesforce_codegen2-16B,MRE,ridge,1,549.1252326980778,54.94089141533881,50.03661360517617,30
Salesforce_codegen2-16B,MRE,dcpl_gate_lr,6,668.0068627672227,98.90566730783269,81.70458860780604,30
Salesforce_codegen2-16B,MRE,dcpl_gate_nn,4,558.81433883036,226.7152729874526,156.58220606418058,30
Salesforce_codegen2-16B,MRE,dcpl_gate_rf,3,482.60955155194625,52.205753094369875,54.05627558435964,30
Salesforce_codegen2-16B,MRE,dcpl_gate_ridge,5,664.1946555486612,96.36309410179219,73.70886062287002,30
bigcode_starcoder,R2,DaL,7,0.12912099602504384,0.1797631718288862,0.014055190742013168,30
bigcode_starcoder,R2,llm_pilot,7,0.4892053739711693,0.014842483273273468,0.020960604580000042,30
bigcode_starcoder,R2,lr,7,0.3173514203205377,0.006543944914018697,0.007773777887644384,30
bigcode_starcoder,R2,nn,5,0.45269983265895597,0.01844412832940987,0.016372494237251012,30
bigcode_starcoder,R2,rf,3,0.6218901737582873,0.018310176625134143,0.028312394421355802,30
bigcode_starcoder,R2,ridge,6,0.31735142602690397,0.006543893443473355,0.007773625631866676,30
bigcode_starcoder,R2,dcpl_gate_lr,2,0.6314661257481825,0.015012264207921244,0.019121328406892735,30
bigcode_starcoder,R2,dcpl_gate_nn,4,0.6344625227684653,0.01605336260894771,0.023921691833696967,30
bigcode_starcoder,R2,dcpl_gate_rf,4,0.6072876823310291,0.02187034282116771,0.02757626731924856,30
bigcode_starcoder,R2,dcpl_gate_ridge,1,0.6314661280106669,0.015012266601178565,0.0191213451889245,30
bigcode_starcoder,MAE,DaL,8,223.98737926171518,20.125406184038933,13.789318000207771,30
bigcode_starcoder,MAE,llm_pilot,6,157.19366762946476,2.0941402465309116,2.8775726264491936,30
bigcode_starcoder,MAE,lr,6,204.53118826135218,1.6420939633716896,2.1396727751815376,30
bigcode_starcoder,MAE,nn,5,162.89419037589823,3.4576937325574733,5.418484731975724,30
bigcode_starcoder,MAE,rf,2,130.17824782879603,1.692670673143255,1.4793469565844362,30
bigcode_starcoder,MAE,ridge,7,204.53029876622224,1.6421009263420825,2.1396688522401917,30
bigcode_starcoder,MAE,dcpl_gate_lr,1,130.76029289038888,1.6666989895513797,2.20416170043697,30
bigcode_starcoder,MAE,dcpl_gate_nn,1,128.6969998471381,2.2432096328201023,1.465465942377051,30
bigcode_starcoder,MAE,dcpl_gate_rf,4,132.09505780372592,2.0161055651611908,3.2493910623729505,30
bigcode_starcoder,MAE,dcpl_gate_ridge,3,130.76029028463043,1.666681565164226,2.2040614894674775,30
bigcode_starcoder,RMSE,DaL,7,574.859413413188,50.059811821837364,5.194605041082127,30
bigcode_starcoder,RMSE,llm_pilot,5,440.9492016390956,10.11954582156485,7.975708426109122,30
bigcode_starcoder,RMSE,lr,5,509.8857528503034,13.12334183034871,12.858554365985412,30
bigcode_starcoder,RMSE,nn,4,456.4423248104369,12.169216949002356,12.25582598559231,30
bigcode_starcoder,RMSE,rf,3,379.2949357681725,10.919628637180445,11.171613471351918,30
bigcode_starcoder,RMSE,ridge,6,509.8857523682875,13.123398318472224,12.858653870453338,30
bigcode_starcoder,RMSE,dcpl_gate_lr,1,374.5218343884975,10.753889058357037,7.543210003622562,30
bigcode_starcoder,RMSE,dcpl_gate_nn,2,372.9692657085353,10.652039950680617,9.045868187361805,30
bigcode_starcoder,RMSE,dcpl_gate_rf,2,386.5321243306277,13.0055514800565,16.35328339748446,30
bigcode_starcoder,RMSE,dcpl_gate_ridge,2,374.5218332035278,10.753889658856108,7.5432072903061,30
bigcode_starcoder,MRE,DaL,8,341.05485351881106,47.022981582937796,60.58641189271174,30
bigcode_starcoder,MRE,llm_pilot,7,147.1316136624792,3.678780444625113,3.241316987004211,30
bigcode_starcoder,MRE,lr,7,255.3361101646141,4.357925820333592,4.25655892712706,30
bigcode_starcoder,MRE,nn,5,126.15011132244929,6.359141381750325,5.884671613104842,30
bigcode_starcoder,MRE,rf,1,101.69433643903875,1.4458516557946521,1.6448510618823065,30
bigcode_starcoder,MRE,ridge,6,255.3332028636146,4.35787187808404,4.256452142759656,30
bigcode_starcoder,MRE,dcpl_gate_lr,6,112.36104360186137,2.5290992603880325,3.4996862134009916,30
bigcode_starcoder,MRE,dcpl_gate_nn,3,107.15822259323372,7.824681784009798,8.014811361400206,30
bigcode_starcoder,MRE,dcpl_gate_rf,2,103.13155061572213,1.676588297131276,1.661697499763335,30
bigcode_starcoder,MRE,dcpl_gate_ridge,4,112.36105307705586,2.5290391920897943,3.499143527802673,30
bigscience_mt0-xxl,R2,DaL,7,0.10584515457676567,0.05466217164081249,0.03614647600112497,28
bigscience_mt0-xxl,R2,llm_pilot,1,0.44230336879942445,0.055565867626714706,0.04075118157816876,30
bigscience_mt0-xxl,R2,lr,5,0.2774145621341339,0.02452416076471206,0.03638580472479058,30
bigscience_mt0-xxl,R2,nn,5,0.380366024409012,0.0684525039725831,0.11655847447329909,30
bigscience_mt0-xxl,R2,rf,5,0.3347491833894614,0.08970930297423362,0.09273934232771158,30
bigscience_mt0-xxl,R2,ridge,6,0.27741695163185814,0.024517425030770056,0.03637613665303285,30
bigscience_mt0-xxl,R2,dcpl_gate_lr,3,0.3892789587631111,0.04926953516854925,0.049033480734511914,30
bigscience_mt0-xxl,R2,dcpl_gate_nn,4,0.39988735265376324,0.05228680627752837,0.03971219865459247,30
bigscience_mt0-xxl,R2,dcpl_gate_rf,4,0.3546515754810313,0.06672408106214388,0.09065846088308543,30
bigscience_mt0-xxl,R2,dcpl_gate_ridge,2,0.38927938085068414,0.04926942710802152,0.04903221210864245,30
bigscience_mt0-xxl,MAE,DaL,6,221.3983140577138,12.615036152277593,9.800578148887439,28
bigscience_mt0-xxl,MAE,llm_pilot,5,158.11557123141034,7.436218526228763,10.209931576311163,30
bigscience_mt0-xxl,MAE,lr,5,197.23134400200726,7.093178939646735,11.51354288093873,30
bigscience_mt0-xxl,MAE,nn,4,175.0674692805739,12.778344606796704,18.184184728229894,30
bigscience_mt0-xxl,MAE,rf,3,164.98954970348424,9.019560576665144,13.805500072952924,30
bigscience_mt0-xxl,MAE,ridge,3,197.2229144264582,7.0933672314510074,11.512644811429055,30
bigscience_mt0-xxl,MAE,dcpl_gate_lr,3,165.13664159750988,8.603425155609875,9.438418147755613,30
bigscience_mt0-xxl,MAE,dcpl_gate_nn,3,161.6300323142445,10.404614040467994,12.902030704779861,30
bigscience_mt0-xxl,MAE,dcpl_gate_rf,1,164.90410029707292,8.972715834476103,13.03977642910786,30
bigscience_mt0-xxl,MAE,dcpl_gate_ridge,2,165.13596990944592,8.602283139102695,9.43747555592168,30
bigscience_mt0-xxl,RMSE,DaL,6,502.53139240133635,11.630607156173168,10.046377271216727,28
bigscience_mt0-xxl,RMSE,llm_pilot,3,391.8992857716421,34.16729037216141,34.70613448405925,30
bigscience_mt0-xxl,RMSE,lr,3,447.15256424940645,40.770959303119476,44.99745797070591,30
bigscience_mt0-xxl,RMSE,nn,2,413.14044012823723,39.42960749101469,63.1619883501088,30
bigscience_mt0-xxl,RMSE,rf,5,427.47628624091726,39.78138919906589,58.1193090199551,30
bigscience_mt0-xxl,RMSE,ridge,4,447.15211286114396,40.773368835192976,45.001334978146986,30
bigscience_mt0-xxl,RMSE,dcpl_gate_lr,4,410.72757629566735,39.232761766743124,41.902714218472056,30
bigscience_mt0-xxl,RMSE,dcpl_gate_nn,4,406.92941216245595,37.51071258354926,32.14974895288378,30
bigscience_mt0-xxl,RMSE,dcpl_gate_rf,4,421.7867090866277,40.2297561985757,57.991367958282865,30
bigscience_mt0-xxl,RMSE,dcpl_gate_ridge,1,410.7274315037426,39.23269735825754,41.902164822101554,30
bigscience_mt0-xxl,MRE,DaL,7,538.1291889892904,130.93610410636688,51.35238056719436,28
bigscience_mt0-xxl,MRE,llm_pilot,4,217.35467658525653,8.590254195265457,13.730317226375263,30
bigscience_mt0-xxl,MRE,lr,4,289.3321932686653,18.683664164969695,27.183491751105123,30
bigscience_mt0-xxl,MRE,nn,1,231.9792441214826,63.56348205204429,77.46282188622368,30
bigscience_mt0-xxl,MRE,rf,1,189.20202295882976,12.518278291559305,18.562328883134,30
bigscience_mt0-xxl,MRE,ridge,6,289.2838627780785,18.677747701790043,27.170395322418813,30
bigscience_mt0-xxl,MRE,dcpl_gate_lr,6,266.75126237706263,27.077633676734365,23.402703628016013,30
bigscience_mt0-xxl,MRE,dcpl_gate_nn,3,236.92392004087736,47.03351083872362,47.138731183297296,30
bigscience_mt0-xxl,MRE,dcpl_gate_rf,2,222.53010985543878,15.738544604846433,21.242951517719035,30
bigscience_mt0-xxl,MRE,dcpl_gate_ridge,5,266.7474247919221,27.07079116192958,23.40007946741349,30
google_flan-t5-xl,R2,DaL,8,0.13498578721446253,0.032905600842071975,0.024504452494844536,30
google_flan-t5-xl,R2,llm_pilot,6,0.4966545772262733,0.0233600868538761,0.02883981289590226,30
google_flan-t5-xl,R2,lr,6,0.2924092854841396,0.006583724459332355,0.011136638392603093,30
google_flan-t5-xl,R2,nn,5,0.4550616288285963,0.021345170556591787,0.028609147604527096,30
google_flan-t5-xl,R2,rf,4,0.6485849624173905,0.021611615282576237,0.036212864599878714,30
google_flan-t5-xl,R2,ridge,7,0.29240930939250603,0.00658375430788267,0.011137205360276958,30
google_flan-t5-xl,R2,dcpl_gate_lr,2,0.6582130146068568,0.015512967198752699,0.021481009712965515,30
google_flan-t5-xl,R2,dcpl_gate_nn,3,0.6635559199071911,0.015509386121528999,0.021094670800532955,30
google_flan-t5-xl,R2,dcpl_gate_rf,3,0.6383407948080015,0.01839063311536739,0.02947000305735159,30
google_flan-t5-xl,R2,dcpl_gate_ridge,1,0.6582130160421494,0.015512968139754717,0.02148100942702913,30
google_flan-t5-xl,MAE,DaL,7,154.2757321235739,11.109560260900023,13.049853627540472,30
google_flan-t5-xl,MAE,llm_pilot,6,108.00898266528687,1.4265971011800276,1.8670101413294589,30
google_flan-t5-xl,MAE,lr,6,141.42877700723247,1.2723176448649165,2.0332179707549756,30
google_flan-t5-xl,MAE,nn,5,111.04561968780773,3.066589747108009,3.0514659932825907,30
google_flan-t5-xl,MAE,rf,1,85.30217751700694,1.1043320727100692,1.0754830114537128,30
google_flan-t5-xl,MAE,ridge,4,141.4281299861919,1.272322268879281,2.033232899672754,30
google_flan-t5-xl,MAE,dcpl_gate_lr,4,85.77976519389864,1.0319878696694815,1.1594415944028782,30
google_flan-t5-xl,MAE,dcpl_gate_nn,4,84.62622744963512,1.9518260422861051,2.7252831418606434,30
google_flan-t5-xl,MAE,dcpl_gate_rf,3,85.85766359058333,1.017961164488447,1.158340744146571,30
google_flan-t5-xl,MAE,dcpl_gate_ridge,2,85.77976057377317,1.0319874107537221,1.1594752636539312,30
google_flan-t5-xl,RMSE,DaL,8,405.14806884231274,7.208022739777011,6.2943724828458585,30
google_flan-t5-xl,RMSE,llm_pilot,6,308.32943210062433,11.065757024558888,14.860280379450785,30
google_flan-t5-xl,RMSE,lr,6,365.78982726494553,14.184205889953033,18.241995917978272,30
google_flan-t5-xl,RMSE,nn,5,320.857400968288,11.429684775432063,16.368462271278304,30
google_flan-t5-xl,RMSE,rf,4,257.4813450581781,8.119765257846838,8.04575776554762,30
google_flan-t5-xl,RMSE,ridge,7,365.789822737301,14.18425147624074,18.242107312428345,30
google_flan-t5-xl,RMSE,dcpl_gate_lr,2,254.0395095800997,8.013156470061192,10.81034083672614,30
google_flan-t5-xl,RMSE,dcpl_gate_nn,3,252.0429142298439,8.023997316162797,11.261775545541525,30
google_flan-t5-xl,RMSE,dcpl_gate_rf,3,261.3094263175125,8.98653533980829,13.307244002150725,30
google_flan-t5-xl,RMSE,dcpl_gate_ridge,1,254.0395090292672,8.013156435212919,10.810343487041138,30
google_flan-t5-xl,MRE,DaL,8,585.4423682782069,103.99056216949798,147.946649853076,30
google_flan-t5-xl,MRE,llm_pilot,6,203.06628253134488,10.52644819942133,11.585367910934451,30
google_flan-t5-xl,MRE,lr,6,389.621904395419,8.681117539674126,9.758867660290036,30
google_flan-t5-xl,MRE,nn,5,155.43213497984007,10.943698080255139,13.89850378035527,30
google_flan-t5-xl,MRE,rf,1,127.61539189215729,1.846028762759344,2.9213511294384773,30
google_flan-t5-xl,MRE,ridge,7,389.6153197535937,8.680940165468307,9.758769283112429,30
google_flan-t5-xl,MRE,dcpl_gate_lr,4,132.57453155441127,2.7004374751622717,2.8304779066554033,30
google_flan-t5-xl,MRE,dcpl_gate_nn,4,137.6935859022984,18.33034210274904,23.21197629138088,30
google_flan-t5-xl,MRE,dcpl_gate_rf,2,128.86908830375813,1.8840005225323018,2.6971330388977464,30
google_flan-t5-xl,MRE,dcpl_gate_ridge,3,132.57448916642048,2.7003812108095446,2.8303592124394186,30
google_flan-t5-xxl,R2,DaL,5,0.12464635356568256,0.05887020245162987,0.05670562109888733,30
google_flan-t5-xxl,R2,llm_pilot,5,0.49249886092967476,0.027706655904679935,0.03474174075781855,30
google_flan-t5-xxl,R2,lr,5,0.29172139726132335,0.010853543720233306,0.010743047786593074,30
google_flan-t5-xxl,R2,nn,4,0.43718754929003834,0.025542050278484357,0.035820628808704846,30
google_flan-t5-xxl,R2,rf,4,0.6339536959384634,0.032677991174428746,0.039236707309646346,30
google_flan-t5-xxl,R2,ridge,6,0.2917212892189755,0.010853534835126508,0.010742937977664457,30
google_flan-t5-xxl,R2,dcpl_gate_lr,2,0.6527502909702584,0.021836236900750355,0.027163221220103173,30
google_flan-t5-xxl,R2,dcpl_gate_nn,3,0.6546116509567063,0.020736555036601118,0.02592219703474874,30
google_flan-t5-xxl,R2,dcpl_gate_rf,3,0.6338736882011811,0.02812498424984527,0.03659903294641653,30
google_flan-t5-xxl,R2,dcpl_gate_ridge,1,0.652750294381967,0.02183623496299909,0.02716321176327119,30
google_flan-t5-xxl,MAE,DaL,7,148.88372086063478,9.375547493968938,12.6930613734269,30
google_flan-t5-xxl,MAE,llm_pilot,6,104.69283743395908,1.7743048136792006,2.6036174608615,30
google_flan-t5-xxl,MAE,lr,6,135.5208876556663,1.4766957447761462,2.775594471865304,30
google_flan-t5-xxl,MAE,nn,5,109.56893245389504,3.1396408924538193,5.182232879437493,30
google_flan-t5-xxl,MAE,rf,3,83.66716545950626,1.2601135511706492,1.1975387489066094,30
google_flan-t5-xxl,MAE,ridge,4,135.51982164718336,1.4766970914143243,2.775573481969815,30
google_flan-t5-xxl,MAE,dcpl_gate_lr,4,83.40150248789385,1.443631933723154,2.5021235799430883,30
google_flan-t5-xxl,MAE,dcpl_gate_nn,4,81.06252895734376,1.901801611671086,2.435286154438913,30
google_flan-t5-xxl,MAE,dcpl_gate_rf,1,82.94120230082531,1.444494318358571,1.7311180030595636,30
google_flan-t5-xxl,MAE,dcpl_gate_ridge,2,83.40150414732297,1.4436234017157257,2.5021270871790335,30
google_flan-t5-xxl,RMSE,DaL,6,379.53763110012676,12.435408945457604,10.89969596530949,30
google_flan-t5-xxl,RMSE,llm_pilot,5,292.5865984642143,13.16176828664949,15.81244422906525,30
google_flan-t5-xxl,RMSE,lr,5,345.8777580602806,15.278201248450983,18.54915007718506,30
google_flan-t5-xxl,RMSE,nn,4,308.1679415560978,13.42188504154991,17.315763317369885,30
google_flan-t5-xxl,RMSE,rf,2,248.1160086723626,9.389701900737661,13.126689190268877,30
google_flan-t5-xxl,RMSE,ridge,3,345.8777878875352,15.278279510898615,18.549142828461754,30
google_flan-t5-xxl,RMSE,dcpl_gate_lr,3,241.93477817914282,10.334219717507075,14.995274906962436,30
google_flan-t5-xxl,RMSE,dcpl_gate_nn,1,241.29671332993442,10.090917277525937,12.236628838587734,30
google_flan-t5-xxl,RMSE,dcpl_gate_rf,1,248.29231708325062,10.346231933979682,13.813997211733408,30
google_flan-t5-xxl,RMSE,dcpl_gate_ridge,1,241.93477700591708,10.334219165674062,14.995267380026633,30
google_flan-t5-xxl,MRE,DaL,6,698.4386547162129,119.1057992298601,180.21075227756398,30
google_flan-t5-xxl,MRE,llm_pilot,5,221.60410355886154,9.13954624114687,6.964149078622654,30
google_flan-t5-xxl,MRE,lr,5,436.397404661811,11.231719181943191,18.03672068229696,30
google_flan-t5-xxl,MRE,nn,3,180.4197732469948,12.511230976495717,15.19877385602905,30
google_flan-t5-xxl,MRE,rf,1,143.4713649192765,3.26960852523013,4.077232790008452,30
google_flan-t5-xxl,MRE,ridge,4,436.3835559421356,11.231329491144534,18.03617073818276,30
google_flan-t5-xxl,MRE,dcpl_gate_lr,4,168.63093737595784,4.494025497288833,5.4363737832842105,30
google_flan-t5-xxl,MRE,dcpl_gate_nn,2,146.11805791522545,22.213705352879845,24.30838531629982,30
google_flan-t5-xxl,MRE,dcpl_gate_rf,2,143.85514865217556,3.1648538853599555,5.270797451279492,30
google_flan-t5-xxl,MRE,dcpl_gate_ridge,2,168.63095757769935,4.493898111491649,5.435903159943194,30
google_flan-ul2,R2,DaL,6,0.14086246398792646,0.03590197625276921,0.029097730499621083,30
google_flan-ul2,R2,llm_pilot,6,0.5034086365452983,0.042424542679251546,0.05944803722882486,30
google_flan-ul2,R2,lr,6,0.29776594649155985,0.012048233854602191,0.017984208363912735,30
google_flan-ul2,R2,nn,5,0.4358679522768266,0.02753071987075097,0.0466290398063558,30
google_flan-ul2,R2,rf,3,0.6149212097637856,0.07044112796968371,0.055520637395641836,30
google_flan-ul2,R2,ridge,7,0.2977663192390807,0.012048084920206453,0.017985390810756563,30
google_flan-ul2,R2,dcpl_gate_lr,2,0.6357740464932671,0.052824981193677865,0.049693106052711156,30
google_flan-ul2,R2,dcpl_gate_nn,4,0.6347247303633176,0.04998573525486238,0.05134644015952006,30
google_flan-ul2,R2,dcpl_gate_rf,4,0.5917524873960522,0.05489049819136423,0.05488657843408218,30
google_flan-ul2,R2,dcpl_gate_ridge,1,0.6357740602177169,0.05282498241366898,0.04969310905473756,30
google_flan-ul2,MAE,DaL,8,134.08570429386432,8.138406257468866,11.404345755986867,30
google_flan-ul2,MAE,llm_pilot,6,94.12393065010022,1.891434238943427,1.6921068598933005,30
google_flan-ul2,MAE,lr,6,122.86454192358,1.9248532885780565,2.6548979212888923,30
google_flan-ul2,MAE,nn,5,99.26224319474584,2.933001862041352,3.6342514162703594,30
google_flan-ul2,MAE,rf,1,78.20820852273037,1.8808781332245335,2.6729692179511773,30
google_flan-ul2,MAE,ridge,7,122.86271922120278,1.9248637117473208,2.654924821709102,30
google_flan-ul2,MAE,dcpl_gate_lr,2,78.75654486124272,1.7213364987910735,2.308272543575086,30
google_flan-ul2,MAE,dcpl_gate_nn,2,77.74757555400261,2.2655834971152355,3.4062791712577933,30
google_flan-ul2,MAE,dcpl_gate_rf,4,80.38951342377771,1.6767936760506974,2.4803118717459967,30
google_flan-ul2,MAE,dcpl_gate_ridge,3,78.75650050394597,1.7213179343371445,2.308220243782955,30
google_flan-ul2,RMSE,DaL,7,354.27620270228346,6.4296946096942245,4.477341251849339,30
google_flan-ul2,RMSE,llm_pilot,5,263.119488392222,13.696655889924811,14.470635366486022,30
google_flan-ul2,RMSE,lr,5,313.3855018177334,15.661106427631758,20.4108194796583,30
google_flan-ul2,RMSE,nn,4,280.6796844133235,12.668828268225303,13.200679350543282,30
google_flan-ul2,RMSE,rf,3,230.86029284095733,18.033839747873344,17.564094637720984,30
google_flan-ul2,RMSE,ridge,6,313.3854271891329,15.661267117901339,20.410978698955375,30
google_flan-ul2,RMSE,dcpl_gate_lr,1,224.91401045422916,15.148309789182743,16.08139701529413,30
google_flan-ul2,RMSE,dcpl_gate_nn,2,225.3089038182261,14.983023532259404,13.579900251205714,30
google_flan-ul2,RMSE,dcpl_gate_rf,2,238.16739805612806,14.708645749087951,17.271463667042667,30
google_flan-ul2,RMSE,dcpl_gate_ridge,2,224.91400620343202,15.148311275135207,16.081390933818028,30
google_flan-ul2,MRE,DaL,8,535.6953831555985,81.25231290553934,113.43121647978688,30
google_flan-ul2,MRE,llm_pilot,7,202.38000543927492,10.932998887458215,12.985942679426103,30
google_flan-ul2,MRE,lr,7,347.10262073601825,12.196538462816724,13.439074834631413,30
google_flan-ul2,MRE,nn,3,164.18540994615117,9.87602304626971,17.69759366338232,30
google_flan-ul2,MRE,rf,6,138.25081066923258,3.096206368206837,2.4604780758555194,30
google_flan-ul2,MRE,ridge,6,347.0848826187599,12.195784091039656,13.43816852457195,30
google_flan-ul2,MRE,dcpl_gate_lr,5,167.80363963443924,5.61757017510527,8.23192612622961,30
google_flan-ul2,MRE,dcpl_gate_nn,2,154.17512755645916,27.554489219239848,43.358183112703216,30
google_flan-ul2,MRE,dcpl_gate_rf,1,145.3158615785764,3.58605158802038,3.7785967314815707,30
google_flan-ul2,MRE,dcpl_gate_ridge,4,167.802899806851,5.616437118553465,8.233123015667275,30
ibm_mpt-7b-instruct2,R2,DaL,7,0.108567446313196,0.04504983332411714,0.047415915468748265,30
ibm_mpt-7b-instruct2,R2,llm_pilot,4,0.43979181020953,0.039007945886672404,0.0608238920460058,30
ibm_mpt-7b-instruct2,R2,lr,5,0.2833282070174376,0.019497094116496902,0.02239513463292586,30
ibm_mpt-7b-instruct2,R2,nn,5,0.4007031255994222,0.05167209410080625,0.05391513020962263,30
ibm_mpt-7b-instruct2,R2,rf,5,0.3228699487503296,0.07900612400669028,0.07825056396117541,30
ibm_mpt-7b-instruct2,R2,ridge,6,0.283329008553086,0.019495367482164475,0.022390472242010906,30
ibm_mpt-7b-instruct2,R2,dcpl_gate_lr,3,0.4400210589136348,0.038616625658596644,0.05506892180935247,30
ibm_mpt-7b-instruct2,R2,dcpl_gate_nn,1,0.4681485891981413,0.04130237687341735,0.07061556608183356,30
ibm_mpt-7b-instruct2,R2,dcpl_gate_rf,1,0.4579899965912739,0.04090777017743302,0.04009777137660675,30
ibm_mpt-7b-instruct2,R2,dcpl_gate_ridge,2,0.4400211653442167,0.03861674166900102,0.05506892823921844,30
ibm_mpt-7b-instruct2,MAE,DaL,7,295.45893011460765,32.765703079815616,56.66722765155055,30
ibm_mpt-7b-instruct2,MAE,llm_pilot,5,208.75158371899104,8.010471669485723,10.744195709940584,30
ibm_mpt-7b-instruct2,MAE,lr,5,267.3771797821598,5.939157798901672,8.784565030293493,30
ibm_mpt-7b-instruct2,MAE,nn,4,224.06849851612415,14.670364494953942,14.991498329971336,30
ibm_mpt-7b-instruct2,MAE,rf,3,212.35967015848095,9.18198971357899,14.3675340445362,30
ibm_mpt-7b-instruct2,MAE,ridge,6,267.36960409278964,5.939342982865834,8.78460347641726,30
ibm_mpt-7b-instruct2,MAE,dcpl_gate_lr,1,203.70700496971205,8.559405447085252,14.703199856799415,30
ibm_mpt-7b-instruct2,MAE,dcpl_gate_nn,1,194.58833531886157,10.080441225401787,12.226410112064173,30
ibm_mpt-7b-instruct2,MAE,dcpl_gate_rf,2,195.49325561632682,7.561589876511717,11.158541185415089,30
ibm_mpt-7b-instruct2,MAE,dcpl_gate_ridge,2,203.70720886981178,8.559015027513581,14.703069418227216,30
ibm_mpt-7b-instruct2,RMSE,DaL,6,734.7394836168759,14.371170909942935,16.448460422725816,30
ibm_mpt-7b-instruct2,RMSE,llm_pilot,4,571.3634784822714,37.45495672117653,50.90711037879157,30
ibm_mpt-7b-instruct2,RMSE,lr,4,646.6830718113921,38.354024146962054,67.4922701227299,30
ibm_mpt-7b-instruct2,RMSE,nn,2,591.170444426163,46.348482144064654,75.9108777866843,30
ibm_mpt-7b-instruct2,RMSE,rf,5,626.9692948326541,43.667968331601976,66.04913594418849,30
ibm_mpt-7b-instruct2,RMSE,ridge,3,646.6828003149068,38.35517443363711,67.4957762936682,30
ibm_mpt-7b-instruct2,RMSE,dcpl_gate_lr,3,571.2244054553393,36.44435495310468,49.90007538373459,30
ibm_mpt-7b-instruct2,RMSE,dcpl_gate_nn,3,556.5279774816576,35.9048499289209,49.02617571865426,30
ibm_mpt-7b-instruct2,RMSE,dcpl_gate_rf,1,561.903419085191,37.50272059024395,43.16734449954629,30
ibm_mpt-7b-instruct2,RMSE,dcpl_gate_ridge,1,571.2243465025362,36.444353275334606,49.900063584539,30
ibm_mpt-7b-instruct2,MRE,DaL,7,1119.0963023795582,442.280784996264,804.5049097936103,30
ibm_mpt-7b-instruct2,MRE,llm_pilot,5,350.83684323856875,22.6492818428557,35.176222311067306,30
ibm_mpt-7b-instruct2,MRE,lr,5,707.7474764119677,33.34574229135423,51.48184826033389,30
ibm_mpt-7b-instruct2,MRE,nn,1,298.88448378595626,83.71783701338967,31.475647717677134,30
ibm_mpt-7b-instruct2,MRE,rf,1,250.172017639336,8.54107792673808,7.630680662441932,30
ibm_mpt-7b-instruct2,MRE,ridge,6,707.631763617219,33.34096302791762,51.47278350583372,30
ibm_mpt-7b-instruct2,MRE,dcpl_gate_lr,3,476.88789116042346,36.17793589354488,31.179538342177636,30
ibm_mpt-7b-instruct2,MRE,dcpl_gate_nn,2,322.86739672417644,65.46959220865597,79.04737639166586,30
ibm_mpt-7b-instruct2,MRE,dcpl_gate_rf,2,298.6972511249266,15.724784406051993,21.739463553442192,30
ibm_mpt-7b-instruct2,MRE,dcpl_gate_ridge,4,476.8896353791384,36.17189539780286,31.176197705958316,30
llama-13b,R2,DaL,8,0.15932312411751295,0.040579173764125995,0.022413639430125087,30
llama-13b,R2,llm_pilot,6,0.4848358322471761,0.016704221639452912,0.01828200338201147,30
llama-13b,R2,lr,6,0.3148549474927214,0.007120913838474308,0.007987145855540445,30
llama-13b,R2,nn,5,0.4513205379662341,0.016264022666278303,0.021752479870605246,30
llama-13b,R2,rf,4,0.6197626710067164,0.02058207456882425,0.03654188445021933,30
llama-13b,R2,ridge,7,0.31485492033129836,0.007120900251205047,0.007987250855387762,30
llama-13b,R2,dcpl_gate_lr,2,0.6301497413875826,0.016191323900518296,0.018613681049655217,30
llama-13b,R2,dcpl_gate_nn,3,0.6352018668925242,0.016668212374070433,0.02191734998954864,30
llama-13b,R2,dcpl_gate_rf,3,0.6107365042528241,0.02092402465212218,0.03322480153180385,30
llama-13b,R2,dcpl_gate_ridge,1,0.6301497468435816,0.016191320896987424,0.01861367930472768,30
llama-13b,MAE,DaL,7,230.6411267002156,13.296424995895695,19.77959351826172,30
llama-13b,MAE,llm_pilot,6,161.895392713603,2.095687845733633,2.4615812282338823,30
llama-13b,MAE,lr,6,210.83258144906497,2.1160579975535954,2.7715831305236236,30
llama-13b,MAE,nn,5,167.91593728361985,4.95061617654847,7.4395057214768485,30
llama-13b,MAE,rf,1,133.81827134836487,2.038083066270996,3.1264291145089373,30
llama-13b,MAE,ridge,4,210.83150851654244,2.1160679529019104,2.77155203690009,30
llama-13b,MAE,dcpl_gate_lr,4,134.25089914952443,2.023088849678139,2.527709744749103,30
llama-13b,MAE,dcpl_gate_nn,4,131.03300982736314,2.725238812012044,3.772441430574787,30
llama-13b,MAE,dcpl_gate_rf,3,134.48812038512406,2.4510392888838486,2.789687538114947,30
llama-13b,MAE,dcpl_gate_ridge,2,134.25086611042127,2.0231071309957818,2.5277240038865614,30
llama-13b,RMSE,DaL,7,581.7714713870961,13.545443146549001,8.215980794905704,30
llama-13b,RMSE,llm_pilot,5,458.96759676783586,15.401346980313868,19.281584809063645,30
llama-13b,RMSE,lr,5,529.4716195982162,19.22883463157203,21.17374977034683,30
llama-13b,RMSE,nn,4,473.731608134948,17.358764786490973,17.252395505217862,30
llama-13b,RMSE,rf,3,394.0767058624605,11.696916999491432,16.606663267562055,30
llama-13b,RMSE,ridge,6,529.4716330061152,19.228915030053088,21.17383340170022,30
llama-13b,RMSE,dcpl_gate_lr,1,388.81271505145014,13.27936062275669,18.056792229935127,30
llama-13b,RMSE,dcpl_gate_nn,2,386.1757215795855,14.48581090939905,18.05343091465579,30
llama-13b,RMSE,dcpl_gate_rf,2,398.8126575459407,14.330260245582771,19.216800673466253,30
llama-13b,RMSE,dcpl_gate_ridge,2,388.8127122206037,13.279359836073041,18.05677789562833,30
llama-13b,MRE,DaL,8,447.7111336847716,66.04852457551615,104.97044232171066,30
llama-13b,MRE,llm_pilot,7,171.63486633549036,4.375319736644257,5.850095958920747,30
llama-13b,MRE,lr,7,312.4168904624965,6.317335363943245,9.828243691053899,30
llama-13b,MRE,nn,5,144.14179835094654,12.263487754116523,15.288798961866178,30
llama-13b,MRE,rf,1,117.32560399534312,1.4791480662069696,1.781313524183986,30
llama-13b,MRE,ridge,6,312.41226520572405,6.317227628502022,9.828063517887358,30
llama-13b,MRE,dcpl_gate_lr,6,133.5600437860828,3.203757698806759,3.033163984405064,30
llama-13b,MRE,dcpl_gate_nn,3,122.47349025573554,14.904801186794707,22.27979828111995,30
llama-13b,MRE,dcpl_gate_rf,2,117.78855270572721,1.5778143011417494,2.3098475087976453,30
llama-13b,MRE,dcpl_gate_ridge,4,133.55992269802704,3.203549706054296,3.0332691565973278,30
llama-7b,R2,DaL,8,0.15125778231294842,0.025979285043824327,0.028206399519406317,30
llama-7b,R2,llm_pilot,6,0.4800973497383154,0.017747546241656597,0.02332307791176158,30
llama-7b,R2,lr,6,0.3070360836160054,0.005739953925107581,0.007975533225030251,30
llama-7b,R2,nn,5,0.45009794396341557,0.01724874249149831,0.01875481289747455,30
llama-7b,R2,rf,4,0.6440391735827444,0.021310062212610642,0.02763312021924702,30
llama-7b,R2,ridge,7,0.3070360878391628,0.005739933452720622,0.007975387670358824,30
llama-7b,R2,dcpl_gate_lr,2,0.6531793847075521,0.015353674501904476,0.015872911636579112,30
llama-7b,R2,dcpl_gate_nn,3,0.6592196127379385,0.0161957837526794,0.01856161621166541,30
llama-7b,R2,dcpl_gate_rf,3,0.635081953899203,0.018718061896772716,0.019561360916025117,30
llama-7b,R2,dcpl_gate_ridge,1,0.6531793860499586,0.015353674630126107,0.015872911744321483,30
llama-7b,MAE,DaL,7,282.58422499219216,14.90142801828315,21.051054774640647,30
llama-7b,MAE,llm_pilot,6,200.23599773466233,2.0985769441931366,2.9551770764832668,30
llama-7b,MAE,lr,6,262.4111462280455,1.802500342007048,2.628603806694116,30
llama-7b,MAE,nn,4,205.88174907464904,4.043166629633763,5.567925584941747,30
llama-7b,MAE,rf,2,160.79122045549443,1.6568616990580223,2.1341172316374184,30
llama-7b,MAE,ridge,5,262.41021461167276,1.8025058617010428,2.628656772228112,30
llama-7b,MAE,dcpl_gate_lr,5,161.42114048308588,1.6644303393813837,2.400188661302593,30
llama-7b,MAE,dcpl_gate_nn,1,157.40747572187666,2.8563217792283297,2.848998608623816,30
llama-7b,MAE,dcpl_gate_rf,1,161.10240531085756,1.9883976357914386,2.383771258985263,30
llama-7b,MAE,dcpl_gate_ridge,3,161.42114580538438,1.6644280623387258,2.4001883827911,30
llama-7b,RMSE,DaL,8,738.7558352601742,10.981380160820153,11.94961369661155,30
llama-7b,RMSE,llm_pilot,6,578.2695998872402,12.96511058742871,14.40149557807672,30
llama-7b,RMSE,lr,6,667.8642583471388,17.858070031374854,26.25564071940562,30
llama-7b,RMSE,nn,5,594.7445075059502,13.239772327907815,17.91187054828208,30
llama-7b,RMSE,rf,4,478.1894207873891,10.30254363355289,11.728927173830925,30
llama-7b,RMSE,ridge,7,667.8642578883824,17.85812588476041,26.255696073079434,30
llama-7b,RMSE,dcpl_gate_lr,2,472.1887068439325,9.687077265698816,12.533210119275964,30
llama-7b,RMSE,dcpl_gate_nn,3,468.0462623530611,10.631492475436021,11.742355047047965,30
llama-7b,RMSE,dcpl_gate_rf,3,484.2928185944424,10.762107503708588,14.050750348262682,30
llama-7b,RMSE,dcpl_gate_ridge,1,472.1887059261337,9.687077268299943,12.533210324864228,30
llama-7b,MRE,DaL,8,378.0923721725474,54.93320842636561,87.12975552279988,30
llama-7b,MRE,llm_pilot,7,161.30442592882235,3.4836964131388837,3.390835410546458,30
llama-7b,MRE,lr,7,278.95345623177934,3.972112089529373,5.196560463720232,30
llama-7b,MRE,nn,5,136.99013384049692,8.785061437499484,12.594832066588253,30
llama-7b,MRE,rf,2,110.15420509193294,1.0770024750306855,1.3239690827069381,30
llama-7b,MRE,ridge,6,278.95067180209696,3.972062054490349,5.1964788389628325,30
llama-7b,MRE,dcpl_gate_lr,6,118.95308089145705,1.82464687771257,2.4485598069107937,30
llama-7b,MRE,dcpl_gate_nn,3,111.89496749900415,11.194606336538731,14.795389858077598,30
llama-7b,MRE,dcpl_gate_rf,1,109.03258814602964,1.0244121866507065,0.9024369832881689,30
llama-7b,MRE,dcpl_gate_ridge,4,118.95308837551994,1.824614295219422,2.448459182638473,30
